/*******************************************************************************
 * Size: 16 px
 * Bpp: 4
 * Opts: --font SourceHanSansSC-Final.ttf --size 16 --bpp 4 --format lvgl --range 0x2D-0x69,0x2018-0x201D,0x3001-0x300B,0x30FB-0x30FB,0x4E00-0x5AE9,0x5B50-0x5D4C,0x5DCD-0x5E06,0x5E38-0x5E55,0x5E93-0x5EA6,0x5EF6-0x5F02,0x5F3A-0x5F55,0x5FAE-0x5FAE,0x5FD7-0x5FD7,0x6025-0x6025,0x6062-0x6062,0x611F-0x611F,0x622A-0x6237,0x6293-0x62A5,0x62CD-0x6309,0x632F-0x632F,0x6388-0x63A7,0x63D0-0x63D0,0x6478-0x6478,0x64A4-0x64A4,0x64CD-0x64CD,0x653E-0x654F,0x6587-0x6587,0x65CB-0x65F6,0x672C-0x6743,0x6821-0x683C,0x6B65-0x6B65,0x6C14-0x6C34,0x6CE2-0x6CE2,0x6D45-0x6D45,0x6D78-0x6D78,0x6DF1-0x6DF1,0x7075-0x7075,0x70B9-0x70B9,0x70DF-0x70ED,0x71C3-0x71C3,0x7248-0x7248,0x7406-0x7406,0x7528-0x7528,0x754C-0x754C,0x76D8-0x76F8,0x7720-0x7720,0x7801-0x7801,0x78C1-0x78C1,0x793A-0x793A,0x79BB-0x79BB,0x7A97-0x7A97,0x7BA1-0x7BA1,0x7CFB-0x7CFB,0x7D27-0x7D27,0x7EA2-0x7EDF,0x7F29-0x7F29,0x7F51-0x7F6E,0x8054-0x8054,0x8138-0x8138,0x81EA-0x81EA,0x8272-0x8282,0x82F1-0x82F1,0x853D-0x853D,0x89E6-0x8A00,0x8B66-0x8B66,0x8BB0-0x8BBF,0x8BED-0x8C03,0x8F6C-0x8F6C,0x8FDE-0x8FDE,0x9009-0x901A,0x9053-0x9065,0x914D-0x914D,0x91CD-0x91CF,0x9274-0x9274,0x94AE-0x94AE,0x952E-0x952E,0x95E8-0x95F4,0x9632-0x9632,0x9762-0x9762,0x97F3-0x97F3,0x9898-0x9898,0x98CE-0x98CE,0xFF01-0xFF3D --output lv_font_SHSC_16.c
 ******************************************************************************/

#ifdef LV_LVGL_H_INCLUDE_SIMPLE
#include "lvgl.h"
#else
#include "lvgl/lvgl.h"
#endif

#ifndef LV_FONT_SHSC_16
#define LV_FONT_SHSC_16 1
#endif

#if LV_FONT_SHSC_16

/*-----------------
 *    BITMAPS
 *----------------*/

/*Store the image of the glyphs*/
static LV_ATTRIBUTE_LARGE_CONST const uint8_t glyph_bitmap[] = {
    /* U+002D "-" */
    0x4f, 0xfb, 0x13, 0x76, 0xe0,

    /* U+002F "/" */
    0x0, 0xc7, 0xc0, 0x1c, 0x8e, 0x1, 0xd7, 0xa0,
    0x18, 0x49, 0x0, 0x33, 0xa0, 0x7, 0x6f, 0x80,
    0x61, 0x45, 0x0, 0xc8, 0x80, 0xe, 0xfd, 0x0,
    0xe5, 0x70, 0xc, 0x86, 0x20, 0x1b, 0x6c, 0x3,
    0x9d, 0x40, 0x31, 0x98, 0x80, 0x35, 0xa8, 0x7,
    0x75, 0x0, 0x70,

    /* U+0030 "0" */
    0x0, 0x1e, 0x75, 0x90, 0x4, 0x78, 0xba, 0x38,
    0x20, 0xa, 0x39, 0x3a, 0x9, 0x0, 0x35, 0x80,
    0x4e, 0xa0, 0x20, 0x60, 0x17, 0x90, 0x18, 0x38,
    0x4, 0x60, 0x1f, 0xf1, 0x3, 0x0, 0x46, 0x1,
    0x88, 0x2, 0xf2, 0x0, 0x35, 0x80, 0x4f, 0x40,
    0xb, 0x39, 0x3a, 0x6, 0x0, 0x16, 0x2e, 0xe,
    0x8, 0x0,

    /* U+0031 "1" */
    0x4, 0x9f, 0x70, 0xa, 0x14, 0x3, 0xb3, 0x0,
    0x1f, 0xfe, 0x92, 0x33, 0x7, 0x19, 0x5e, 0x60,
    0x1b, 0x3c,

    /* U+0032 "2" */
    0x1, 0x9d, 0xeb, 0x20, 0x0, 0xe1, 0x45, 0x3e,
    0x0, 0x6, 0x2d, 0x53, 0x85, 0x40, 0xa, 0x1,
    0x10, 0x10, 0x7, 0x84, 0x8, 0x3, 0xcc, 0x8,
    0x1, 0xc3, 0x2e, 0x20, 0x1d, 0x47, 0x0, 0x1d,
    0x2b, 0xe0, 0x1d, 0x2d, 0xa4, 0x1, 0xa9, 0xa4,
    0x11, 0x20, 0x45, 0x9, 0xcb, 0xb8, 0x40,

    /* U+0033 "3" */
    0x1, 0x9d, 0xfc, 0x40, 0x6, 0x14, 0x53, 0xd9,
    0x86, 0x5a, 0xaa, 0xc2, 0xc0, 0x40, 0x3b, 0xc0,
    0x31, 0xd9, 0x30, 0x0, 0xbf, 0x1b, 0x4, 0x0,
    0x59, 0x43, 0xe4, 0x1, 0x1a, 0xe1, 0x48, 0x7,
    0x91, 0x41, 0x40, 0x31, 0x92, 0x55, 0x15, 0x29,
    0x25, 0x30, 0x22, 0xda, 0xd4,

    /* U+0034 "4" */
    0x0, 0xc5, 0xf8, 0x1, 0xe9, 0x0, 0xf9, 0x10,
    0xc0, 0x1e, 0x96, 0x10, 0xe, 0x73, 0x80, 0xe,
    0x18, 0x80, 0x80, 0x75, 0x9b, 0x0, 0x72, 0x2f,
    0x0, 0x7b, 0x83, 0x7f, 0xce, 0x7e, 0xd7, 0xbb,
    0x94, 0xb5, 0xc4, 0x8b, 0x84, 0x84, 0x3, 0xf8,

    /* U+0035 "5" */
    0x4, 0xff, 0xe7, 0x0, 0x8, 0x5e, 0x64, 0xc0,
    0x3, 0x14, 0x33, 0x84, 0x0, 0x26, 0x1, 0xf7,
    0x1d, 0xf6, 0x28, 0x5, 0x89, 0xfa, 0xb4, 0xa0,
    0x5, 0xa4, 0x39, 0x39, 0x0, 0xf9, 0xc, 0x3,
    0xf0, 0x80, 0x10, 0x3, 0x2a, 0x81, 0x2e, 0x55,
    0x2c, 0xa4, 0x13, 0xe, 0x28, 0x34, 0x80,

    /* U+0036 "6" */
    0x0, 0xa3, 0x7a, 0xc8, 0x2, 0xb5, 0x8a, 0x3b,
    0x0, 0x2a, 0x62, 0xa4, 0x48, 0x2, 0x58, 0x40,
    0x3c, 0x7e, 0xfb, 0xa8, 0x0, 0x8, 0x5f, 0x72,
    0x1e, 0x0, 0x25, 0x93, 0x58, 0x70, 0x10, 0xe0,
    0x8, 0xc0, 0x40, 0xbc, 0x3, 0xea, 0x70, 0xb,
    0x4, 0x40, 0xc1, 0x66, 0xcf, 0x0, 0x1, 0xf1,
    0xdb, 0x96, 0x0,

    /* U+0037 "7" */
    0x3f, 0xff, 0x84, 0xf3, 0x38, 0xd0, 0x40, 0xcf,
    0x39, 0xd0, 0x7, 0xa6, 0x4, 0x3, 0x90, 0x98,
    0x3, 0xde, 0xa2, 0x1, 0xe4, 0xf0, 0xf, 0x20,
    0x38, 0x7, 0x8c, 0x8, 0x3, 0xdc, 0x40, 0x1f,
    0x10, 0x80, 0x7c, 0xee, 0x0, 0xc0,

    /* U+0038 "8" */
    0x0, 0x2e, 0xfe, 0xa8, 0x4, 0x95, 0x7b, 0x74,
    0x80, 0xd, 0x46, 0x26, 0x5e, 0x0, 0xb, 0x80,
    0x46, 0x1, 0x59, 0xb8, 0x1, 0xf8, 0x0, 0x73,
    0x1b, 0x8c, 0x80, 0x2, 0xb9, 0x43, 0x30, 0x80,
    0x3e, 0x9a, 0x79, 0xa8, 0xc, 0x94, 0x0, 0x30,
    0x80, 0x20, 0x20, 0x11, 0x80, 0x9, 0x39, 0x5,
    0x21, 0x80, 0x16, 0xb3, 0xd3, 0x30, 0x0,

    /* U+0039 "9" */
    0x0, 0x47, 0x72, 0x84, 0x2, 0xa6, 0xad, 0x1c,
    0x0, 0xa, 0xda, 0x1d, 0x9b, 0x2, 0x82, 0x0,
    0x4f, 0x40, 0xc0, 0x40, 0x17, 0x10, 0x11, 0x20,
    0x41, 0xa0, 0x40, 0x1e, 0xfd, 0xfe, 0x80, 0x8,
    0xb3, 0xfd, 0x3c, 0x40, 0x1f, 0x2a, 0x0, 0x79,
    0xe, 0x80, 0x19, 0x28, 0xd6, 0xa6, 0x0, 0xf2,
    0xab, 0x8a, 0x0, 0x0,

    /* U+003A ":" */
    0x8d, 0x12, 0x21, 0xd7, 0x10, 0x8, 0x7, 0xe1,
    0xa, 0xe2, 0x28, 0xc0,

    /* U+0044 "D" */
    0x6f, 0xfb, 0x68, 0xc0, 0x3a, 0xf2, 0xc7, 0x1c,
    0x3, 0x29, 0xb5, 0xbc, 0x18, 0x7, 0xd0, 0x32,
    0x1, 0xf9, 0x1c, 0x3, 0xf1, 0x10, 0x3, 0xff,
    0x8c, 0x44, 0x0, 0xfc, 0x8e, 0x1, 0xf4, 0x8c,
    0x0, 0x4a, 0x6d, 0x6d, 0x4, 0x1, 0x5e, 0x58,
    0xe3, 0x80, 0x0,

    /* U+0046 "F" */
    0x6f, 0xff, 0x28, 0x2, 0xb3, 0x32, 0x0, 0x10,
    0xcf, 0x8, 0x7, 0xff, 0x3b, 0xbf, 0xe8, 0x0,
    0xaf, 0x32, 0x90, 0x9, 0x4c, 0xe1, 0x0, 0xff,
    0xe6, 0x80,

    /* U+0049 "I" */
    0x6f, 0x10, 0xf, 0xfe, 0xa8,

    /* U+004E "N" */
    0x6f, 0x60, 0xc, 0xfe, 0x0, 0x80, 0xf, 0x88,
    0xe0, 0x3, 0xc7, 0xe, 0x40, 0x1c, 0x2a, 0x70,
    0x1, 0xf7, 0xa9, 0x80, 0x78, 0xd7, 0xc0, 0x3e,
    0x83, 0x51, 0x0, 0xe2, 0x78, 0x30, 0xf, 0x41,
    0xf8, 0x7, 0xd0, 0xa0, 0x1f, 0x31, 0x0,

    /* U+0050 "P" */
    0x6f, 0xfd, 0xae, 0x1, 0xaf, 0x2e, 0xa6, 0xc0,
    0x25, 0x34, 0x7b, 0x42, 0x0, 0xf3, 0x83, 0x0,
    0x79, 0xc1, 0x80, 0x30, 0xa5, 0xa1, 0x0, 0x3b,
    0xfa, 0xde, 0x80, 0x2b, 0xdd, 0x7c, 0x88, 0x4,
    0xa4, 0x40, 0xf, 0xfe, 0x98,

    /* U+0053 "S" */
    0x0, 0x1d, 0xf7, 0x2c, 0xc0, 0x5, 0x8f, 0x30,
    0x38, 0x61, 0x63, 0x8e, 0xd5, 0xa6, 0x1, 0xf1,
    0x0, 0x28, 0x70, 0xc0, 0x38, 0xec, 0x73, 0x8,
    0x1, 0x93, 0x64, 0x6e, 0x84, 0x3, 0x36, 0xca,
    0xc0, 0x7, 0x99, 0x14, 0x18, 0x40, 0x33, 0x30,
    0x2b, 0xa5, 0x5a, 0xca, 0x43, 0x20, 0xae, 0x3,
    0xc,

    /* U+0054 "T" */
    0x7f, 0xff, 0xc2, 0xd9, 0x90, 0x2e, 0x64, 0x22,
    0x33, 0x80, 0x8c, 0xe0, 0xf, 0xff, 0xf8, 0x7,
    0xff, 0x10,

    /* U+0057 "W" */
    0x7f, 0x0, 0xd7, 0xa0, 0x1b, 0xa0, 0xc0, 0xc0,
    0x24, 0x21, 0x0, 0x8, 0xb1, 0x41, 0x40, 0x8,
    0x44, 0x40, 0x2, 0x82, 0x89, 0x78, 0x3, 0x1d,
    0xd8, 0x0, 0x31, 0x10, 0x3a, 0x80, 0x13, 0x74,
    0x80, 0xc, 0x50, 0x6, 0x98, 0x0, 0xd1, 0x4,
    0x20, 0xb8, 0x0, 0x30, 0x24, 0x3, 0x30, 0x20,
    0x88, 0xc0, 0x8, 0xc, 0x68, 0x0, 0x4d, 0x50,
    0x50, 0x8, 0x8f, 0x30, 0x0, 0xc4, 0x21, 0x10,
    0x4, 0xfa, 0xa8, 0x0, 0x43, 0xf4, 0x0, 0xda,
    0x82, 0x60, 0x3, 0x7, 0xd0, 0xc, 0x82, 0x80,
    0x19, 0x4, 0xc0, 0x0,

    /* U+0069 "i" */
    0x8d, 0xf, 0x10, 0x7c, 0x5, 0xa0, 0xd4, 0x0,
    0xff, 0xe5, 0x0,

    /* U+2018 "‘" */
    0x0, 0x18, 0x1, 0x64, 0x1, 0x14, 0x0, 0x2e,
    0x10, 0x63, 0x0,

    /* U+2019 "’" */
    0x0, 0xc3, 0xd4, 0x0, 0x35, 0x1, 0xc2, 0x0,
    0x54, 0x80, 0x25, 0x0,

    /* U+201C "“" */
    0x0, 0x10, 0x0, 0x44, 0x9, 0x22, 0x74, 0x0,
    0x8a, 0x18, 0x91, 0x3, 0xe2, 0x6d, 0x30, 0x72,
    0xa, 0x11, 0x0,

    /* U+201D "”" */
    0x0, 0xf8, 0xfa, 0xb, 0xa4, 0x2, 0x60, 0x3,
    0x1, 0xea, 0x97, 0x98, 0xc, 0x48, 0xd7, 0x80,
    0x28, 0x86, 0x4c, 0x0,

    /* U+3001 "、" */
    0x4, 0x10, 0xd, 0x3e, 0x40, 0x16, 0x16, 0x10,
    0x0, 0x74, 0xf0, 0x40, 0x3, 0x88, 0x0,

    /* U+3002 "。" */
    0x3, 0xbd, 0x70, 0x7, 0x46, 0x6a, 0x93, 0x98,
    0xf6, 0x13, 0x88, 0x6f, 0x84, 0xe6, 0x83, 0x0,

    /* U+300A "《" */
    0x0, 0xca, 0x8, 0x20, 0x13, 0xe8, 0x48, 0x6,
    0xa9, 0x64, 0x10, 0x3, 0x20, 0xdc, 0x0, 0x57,
    0xc, 0x82, 0x0, 0x64, 0x1b, 0xb0, 0x5, 0x76,
    0x57, 0x20, 0x2, 0xb9, 0x4c, 0x0, 0x42, 0x20,
    0x71, 0x0, 0x91, 0xcf, 0xe0, 0x3, 0x44, 0xa3,
    0x98, 0x4, 0x8e, 0x51, 0x20, 0x1a, 0x20, 0x8e,
    0x40, 0x12, 0xb9, 0x44, 0x0, 0x35, 0xd9, 0x5c,
    0x80, 0x26, 0xa0, 0xf3,

    /* U+300B "》" */
    0x14, 0x5, 0x0, 0xe9, 0xd, 0x70, 0x8, 0x51,
    0xa6, 0x80, 0x34, 0x58, 0xa3, 0x0, 0x42, 0xeb,
    0x16, 0x1, 0xa2, 0x2, 0x8a, 0x1, 0x13, 0xa5,
    0xc0, 0x6, 0x98, 0x27, 0x40, 0x9, 0xdc, 0x2,
    0xe0, 0x17, 0xc1, 0xb9, 0x80, 0xd, 0xce, 0x20,
    0x1, 0x44, 0x9, 0xd0, 0x0, 0x4e, 0x91, 0x20,
    0x14, 0x49, 0x3a, 0x80, 0x9, 0xd6, 0xec, 0x1,
    0x1f, 0x85, 0x30, 0x4,

    /* U+30FB "・" */
    0x2a, 0x91, 0xb5, 0x66, 0x70, 0x0, 0x9e, 0xad,
    0x40,

    /* U+4E00 "一" */
    0x1f, 0xff, 0xfe, 0x14, 0xd, 0x57, 0xff, 0xa,
    0xc0,

    /* U+4E01 "丁" */
    0xf, 0xff, 0xfe, 0x10, 0x2, 0xef, 0xd2, 0x13,
    0x77, 0xc0, 0x4, 0x4f, 0x28, 0x22, 0x78, 0x3,
    0xff, 0xfe, 0x1, 0xff, 0xee, 0x55, 0xac, 0xc,
    0x3, 0xfd, 0xd5, 0x45, 0x71, 0x0, 0xf0,

    /* U+4E03 "七" */
    0x0, 0xcb, 0xc0, 0x1f, 0xff, 0x23, 0x58, 0xbd,
    0xf6, 0x1, 0x46, 0xe1, 0xef, 0xc8, 0x33, 0x5e,
    0x37, 0x72, 0xec, 0xe1, 0x7b, 0xfb, 0x70, 0xc6,
    0x1b, 0xaf, 0xd9, 0x15, 0x20, 0xf, 0x8c, 0x80,
    0x3f, 0xfb, 0x89, 0x80, 0x1f, 0xfc, 0x12, 0x10,
    0xe, 0x61, 0x53, 0x3e, 0xa7, 0x0, 0xe3, 0x5b,
    0xcc, 0xe0, 0x80,

    /* U+4E07 "万" */
    0x3, 0x3f, 0xfe, 0x10, 0x3, 0x33, 0xff, 0x84,
    0x0, 0xff, 0xc8, 0xff, 0xff, 0x80, 0x3c, 0xfe,
    0x1, 0xff, 0xc2, 0x11, 0x0, 0x7f, 0xf0, 0x8e,
    0x7f, 0xfd, 0x0, 0x1e, 0x11, 0x56, 0x67, 0x17,
    0x80, 0x79, 0x1, 0x4c, 0xf8, 0x4, 0x3, 0xd8,
    0x80, 0x1e, 0x33, 0x0, 0x79, 0xf8, 0x3, 0xc2,
    0x20, 0xe, 0x80, 0x50, 0xe, 0x10, 0x60, 0xc,
    0x8f, 0x40, 0x1e, 0x50, 0x20, 0x9, 0xae, 0x10,
    0x2, 0x22, 0xb8, 0xc0, 0x22, 0x8a, 0x70, 0xd,
    0xbb, 0x3f, 0x80, 0x45, 0xca, 0x1, 0xdf, 0xf6,
    0x98, 0x4,

    /* U+4E08 "丈" */
    0x0, 0xfd, 0xcc, 0x1, 0xff, 0xc8, 0x33, 0xfc,
    0x1c, 0x67, 0x83, 0x73, 0x3e, 0x17, 0xcc, 0xc1,
    0xdf, 0xdc, 0xff, 0xc1, 0x7f, 0xf8, 0x2, 0x9a,
    0x0, 0x88, 0x18, 0x3, 0xea, 0x41, 0x0, 0x30,
    0x10, 0x7, 0xc4, 0x6c, 0x0, 0x22, 0x0, 0x7f,
    0x4c, 0x10, 0x52, 0x0, 0x7f, 0x2b, 0x72, 0x9d,
    0x0, 0x7f, 0xa4, 0x69, 0x8c, 0x3, 0xfc, 0xe4,
    0xe, 0xe0, 0xf, 0x89, 0xf6, 0x65, 0xf1, 0x3d,
    0x6, 0x1, 0x56, 0xd5, 0x3d, 0x81, 0xba, 0x13,
    0x3f, 0x42, 0xfb, 0x5c, 0x40, 0x33, 0x67, 0xe7,
    0x0,

    /* U+4E09 "三" */
    0xf, 0xff, 0xfe, 0x0, 0x2, 0xef, 0xff, 0x80,
    0x0, 0x44, 0xff, 0xe0, 0x0, 0x7f, 0xf4, 0xf7,
    0x7f, 0xac, 0x3, 0x44, 0x7f, 0x78, 0x6, 0x55,
    0xfe, 0x40, 0xf, 0xfe, 0x90, 0x8f, 0xff, 0xb,
    0xbb, 0xff, 0x83, 0xfd, 0xdf, 0xfc, 0x1f,

    /* U+4E0A "上" */
    0x0, 0xf1, 0x78, 0x80, 0x7f, 0xfc, 0xd4, 0xcf,
    0x80, 0x3f, 0xd7, 0x99, 0xc2, 0x1, 0xfd, 0xdf,
    0xfc, 0x20, 0x1f, 0xff, 0xf0, 0xf, 0x8c, 0xf9,
    0xc1, 0x4c, 0xfc, 0x5, 0x99, 0xd4, 0x17, 0x99,
    0xe3,

    /* U+4E0B "下" */
    0x3, 0x3f, 0xfe, 0x10, 0xe, 0x67, 0xff, 0x8,
    0x87, 0xff, 0xc3, 0x7f, 0xfe, 0x20, 0xf, 0xfe,
    0x66, 0x88, 0x7, 0xff, 0x9, 0xfd, 0xc0, 0x3f,
    0xf8, 0x37, 0x13, 0xca, 0x1, 0xff, 0xb, 0x73,
    0x55, 0x88, 0x7, 0xff, 0x2, 0x30, 0x84, 0x3,
    0xff, 0x82, 0x72, 0x1, 0xff, 0xf6,

    /* U+4E0D "不" */
    0xe, 0xff, 0xff, 0xe0, 0x68, 0x3, 0x73, 0x3a,
    0xc1, 0xb3, 0x37, 0x0, 0xc, 0xfd, 0xc3, 0x26,
    0x7c, 0x1, 0xf3, 0x2b, 0x80, 0x7f, 0xf0, 0x12,
    0x40, 0x17, 0x0, 0x1f, 0xc9, 0x6e, 0x81, 0xd,
    0x82, 0x1, 0xe6, 0xb7, 0x81, 0x3, 0xf7, 0xf4,
    0x0, 0x86, 0xa6, 0x20, 0x1, 0x86, 0xde, 0xd8,
    0x7, 0xdf, 0x1c, 0x3, 0xe9, 0x79, 0x11, 0x5e,
    0x98, 0x7, 0xf4, 0x70, 0x82, 0x80, 0x7f, 0xf0,
    0x4, 0x3, 0xff, 0xca,

    /* U+4E0E "与" */
    0x0, 0xff, 0xe3, 0xf2, 0x0, 0x7f, 0xf0, 0x8,
    0x40, 0xcf, 0xf0, 0x6, 0x70, 0xbc, 0xcf, 0xc0,
    0x1b, 0x53, 0xff, 0xf8, 0x3, 0x26, 0x0, 0x7f,
    0xf0, 0x4c, 0x48, 0xbf, 0x80, 0x23, 0x9, 0xdd,
    0xfe, 0x30, 0x1, 0xff, 0xff, 0x68, 0x10, 0x7,
    0xff, 0x1, 0x80, 0x45, 0xff, 0xfd, 0xa0, 0x44,
    0x1, 0xcc, 0xfe, 0xf0, 0xf7, 0x0, 0x19, 0xff,
    0x10, 0x26, 0x80, 0x7f, 0x19, 0x11, 0x89, 0x40,
    0x3f, 0xb7, 0x69, 0x82, 0x0, 0xfe, 0xef, 0xf9,
    0xc0, 0x0,

    /* U+4E11 "丑" */
    0x3, 0xff, 0xff, 0x84, 0x2, 0x3c, 0xca, 0x7,
    0x33, 0x48, 0x7, 0x8c, 0xe1, 0x33, 0xe2, 0x1,
    0x0, 0xf8, 0x44, 0x1, 0x84, 0x3, 0xfb, 0xd8,
    0x3, 0xff, 0x84, 0x26, 0x1, 0x8c, 0x40, 0x3b,
    0x3b, 0x8c, 0xce, 0xed, 0x26, 0x1, 0xdf, 0x54,
    0x26, 0xaa, 0xca, 0x20, 0x1c, 0x68, 0x80, 0xc4,
    0x4c, 0x6e, 0x1, 0xf8, 0x98, 0x3, 0x18, 0x80,
    0x7f, 0x8, 0x6, 0x13, 0x0, 0xf8, 0x80, 0x80,
    0x33, 0x88, 0x6, 0x22, 0x90, 0x8, 0xb8, 0x44,
    0x44, 0x11, 0x6e, 0xd2, 0x1b, 0xbc, 0x4d, 0xba,
    0x60,

    /* U+4E13 "专" */
    0x0, 0xf1, 0x48, 0x7, 0xff, 0x6, 0x94, 0x3,
    0xfa, 0xb7, 0x67, 0x3d, 0xde, 0xa0, 0xa, 0x66,
    0x80, 0xa9, 0x9f, 0x0, 0x46, 0x88, 0x32, 0x54,
    0x4e, 0x30, 0x1d, 0xdd, 0x5, 0xbb, 0xf5, 0x8c,
    0x45, 0x63, 0x31, 0x1f, 0x78, 0x2a, 0xc0, 0x4c,
    0xab, 0xf2, 0x0, 0x6a, 0x2d, 0xdf, 0x72, 0x80,
    0x77, 0xe7, 0x76, 0x93, 0x25, 0x0, 0xe3, 0x3e,
    0x28, 0x2c, 0x0, 0xf3, 0x49, 0x80, 0xe8, 0x60,
    0x7, 0xca, 0x1b, 0xd8, 0x18, 0x1, 0xf8, 0xe7,
    0xa9, 0x8e, 0xd0, 0x3, 0xfc, 0x97, 0xa3, 0xe0,
    0x1f, 0xfc, 0x2, 0xab, 0x0, 0x80,

    /* U+4E14 "且" */
    0x0, 0xa7, 0xff, 0xf6, 0x0, 0x7c, 0xbb, 0xbe,
    0x70, 0xf, 0xc6, 0x45, 0xee, 0x0, 0xff, 0xe6,
    0x3e, 0x67, 0xa0, 0x3, 0xf2, 0xcc, 0xf9, 0x0,
    0x3f, 0x12, 0xaf, 0xb0, 0x3, 0xff, 0x98, 0x4a,
    0xbe, 0xc0, 0xf, 0xcb, 0x33, 0xe4, 0x0, 0xfc,
    0xf9, 0x9e, 0x80, 0xf, 0xfe, 0x49, 0x10, 0xcc,
    0x45, 0xee, 0x12, 0x20, 0x16, 0xe9, 0x55, 0xbb,
    0xe7, 0x2d, 0xd1, 0x0,

    /* U+4E16 "世" */
    0x0, 0xb5, 0x80, 0x15, 0x0, 0x6, 0xc0, 0xf,
    0xfe, 0xc1, 0x9d, 0xc6, 0x66, 0x13, 0x37, 0x9,
    0x98, 0xb, 0x30, 0x2f, 0x98, 0x36, 0xcc, 0x39,
    0x66, 0xc, 0xbf, 0xc5, 0x3f, 0xe5, 0x7f, 0xf4,
    0x9f, 0xf8, 0xc0, 0x3f, 0xfb, 0x82, 0x44, 0xe0,
    0xf, 0xfe, 0x3, 0x6e, 0x9c, 0x3, 0xfe, 0xaf,
    0xfd, 0x80, 0x1f, 0xfc, 0xb9, 0xff, 0xfe, 0xb0,
    0xd, 0xf9, 0x9f, 0xe9, 0x0,

    /* U+4E18 "丘" */
    0x0, 0xff, 0xe5, 0x92, 0x34, 0xef, 0x0, 0x7a,
    0x37, 0xfd, 0xb5, 0x40, 0xbc, 0x0, 0xf1, 0x3e,
    0xf7, 0xf6, 0x4b, 0x10, 0x7, 0xc4, 0x41, 0x0,
    0xff, 0xe8, 0xb6, 0xef, 0xf2, 0x80, 0x72, 0xcc,
    0xf3, 0x8c, 0xc9, 0xc0, 0x38, 0xd1, 0x3b, 0x5d,
    0x10, 0x40, 0x1f, 0xff, 0x53, 0xff, 0x2b, 0xff,
    0xf4, 0x27, 0xfc, 0x66, 0xcc, 0xff, 0xe1, 0x18,

    /* U+4E19 "丙" */
    0xef, 0xff, 0xfe, 0x7, 0x66, 0xef, 0x1a, 0xee,
    0xf6, 0x11, 0x79, 0xc8, 0xbe, 0x0, 0xff, 0xe1,
    0x27, 0x77, 0x23, 0xf7, 0x72, 0x8, 0x6e, 0xe1,
    0x7d, 0xdc, 0x2, 0x6, 0x78, 0x87, 0xcc, 0xf8,
    0x3, 0xd2, 0x33, 0x0, 0x1f, 0xc8, 0xfb, 0x8b,
    0x82, 0x1, 0xe7, 0xb8, 0x32, 0xd7, 0xc1, 0x0,
    0xd1, 0x32, 0x70, 0xa, 0xdc, 0x80, 0x34, 0x7b,
    0x0, 0x75, 0x18, 0x7, 0x8, 0x7, 0x11, 0xa1,
    0x88, 0x7, 0xf2, 0xe5, 0x2a, 0x80,

    /* U+4E1A "业" */
    0x0, 0xff, 0xe4, 0xc5, 0x0, 0x2a, 0x40, 0x3f,
    0xfb, 0x48, 0xa0, 0x1f, 0xe4, 0x30, 0x0, 0xd8,
    0x7, 0xfa, 0x50, 0x0, 0xa6, 0xc0, 0x1f, 0x90,
    0x9c, 0x2, 0xab, 0x0, 0xfd, 0xee, 0x1, 0x98,
    0x8c, 0x3, 0xc8, 0xb0, 0x1, 0x85, 0x10, 0x1,
    0xe8, 0x80, 0x7, 0xad, 0xc0, 0x3d, 0x8c, 0x1,
    0xff, 0xd8, 0xff, 0xce, 0xbf, 0xe5, 0x6f, 0xfc,
    0x21, 0x99, 0xff, 0xc2, 0x10,

    /* U+4E1B "丛" */
    0x0, 0xff, 0xe4, 0x54, 0x80, 0x6b, 0x90, 0xf,
    0xc2, 0x20, 0xc, 0xfc, 0x1, 0xf9, 0xb8, 0x3,
    0x10, 0x80, 0x7e, 0x33, 0x0, 0x61, 0x30, 0xf,
    0x84, 0x5a, 0x1, 0x10, 0x60, 0x7, 0xca, 0xe,
    0x60, 0x4, 0x4, 0x0, 0xf8, 0xcc, 0xfa, 0x0,
    0xc5, 0x33, 0x0, 0x7a, 0xae, 0xe, 0x5, 0x79,
    0xa4, 0x3, 0x8c, 0x94, 0x25, 0x64, 0x52, 0x94,
    0xc0, 0x34, 0x21, 0x2, 0x73, 0x48, 0x12, 0xf0,
    0x5, 0x9, 0x20, 0x1, 0xe3, 0x70, 0x5, 0x9e,
    0x0, 0x52, 0x40, 0x5, 0xc, 0x0, 0x87, 0x14,
    0x1, 0x64, 0x67, 0x3c, 0x91, 0x9e, 0x1a, 0x1,
    0xcb, 0xcc, 0xd7, 0x99, 0xf1, 0x0,

    /* U+4E1C "东" */
    0x0, 0xe2, 0x10, 0xf, 0xfe, 0x7, 0xd8, 0x7,
    0xc4, 0x59, 0x8b, 0xc8, 0xbc, 0x39, 0xbb, 0x48,
    0x56, 0xef, 0x9b, 0xbf, 0xd2, 0x3d, 0xfd, 0xff,
    0xce, 0x0, 0x18, 0xb1, 0xe, 0x20, 0xf, 0xa9,
    0xd4, 0x3, 0xfd, 0x8, 0x8d, 0xd8, 0x3f, 0x76,
    0xa0, 0x5, 0xcc, 0x46, 0xa, 0x88, 0xb8, 0x0,
    0x6c, 0xc5, 0x58, 0x15, 0x4c, 0xa8, 0x1, 0x47,
    0x0, 0x71, 0x62, 0x0, 0x44, 0xf2, 0x1, 0xc5,
    0x76, 0x30, 0x1f, 0x54, 0x0, 0xf2, 0x46, 0x8d,
    0xd, 0x0, 0x9a, 0x0, 0x67, 0x58, 0x9d, 0x0,
    0x1e, 0x5a, 0x10, 0x5, 0x52, 0x42, 0x0, 0x2f,
    0xf5, 0x80, 0x61, 0x0,

    /* U+4E1D "丝" */
    0x0, 0xc6, 0x60, 0xe, 0x51, 0x0, 0xfa, 0x28,
    0x3, 0x15, 0x10, 0x7, 0x8d, 0x20, 0x3, 0x5a,
    0x18, 0x7, 0xa5, 0x84, 0x94, 0x5, 0xa4, 0xc,
    0x40, 0x23, 0x48, 0x9, 0xe0, 0xb7, 0x20, 0xe6,
    0x0, 0xba, 0xc5, 0x16, 0x95, 0xe0, 0x24, 0x5c,
    0x1, 0x5, 0x7f, 0x76, 0x1a, 0x2f, 0xf3, 0x68,
    0x5, 0x39, 0x84, 0x55, 0x6, 0xf6, 0x8d, 0x88,
    0x4, 0x26, 0xaf, 0x40, 0x2, 0xf, 0x84, 0x0,
    0xe6, 0xad, 0x0, 0xda, 0xac, 0x2, 0x20, 0x2,
    0x49, 0xff, 0xd1, 0x86, 0xff, 0xee, 0x80, 0x2,
    0xcd, 0x6e, 0xba, 0x21, 0x79, 0xbd, 0xf2, 0x0,
    0x16, 0x43, 0x21, 0x4, 0x41, 0x90, 0x80, 0x45,
    0xff, 0xff, 0xc2, 0x22, 0x6e, 0xff, 0xf0, 0x88,

    /* U+4E22 "丢" */
    0x0, 0xff, 0xe0, 0x18, 0x7, 0x1a, 0x2b, 0x3c,
    0x4d, 0xef, 0xe4, 0x0, 0x6d, 0x99, 0x56, 0x2a,
    0xb2, 0x33, 0xe0, 0x3, 0x76, 0xe6, 0x2d, 0x15,
    0xd4, 0xc0, 0x3c, 0x45, 0xe3, 0x22, 0xe0, 0xd,
    0x3b, 0xb9, 0x17, 0x77, 0x48, 0x6, 0xbf, 0xfc,
    0xcc, 0xff, 0xd6, 0x1, 0x8, 0xf8, 0xcc, 0x23,
    0xe0, 0x1e, 0xef, 0x2a, 0xbb, 0xbc, 0x3, 0xff,
    0xac, 0x2b, 0xff, 0xe0, 0xe, 0x1a, 0x65, 0x0,
    0x45, 0x80, 0x7e, 0xd5, 0x90, 0xa, 0x56, 0x40,
    0x3d, 0x81, 0x60, 0x24, 0x6a, 0xcc, 0x50, 0xd,
    0xa6, 0x5f, 0xee, 0xde, 0x83, 0x4a, 0x10, 0xa,
    0xe6, 0xb3, 0xbf, 0xdb, 0x97, 0x62, 0x90, 0x9,
    0x98, 0x86, 0x20, 0x1e, 0xc8, 0x0,

    /* U+4E24 "两" */
    0xf, 0xff, 0xfe, 0x10, 0x86, 0xee, 0x46, 0xdd,
    0x2a, 0xb7, 0x70, 0x81, 0x16, 0x1e, 0x22, 0x19,
    0x88, 0xb0, 0x7, 0xff, 0x19, 0x7f, 0xe5, 0x8f,
    0xf3, 0x33, 0xfe, 0x60, 0x1, 0x96, 0xe8, 0xdf,
    0x74, 0x8d, 0xba, 0x20, 0xc, 0x24, 0x41, 0xd2,
    0x20, 0x71, 0x10, 0x40, 0x3e, 0x28, 0x10, 0x49,
    0x20, 0xf, 0xcc, 0x4f, 0x68, 0x33, 0xe2, 0x1,
    0xf5, 0xdd, 0xb0, 0xce, 0xeb, 0x0, 0xe1, 0xa1,
    0x61, 0xf1, 0x80, 0xb2, 0x0, 0xe1, 0xcd, 0x0,
    0x6f, 0x80, 0x6, 0x0, 0x3c, 0xc2, 0x0, 0x52,
    0x2, 0x33, 0x8, 0x7, 0xff, 0x1, 0x73, 0x2,
    0x80,

    /* U+4E25 "严" */
    0x1, 0xff, 0xff, 0xe0, 0x58, 0xf, 0x67, 0xe8,
    0x6f, 0xa3, 0xfe, 0x62, 0xc0, 0x5, 0xa0, 0x60,
    0x60, 0xf, 0x9, 0x80, 0x8, 0xc9, 0xc0, 0x3c,
    0x2b, 0xe0, 0x1a, 0xa8, 0x1, 0xe9, 0x44, 0x0,
    0x42, 0xb0, 0x40, 0x42, 0xff, 0xbe, 0x22, 0x0,
    0x76, 0x56, 0x6, 0x71, 0xbd, 0x5f, 0x78, 0x5,
    0x9f, 0xff, 0xee, 0x0, 0xff, 0xe2, 0x8, 0x10,
    0x7, 0xff, 0x0, 0xc0, 0x40, 0x3f, 0xf8, 0xe,
    0x20, 0x1f, 0xfc, 0x1e, 0x70, 0xf, 0xfe, 0x1,
    0x25, 0x80, 0x7f, 0xf0, 0xb, 0x48, 0x3, 0xff,
    0x80,

    /* U+4E27 "丧" */
    0x0, 0xfa, 0xa0, 0x3, 0xf3, 0xee, 0xf2, 0xbe,
    0xef, 0x40, 0x1, 0x7a, 0x3b, 0xa4, 0x5e, 0xe4,
    0xc7, 0x50, 0x0, 0x89, 0x4e, 0x66, 0x12, 0x33,
    0x64, 0x19, 0x0, 0x43, 0x34, 0x1, 0xc4, 0xf2,
    0x1, 0xe6, 0x35, 0x0, 0xd2, 0xc8, 0x1, 0x88,
    0xa9, 0x62, 0x12, 0x27, 0x51, 0x14, 0x3, 0x98,
    0xdb, 0xdc, 0x45, 0xcb, 0xdc, 0xc8, 0x87, 0xb8,
    0xe9, 0xdc, 0x74, 0xee, 0xb5, 0xb8, 0x80, 0x3e,
    0x94, 0x50, 0x7d, 0xd0, 0x7, 0xf0, 0xcd, 0xe6,
    0x3d, 0x40, 0x3f, 0xcc, 0xc3, 0xf1, 0x0, 0xf1,
    0x3a, 0xc6, 0x44, 0x57, 0x46, 0x1, 0x89, 0x4e,
    0x6, 0xa4, 0x1f, 0x43, 0x38, 0x40, 0x5, 0x5d,
    0xb2, 0xc2, 0x0, 0x2a, 0xfd, 0x10,

    /* U+4E2A "个" */
    0x0, 0xf9, 0x18, 0x3, 0xff, 0x82, 0x35, 0xa0,
    0x1f, 0xfc, 0x1, 0xd5, 0x47, 0x0, 0xff, 0xe,
    0xbd, 0xe4, 0x38, 0x7, 0xe3, 0xf7, 0xb0, 0x3b,
    0x8a, 0x10, 0xc, 0x31, 0x89, 0x61, 0xac, 0x9a,
    0xfe, 0xc0, 0x4, 0xe5, 0xba, 0x0, 0xe2, 0xd6,
    0x9d, 0x15, 0x8d, 0x40, 0xf, 0xd1, 0xb4, 0x22,
    0x70, 0xf, 0xf8, 0x9c, 0x3, 0xff, 0xfe, 0x1,
    0xff, 0xca,

    /* U+4E2B "丫" */
    0x22, 0x0, 0x7e, 0x30, 0xac, 0x40, 0xf, 0x3e,
    0x24, 0x42, 0xdc, 0x3, 0x44, 0x2d, 0x1, 0xae,
    0x20, 0x0, 0x87, 0xc4, 0x0, 0x92, 0xcc, 0x69,
    0xb0, 0xc0, 0x39, 0x2e, 0xcf, 0x86, 0x1, 0xf9,
    0xec, 0x80, 0x3f, 0xff, 0xe0, 0x1f, 0xfc, 0xd0,

    /* U+4E2D "中" */
    0x0, 0xf2, 0xf0, 0x7, 0xff, 0x20, 0x55, 0x7b,
    0x5, 0x57, 0x91, 0x6a, 0x67, 0x38, 0x4c, 0xeb,
    0x90, 0x1c, 0xcd, 0x63, 0x99, 0xa0, 0x3, 0xff,
    0xa6, 0x45, 0xc0, 0x45, 0x84, 0x0, 0x3b, 0xba,
    0x7, 0x77, 0x40, 0x0, 0x7f, 0xf5, 0xf, 0xfe,
    0x90, 0x5d, 0x0, 0xff, 0x3f, 0x89, 0x80, 0x7f,
    0x84, 0x80, 0x3f, 0xfa, 0x0,

    /* U+4E30 "丰" */
    0x0, 0xfa, 0xa4, 0x3, 0xf8, 0x47, 0x80, 0xc4,
    0x78, 0x2, 0x8e, 0xee, 0x55, 0x77, 0x74, 0x0,
    0x23, 0xbb, 0x95, 0x5d, 0xdd, 0x0, 0x10, 0x8f,
    0x1, 0x88, 0xf0, 0x6, 0x34, 0x4c, 0xc4, 0x89,
    0xc0, 0x1a, 0x67, 0x8d, 0x26, 0x77, 0x0, 0x6a,
    0xdd, 0xca, 0xdb, 0xba, 0x80, 0x3f, 0xf8, 0xc5,
    0xff, 0xe5, 0x6f, 0xff, 0x11, 0x33, 0x3c, 0x88,
    0xcc, 0xf1, 0x1, 0x9f, 0x84, 0x8c, 0xfc, 0x1,
    0xff, 0xd5,

    /* U+4E32 "串" */
    0x0, 0xf7, 0x30, 0x7, 0xd1, 0x99, 0x86, 0x33,
    0x35, 0x80, 0x9, 0xa2, 0x21, 0x68, 0x89, 0x14,
    0x2, 0xd4, 0x48, 0x39, 0x12, 0xd0, 0xd, 0xe2,
    0x30, 0x8, 0xe3, 0x0, 0xcf, 0xdd, 0xc, 0x77,
    0x52, 0x1, 0x57, 0xfe, 0x19, 0xff, 0xdc, 0x9,
    0xff, 0xc3, 0x3f, 0xfd, 0x20, 0x3b, 0xb8, 0x63,
    0x77, 0x21, 0x80, 0x8, 0xb0, 0x9, 0x16, 0x10,
    0x0, 0x99, 0xe0, 0xe3, 0x3c, 0x20, 0x17, 0x76,
    0x16, 0xee, 0xc8, 0xb, 0x9b, 0xb8, 0x63, 0x77,
    0xa0, 0x4c, 0x3, 0xfc, 0x44,

    /* U+4E34 "临" */
    0x0, 0xf8, 0x80, 0x3f, 0x8f, 0xc0, 0x2c, 0x40,
    0xf, 0x18, 0x80, 0x65, 0x12, 0x55, 0xe0, 0xe5,
    0x0, 0xd2, 0x35, 0x33, 0xc0, 0x1e, 0x63, 0xf8,
    0xfc, 0xcc, 0x1, 0xc5, 0x2e, 0x22, 0xd5, 0x0,
    0xfc, 0x2b, 0x0, 0xbb, 0x66, 0x1, 0xf1, 0xd0,
    0x4, 0x7a, 0x60, 0x1f, 0x8f, 0xff, 0x67, 0xf9,
    0x40, 0x3e, 0x1e, 0xe0, 0x67, 0x10, 0x7, 0xf0,
    0x88, 0x4, 0x40, 0x1f, 0xfd, 0x5d, 0x40, 0xc,
    0x3d, 0xc0, 0xce, 0x20, 0xf, 0xed, 0xd6, 0x6e,
    0x84, 0x3, 0x1f, 0x81, 0xf9, 0x9f, 0x72, 0x80,

    /* U+4E38 "丸" */
    0x0, 0xf7, 0xa0, 0x7, 0xff, 0xd, 0xc0, 0x3f,
    0xf9, 0xb5, 0xff, 0x83, 0x3f, 0xf0, 0x7, 0x5e,
    0xed, 0x41, 0x9b, 0xaa, 0x0, 0xf0, 0x91, 0x40,
    0x26, 0x44, 0x70, 0xf, 0xae, 0xc4, 0x45, 0x0,
    0xff, 0xa8, 0x76, 0x48, 0x3, 0xfe, 0x1a, 0xa0,
    0xa1, 0x0, 0x7f, 0xf0, 0x8, 0x5b, 0x54, 0x3,
    0xfc, 0x51, 0xb, 0x7b, 0x0, 0xe4, 0x90, 0x0,
    0xfa, 0x30, 0x47, 0x80, 0x70, 0xa8, 0x27, 0x8d,
    0x0, 0x42, 0x1, 0x21, 0x62, 0x9d, 0xbe, 0x8,
    0x7, 0x11, 0xde, 0xbd, 0x1f, 0x48, 0x7, 0xec,
    0xff, 0x71, 0x80,

    /* U+4E39 "丹" */
    0x0, 0xb7, 0xff, 0xf8, 0x3, 0xe9, 0xee, 0xf5,
    0x80, 0x7e, 0x31, 0x85, 0x11, 0x9c, 0x3, 0xfd,
    0x96, 0xc0, 0x1f, 0xfc, 0x15, 0xb9, 0x60, 0xf,
    0xfe, 0xa, 0x4f, 0x80, 0x7c, 0x66, 0x2, 0x33,
    0x96, 0x8d, 0x40, 0xcc, 0x5, 0xba, 0x28, 0xdd,
    0xf4, 0x86, 0xe8, 0x89, 0xdc, 0xd, 0xee, 0xf6,
    0x7, 0x70, 0x80, 0x6, 0x4, 0x1, 0xff, 0xc1,
    0xb4, 0x0, 0xff, 0xe0, 0x8b, 0xf0, 0x7, 0xff,
    0x6, 0x8d, 0x40, 0x30, 0x91, 0x18, 0x3, 0x13,
    0xe8, 0x7, 0x16, 0xea, 0xdc, 0x2, 0x2c, 0x10,
    0xe, 0x3f, 0xf7, 0x40, 0x4,

    /* U+4E3A "为" */
    0x0, 0x38, 0x1, 0x3c, 0x3, 0xfb, 0x2c, 0x3,
    0xff, 0x81, 0x4a, 0x80, 0x20, 0x1f, 0x1a, 0xa4,
    0xe, 0x8a, 0xaf, 0x8d, 0x22, 0x17, 0xe, 0x11,
    0x1d, 0x56, 0xfb, 0xb9, 0xd7, 0x77, 0x93, 0xc0,
    0x39, 0x30, 0x44, 0x1, 0x38, 0x7, 0x19, 0x24,
    0xe8, 0x4, 0x22, 0x0, 0xd2, 0x85, 0x1, 0x20,
    0x3, 0x30, 0x4, 0x8b, 0xe0, 0xe, 0x62, 0x1,
    0x10, 0x0, 0x69, 0xd0, 0x0, 0x5e, 0x42, 0xc,
    0x5, 0x85, 0x0, 0x1e, 0x50, 0x25, 0xd6, 0xc0,
    0xc, 0x67, 0x79, 0x1, 0x3d, 0x80, 0x75, 0x66,
    0x16, 0x41, 0xe0, 0x3, 0xd3, 0xfe, 0xe4, 0x0,

    /* U+4E3B "主" */
    0x0, 0xf0, 0x80, 0x7f, 0xf0, 0xef, 0x48, 0x3,
    0xff, 0x83, 0x49, 0xa6, 0x1, 0xf0, 0x99, 0xf5,
    0x24, 0x19, 0xe1, 0x0, 0x26, 0x67, 0x91, 0x19,
    0x99, 0x0, 0xb, 0xff, 0xca, 0xaf, 0xfe, 0x50,
    0xf, 0xfe, 0xb9, 0xaa, 0xe6, 0x62, 0xae, 0x30,
    0xd, 0x71, 0x18, 0xcd, 0x11, 0xa8, 0x3, 0x46,
    0xee, 0x55, 0x6e, 0xe9, 0x0, 0xff, 0xeb, 0x91,
    0x78, 0x44, 0x45, 0xe0, 0x1d, 0xdf, 0x22, 0x37,
    0x7c, 0x40,

    /* U+4E3D "丽" */
    0x2f, 0xff, 0xfe, 0x11, 0x13, 0x77, 0xff, 0x84,
    0x40, 0x45, 0xff, 0xc2, 0x0, 0x1e, 0xef, 0x1a,
    0x6e, 0xf2, 0x80, 0x1c, 0xfb, 0xa2, 0x1, 0xe,
    0xe8, 0xc, 0x2, 0x33, 0xc2, 0x0, 0x13, 0x38,
    0x40, 0x3a, 0x14, 0x3, 0x99, 0x0, 0x3e, 0xb8,
    0x0, 0xe2, 0x90, 0xf, 0x8c, 0x54, 0x3, 0x20,
    0xa8, 0x7, 0xd0, 0x20, 0x1d, 0x0, 0x1f, 0x91,
    0x0, 0x1c, 0x8a, 0x1, 0xff, 0xcb, 0x12, 0x10,
    0xe, 0x11, 0x0, 0x79, 0xb4, 0xc8, 0x2, 0x6e,
    0x34, 0x0, 0x26, 0x83, 0xfe, 0xa, 0xe0, 0x37,
    0xf1, 0x0,

    /* U+4E3E "举" */
    0x0, 0xf0, 0x90, 0x7, 0xf8, 0xf0, 0x0, 0x98,
    0x20, 0x2, 0xf2, 0x0, 0xc6, 0xf4, 0xa, 0x52,
    0x0, 0xe7, 0x20, 0x8, 0x89, 0xe8, 0x65, 0x3c,
    0x50, 0x34, 0x44, 0x1, 0xdd, 0x58, 0xe6, 0xd4,
    0xeb, 0x96, 0xec, 0x43, 0xff, 0x23, 0x7e, 0x63,
    0xe0, 0xfb, 0xfc, 0x40, 0x15, 0x4, 0x85, 0x50,
    0x1d, 0x74, 0x40, 0x23, 0xc7, 0x91, 0x11, 0x98,
    0x45, 0xf, 0xec, 0x7, 0x8b, 0x1b, 0xdc, 0x55,
    0x77, 0x5b, 0x10, 0x43, 0xe9, 0x5f, 0xf9, 0x99,
    0xff, 0x33, 0x39, 0x0, 0x40, 0x3f, 0xf8, 0x71,
    0xff, 0xcc, 0xcf, 0xfe, 0xa0, 0x4, 0xee, 0xf2,
    0xab, 0x77, 0xac, 0x0, 0x24, 0x5c, 0x66, 0x22,
    0xe1, 0x0, 0xff, 0xe2, 0x80,

    /* U+4E43 "乃" */
    0x7, 0xff, 0xfe, 0xb0, 0xc, 0xdb, 0xa1, 0x8d,
    0xdc, 0x38, 0x1, 0x84, 0x88, 0x4, 0x58, 0xc5,
    0x0, 0x3f, 0x8, 0x4, 0x80, 0x60, 0x1f, 0x8,
    0x6, 0xc4, 0x0, 0xf8, 0x41, 0x80, 0x27, 0xc0,
    0xf, 0x94, 0x8, 0x0, 0x63, 0x1d, 0xd2, 0x0,
    0x46, 0x40, 0x11, 0x66, 0x36, 0x85, 0xc0, 0x2b,
    0x50, 0x8, 0x4c, 0xe5, 0x1, 0x0, 0x11, 0xd0,
    0x7, 0xc6, 0x6, 0x0, 0xa2, 0x20, 0x7, 0xcc,
    0x2, 0x4, 0xf6, 0x1, 0xf8, 0x84, 0x1, 0xc4,
    0xc0, 0x18, 0x4c, 0x8e, 0x90, 0x14, 0xfc, 0x3,
    0x8f, 0x37, 0x6, 0x41, 0x74, 0x80, 0x38, 0xbf,
    0xed, 0x30,

    /* U+4E45 "久" */
    0x0, 0xe5, 0x30, 0xf, 0xfe, 0x15, 0x30, 0x7,
    0xff, 0x5, 0x81, 0x40, 0x3f, 0xf8, 0x36, 0x1f,
    0xfa, 0xc0, 0x3f, 0x31, 0x5d, 0xe2, 0x30, 0xf,
    0x8a, 0x64, 0x89, 0x31, 0x50, 0x7, 0xdc, 0x6c,
    0x1, 0x51, 0x10, 0x3, 0xd8, 0x5a, 0x1, 0x99,
    0x0, 0x3c, 0x41, 0x82, 0x1, 0x48, 0xb8, 0x7,
    0x8b, 0x8, 0x2, 0x56, 0xb3, 0x70, 0xf, 0xf1,
    0x53, 0xa4, 0x40, 0xc0, 0x3f, 0x26, 0xac, 0x2,
    0xab, 0x84, 0x3, 0xcd, 0x6b, 0x40, 0x15, 0xe,
    0x10, 0x4, 0x9b, 0x31, 0x40, 0x1d, 0x83, 0xae,
    0x3, 0x4d, 0x8e, 0x1, 0xf6, 0x44, 0x90, 0xfd,
    0x98, 0x7, 0xf3, 0xf1, 0x0,

    /* U+4E48 "么" */
    0x0, 0xf8, 0x40, 0x3f, 0xf8, 0x4d, 0xc2, 0x1,
    0xff, 0xc0, 0x29, 0x90, 0x80, 0x7f, 0xc3, 0xea,
    0xc0, 0x1f, 0xfc, 0xd, 0x1a, 0x0, 0xb1, 0xc0,
    0x3e, 0xc0, 0xd0, 0xa, 0x49, 0x80, 0x38, 0xb4,
    0x74, 0x40, 0xc, 0xcd, 0x10, 0xe, 0x96, 0xd1,
    0x0, 0x24, 0xd1, 0x80, 0x7a, 0xec, 0x1, 0x15,
    0xba, 0x80, 0x80, 0x7f, 0x16, 0x2c, 0x4, 0xe8,
    0x7, 0xe2, 0xc7, 0xa0, 0x4, 0x8c, 0x80, 0x78,
    0xb1, 0xe4, 0x3, 0x73, 0x28, 0x6, 0x4d, 0x4a,
    0x45, 0x68, 0x99, 0xd, 0x88, 0x0, 0xec, 0x17,
    0x2e, 0x28, 0xc0, 0xa4, 0xe0, 0x0, 0x75, 0x9d,
    0xfe, 0xdc, 0xb9, 0x87, 0x95, 0x0, 0x94, 0xc4,
    0x3, 0xf2, 0x60, 0x0,

    /* U+4E49 "义" */
    0x0, 0xf0, 0xa0, 0x7, 0xff, 0x8, 0xec, 0x40,
    0x21, 0x0, 0xe3, 0x40, 0x1, 0x2c, 0x0, 0x57,
    0x60, 0xc, 0xd4, 0x1, 0x73, 0x80, 0x5, 0x7c,
    0x3, 0x29, 0xb8, 0x1, 0x1c, 0x42, 0x49, 0x0,
    0x3a, 0x24, 0x2, 0x91, 0x6, 0xb0, 0xf, 0x29,
    0xc0, 0x6, 0x80, 0x60, 0xf, 0xb9, 0xd0, 0x0,
    0x8f, 0x40, 0x1f, 0x8e, 0x6c, 0x86, 0x95, 0x0,
    0x3f, 0x99, 0x7f, 0x4a, 0x80, 0x3f, 0xeb, 0x23,
    0xf0, 0xf, 0xf9, 0x3c, 0xcd, 0xaa, 0x1, 0xf8,
    0x62, 0xe7, 0x30, 0xd5, 0x22, 0x1, 0x8a, 0x79,
    0x31, 0xc0, 0x11, 0x69, 0xd4, 0x60, 0x5a, 0x59,
    0x83, 0x0, 0xc9, 0xb4, 0xd8, 0x44, 0xeb, 0x30,
    0xf, 0xcb, 0x9c, 0x40,

    /* U+4E4B "之" */
    0x0, 0xf9, 0x0, 0x3f, 0xf8, 0x43, 0x6c, 0x1,
    0xff, 0xc1, 0x19, 0x90, 0x80, 0x7c, 0x26, 0x7c,
    0xa6, 0x86, 0x70, 0x6, 0x7c, 0xcf, 0x1d, 0x66,
    0x54, 0x1, 0x37, 0xff, 0xf3, 0xd, 0x80, 0x7f,
    0xf0, 0x1d, 0xb4, 0x40, 0x3f, 0xe7, 0x8b, 0x30,
    0xf, 0xf9, 0xe2, 0xd0, 0x3, 0xfe, 0xa9, 0xc4,
    0x0, 0xff, 0x16, 0x3e, 0x18, 0x7, 0xf9, 0xf5,
    0x74, 0x80, 0x3f, 0xa3, 0xe2, 0x64, 0x1, 0xfe,
    0x95, 0xd7, 0x99, 0x21, 0x8, 0x88, 0xd1, 0x88,
    0x13, 0x8a, 0x30, 0xeb, 0x7b, 0x9b, 0x97, 0x20,
    0xd, 0x30, 0x1, 0xd7, 0x7f, 0x73, 0xff, 0x10,

    /* U+4E4C "乌" */
    0x0, 0xf1, 0x48, 0x7, 0xff, 0x6, 0xcc, 0x3,
    0xfd, 0xdf, 0xe6, 0x5f, 0xfe, 0x20, 0xe, 0xad,
    0xdf, 0x58, 0x18, 0x7, 0x31, 0x17, 0x80, 0x2,
    0x1, 0xfe, 0x32, 0xd3, 0x0, 0xff, 0xa3, 0xca,
    0x0, 0x3f, 0xeb, 0xdb, 0x40, 0xf, 0x67, 0xff,
    0xf6, 0x80, 0x5d, 0xff, 0xfd, 0x22, 0x2, 0x3f,
    0xf0, 0xb, 0x8f, 0x77, 0xfc, 0x3e, 0x22, 0xff,
    0xff, 0x84, 0x88, 0x1, 0xfe, 0x21, 0x24, 0xd0,
    0xf, 0xf6, 0x76, 0xaa, 0x80, 0x3f, 0xdd, 0xfe,
    0xb0,

    /* U+4E4D "乍" */
    0x0, 0xe9, 0x20, 0xf, 0xfe, 0xb, 0x30, 0x80,
    0x3f, 0xf8, 0x30, 0xe0, 0x1f, 0xfc, 0x16, 0x17,
    0xee, 0xfe, 0x40, 0x0, 0xc3, 0xe3, 0x6, 0xef,
    0xca, 0x0, 0xb2, 0x83, 0xe3, 0x3f, 0xc2, 0x10,
    0xbc, 0x1, 0x88, 0xbc, 0x20, 0x1, 0xa2, 0x0,
    0x8b, 0x77, 0xc8, 0x0, 0x95, 0x0, 0xc5, 0xff,
    0xe5, 0x0, 0xff, 0xe6, 0x1a, 0xaf, 0x8c, 0x3,
    0xf0, 0xcc, 0xfa, 0xc0, 0x3f, 0x16, 0x67, 0xa0,
    0x3, 0xff, 0xaa,

    /* U+4E4E "乎" */
    0x0, 0xff, 0xe0, 0x8, 0x7, 0x84, 0x8d, 0x15,
    0xe6, 0xfb, 0x8e, 0x1, 0xbf, 0xb7, 0x53, 0x72,
    0x19, 0x7c, 0xe0, 0x1b, 0xaf, 0xfb, 0x64, 0xa5,
    0xd5, 0xd0, 0x3, 0xac, 0x80, 0x3e, 0x82, 0x0,
    0xc2, 0xd0, 0x1, 0xe6, 0x36, 0x0, 0xea, 0x51,
    0x0, 0xe8, 0x80, 0x7, 0x8e, 0xc4, 0x3, 0xa9,
    0x40, 0x22, 0xff, 0xaf, 0xfd, 0x7, 0xfe, 0xbf,
    0xf8, 0x89, 0x77, 0xe5, 0x2b, 0xbf, 0x10, 0x22,
    0x7b, 0x45, 0x13, 0xc0, 0x1f, 0xfd, 0x93, 0x3b,
    0x5c, 0x3, 0xfe, 0x9c, 0xc3, 0xf0, 0x7, 0xc0,

    /* U+4E4F "乏" */
    0x0, 0xff, 0xe4, 0x9, 0x22, 0xb4, 0x56, 0x7f,
    0x0, 0x6f, 0xf7, 0x64, 0xcb, 0x48, 0x95, 0x9c,
    0x1, 0xbb, 0xfd, 0xd6, 0xb7, 0x50, 0xc6, 0x1,
    0xc2, 0x1, 0x3b, 0x28, 0x7, 0xff, 0x4, 0x64,
    0xc0, 0x3f, 0xf, 0xff, 0x4c, 0xbf, 0xf4, 0x80,
    0x43, 0x99, 0xfc, 0x83, 0x60, 0x18, 0xcf, 0xf5,
    0x2e, 0x10, 0x7, 0xf8, 0xb1, 0x7c, 0x80, 0x3f,
    0xcd, 0x89, 0x82, 0x1, 0xf1, 0x2, 0xed, 0x6c,
    0x0, 0x7e, 0xbd, 0xe8, 0x86, 0x18, 0x7, 0xea,
    0x7f, 0x62, 0xc4, 0x21, 0x11, 0x10, 0xd4, 0x81,
    0xfc, 0x23, 0xe, 0xf7, 0xb9, 0xba, 0xca, 0x10,
    0xd3, 0x0, 0x1d, 0x7f, 0xbb, 0x9f, 0xf8, 0xc0,

    /* U+4E50 "乐" */
    0x0, 0xfc, 0x26, 0xaf, 0x4e, 0x1, 0x8f, 0x7b,
    0xfe, 0xed, 0x9d, 0x23, 0x0, 0xca, 0x7b, 0xae,
    0xff, 0x76, 0x54, 0x20, 0x6, 0x12, 0x32, 0x13,
    0xa0, 0xf, 0xee, 0x60, 0x9, 0xd0, 0x3, 0xf8,
    0xb4, 0x3, 0xff, 0x84, 0x84, 0x1, 0x8, 0x7,
    0xf1, 0x85, 0x7f, 0xd4, 0x3f, 0xfd, 0x80, 0x3,
    0xbc, 0xdd, 0xa4, 0x77, 0x7b, 0x80, 0x24, 0x6,
    0x22, 0x80, 0x88, 0x20, 0x44, 0x0, 0xda, 0x60,
    0x1e, 0x4c, 0x10, 0xd, 0x44, 0xe0, 0x1e, 0x77,
    0x60, 0x5, 0x2f, 0xa0, 0x1f, 0xa4, 0x68, 0x9,
    0x7c, 0x40, 0x88, 0x60, 0x1d, 0xcc, 0x25, 0x84,
    0x0, 0x8d, 0x96, 0x0, 0xc5, 0x82,

    /* U+4E52 "乒" */
    0x0, 0xe1, 0x23, 0x46, 0x7a, 0xc2, 0x0, 0xe6,
    0xfe, 0xdd, 0x4d, 0x69, 0x51, 0x80, 0x78, 0xbf,
    0xdd, 0xb9, 0x50, 0xc2, 0x1, 0xe1, 0x0, 0xff,
    0xe1, 0x88, 0xff, 0x80, 0x3c, 0x5d, 0xdf, 0xca,
    0x1, 0xc7, 0xff, 0xc9, 0x1f, 0xe5, 0x0, 0xff,
    0xeb, 0x11, 0x38, 0x48, 0xb9, 0xf8, 0x8a, 0x3,
    0xdd, 0x39, 0x6e, 0xf1, 0xb6, 0xec, 0x66, 0xff,
    0xd3, 0x9f, 0xff, 0x8c, 0x2, 0x1a, 0x87, 0x0,
    0xff, 0x9f, 0xc7, 0xd0, 0x3, 0xfd, 0x53, 0x76,
    0x10, 0xf, 0xfa, 0xb9, 0x40, 0x3f, 0xf8, 0x0,

    /* U+4E53 "乓" */
    0x0, 0xe1, 0x23, 0x46, 0x7a, 0xc2, 0x0, 0xe6,
    0xfe, 0xdd, 0x4d, 0x69, 0x51, 0x80, 0x78, 0xbf,
    0xdd, 0xb9, 0x50, 0xc2, 0x1, 0xe1, 0x0, 0xff,
    0xe1, 0x88, 0xff, 0x80, 0x3c, 0x5d, 0xdf, 0xca,
    0x1, 0xc7, 0xff, 0xc9, 0x1f, 0xe5, 0x0, 0xff,
    0xeb, 0x11, 0x38, 0x48, 0xb9, 0xf8, 0x8a, 0x3,
    0xdd, 0x39, 0x6e, 0xf1, 0xb6, 0xec, 0x66, 0xff,
    0xfe, 0xaf, 0xfc, 0x60, 0x1f, 0xc7, 0x1a, 0x80,
    0x1f, 0xfc, 0x3, 0xd5, 0xb9, 0x0, 0xff, 0xe0,
    0xc6, 0x25, 0x80, 0x7f, 0xf0, 0x4f, 0x68, 0x0,

    /* U+4E54 "乔" */
    0x0, 0xf8, 0x49, 0x16, 0x28, 0xc0, 0x22, 0xde,
    0xe7, 0xfb, 0xb6, 0xe9, 0x41, 0x80, 0x22, 0xfc,
    0xfe, 0xa0, 0xad, 0xfd, 0xa5, 0x0, 0xc4, 0x41,
    0x16, 0x1a, 0x90, 0x7, 0xc8, 0x9c, 0xea, 0x89,
    0xf0, 0xc, 0xce, 0xb1, 0x49, 0xbb, 0x4c, 0xe1,
    0x16, 0xec, 0xa3, 0xbb, 0x60, 0x56, 0xec, 0x20,
    0x2, 0xb7, 0x82, 0x0, 0x1b, 0xc5, 0x10, 0x0,
    0xaf, 0x4a, 0xa4, 0x2, 0x27, 0xc3, 0xdc, 0x23,
    0x2d, 0x91, 0x0, 0xf1, 0x4f, 0x59, 0xc, 0x90,
    0x8, 0x80, 0x3e, 0x17, 0x0, 0xec, 0x40, 0xf,
    0xfe, 0x9, 0xb7, 0x0, 0x7f, 0xf0, 0x1b, 0x19,
    0x0, 0x3f, 0xe1, 0xb9, 0x90, 0x7, 0xff, 0x0,
    0x75, 0x80, 0x38, 0xbc, 0x40, 0x30,

    /* U+4E56 "乖" */
    0x0, 0xf8, 0x49, 0x1a, 0x28, 0x80, 0x36, 0x6f,
    0x7f, 0xbb, 0x63, 0x47, 0x0, 0x3b, 0xfe, 0xef,
    0x56, 0xcb, 0x96, 0x20, 0x8, 0x84, 0xc, 0xc4,
    0x26, 0x45, 0xe0, 0x6, 0xef, 0x91, 0x77, 0x7c,
    0x21, 0xdd, 0x6e, 0xb9, 0x17, 0xb7, 0x5d, 0xd0,
    0x80, 0x8d, 0x56, 0x22, 0x31, 0x94, 0x13, 0x30,
    0x2, 0x26, 0x4a, 0x1, 0xee, 0x8d, 0xa0, 0x6,
    0xff, 0x98, 0x3, 0xce, 0x3b, 0x0, 0x5, 0x66,
    0x18, 0x7, 0xa6, 0x44, 0x40, 0x0, 0xad, 0x38,
    0x7, 0xf7, 0x20, 0x74, 0x6b, 0x0, 0x71, 0x5d,
    0x59, 0xa8, 0x76, 0xbd, 0x68, 0x6, 0x88, 0x66,
    0xe0, 0x80, 0x80, 0xd, 0x0, 0x30, 0xab, 0x30,
    0xc0, 0x3f, 0xf8, 0xa0,

    /* U+4E58 "乘" */
    0x0, 0xf8, 0x49, 0x1a, 0x2c, 0x80, 0x35, 0xef,
    0x7f, 0xbb, 0x67, 0x47, 0x40, 0x3a, 0x7b, 0x3b,
    0xd5, 0xb6, 0xe5, 0x88, 0x2, 0x13, 0x23, 0x1,
    0x3, 0x11, 0xf0, 0x3, 0xbb, 0xca, 0xae, 0xef,
    0x0, 0x3f, 0xec, 0xaf, 0x56, 0xfa, 0xcf, 0xf8,
    0x0, 0x24, 0x4a, 0xf0, 0xd, 0xca, 0x52, 0x20,
    0x7, 0xee, 0x38, 0x7, 0xa3, 0xf8, 0x2, 0x6c,
    0xc4, 0x80, 0x7a, 0x75, 0xc4, 0x0, 0xd1, 0x52,
    0x4, 0xac, 0x40, 0x11, 0x70, 0x3, 0xbf, 0xa4,
    0x7c, 0x4b, 0xce, 0x7f, 0x18, 0x1, 0xe, 0x86,
    0xb0, 0x88, 0x86, 0xdf, 0xe8, 0x0, 0x8a, 0xa9,
    0xaa, 0x0, 0x5d, 0xd5, 0x8, 0x0, 0xb3, 0x1b,
    0xc6, 0x1, 0x8f, 0xc3, 0xac, 0x89, 0x3c, 0xe0,
    0x1f, 0xd, 0x76, 0x90,

    /* U+4E59 "乙" */
    0x1, 0x1f, 0xe2, 0x0, 0xcf, 0xdd, 0xfd, 0xb4,
    0x1, 0x3f, 0x77, 0xd2, 0xb, 0x40, 0x18, 0x47,
    0xcd, 0x2f, 0x40, 0x1f, 0xe9, 0x89, 0x80, 0xf,
    0xf5, 0x35, 0xb0, 0x7, 0xfa, 0xd3, 0x10, 0x3,
    0xfd, 0x6d, 0x86, 0x1, 0xfe, 0xb6, 0xc2, 0x0,
    0xff, 0x4a, 0xe0, 0x80, 0x7c, 0x2c, 0x6, 0xda,
    0x20, 0x1f, 0x96, 0x41, 0x8, 0xc0, 0x3f, 0x88,
    0x80, 0x44, 0x84, 0x33, 0xf9, 0x2d, 0x41, 0x65,
    0x6f, 0x33, 0xeb, 0x69, 0x0,

    /* U+4E5D "九" */
    0x0, 0xe5, 0xf0, 0xf, 0xfe, 0x18, 0x80, 0x7f,
    0xf3, 0x89, 0x12, 0xd0, 0x44, 0xc6, 0x1, 0xcb,
    0x77, 0x38, 0xdd, 0xed, 0x0, 0xe7, 0xff, 0x9d,
    0x3f, 0xea, 0x0, 0xff, 0x11, 0x0, 0x3f, 0xf8,
    0x4f, 0xc0, 0x1f, 0xfc, 0x12, 0x22, 0x80, 0x7f,
    0xf0, 0x68, 0xc8, 0x3, 0xff, 0x80, 0x4f, 0x40,
    0x1f, 0x84, 0x40, 0x17, 0xa3, 0x0, 0x7e, 0x4d,
    0x3, 0xd0, 0xa0, 0xe, 0x11, 0x19, 0x63, 0x6,
    0xa6, 0x88, 0x7, 0x29, 0x66, 0xbf, 0x7, 0xc8,
    0x7, 0xc3, 0xbf, 0xee, 0x40,

    /* U+4E5E "乞" */
    0x0, 0xc2, 0x20, 0xf, 0xfe, 0x15, 0x50, 0x3,
    0xff, 0x82, 0xa9, 0x86, 0x7f, 0xc0, 0x1a, 0x2,
    0x33, 0x3f, 0x80, 0x2c, 0xe, 0xff, 0xff, 0x0,
    0x30, 0xbc, 0x40, 0x3f, 0xf8, 0x9, 0x91, 0xff,
    0xf8, 0xc0, 0x34, 0x15, 0xee, 0xe8, 0x2, 0xc3,
    0x0, 0xf0, 0x91, 0xe, 0x22, 0xd3, 0x0, 0xfe,
    0x4f, 0x1d, 0x70, 0xf, 0xf4, 0x5c, 0x59, 0x0,
    0x7f, 0xa9, 0x75, 0x80, 0x3e, 0x50, 0x9, 0x55,
    0x84, 0x1, 0xf0, 0xd0, 0x4, 0x60, 0x86, 0x45,
    0xe3, 0x92, 0x0, 0x99, 0x97, 0x9b, 0xbe, 0xc6,
    0x80,

    /* U+4E5F "也" */
    0x0, 0x97, 0x0, 0x2e, 0x40, 0xf, 0xfe, 0x3a,
    0x0, 0x7f, 0xc2, 0xb5, 0xf6, 0x60, 0x1f, 0x94,
    0x6a, 0xce, 0xc0, 0x40, 0x38, 0xab, 0xec, 0x27,
    0xa5, 0x0, 0x32, 0xd5, 0x4, 0xef, 0x84, 0x80,
    0x2, 0x6, 0x5, 0x66, 0xc7, 0x28, 0x1, 0xc6,
    0x2, 0x5, 0xd3, 0x80, 0x1f, 0x98, 0x40, 0x3f,
    0xf8, 0x6, 0x6f, 0x70, 0xf, 0xfe, 0x5, 0x70,
    0x40, 0x7, 0xff, 0x2, 0x76, 0xc6, 0x8, 0x3,
    0x8, 0x5, 0xaa, 0x1, 0x99, 0xc0, 0x26, 0x24,
    0x11, 0x10, 0x8, 0xce, 0x28, 0x1, 0x1b, 0xd7,
    0x77, 0xd5, 0x22,

    /* U+4E60 "习" */
    0x2, 0x2f, 0xfe, 0x0, 0xe, 0xef, 0xff, 0x0,
    0xc7, 0xff, 0xfe, 0x1, 0x0, 0xa0, 0x40, 0x3f,
    0xf8, 0x3, 0xea, 0x1, 0xff, 0x4d, 0xd4, 0x80,
    0x61, 0x0, 0xf2, 0xea, 0x40, 0x7, 0x18, 0x7,
    0x16, 0x40, 0x8, 0x8c, 0x3, 0xf9, 0xf3, 0x90,
    0x0, 0x20, 0x11, 0x3e, 0x75, 0xd7, 0x28, 0x80,
    0x5, 0xf3, 0x6e, 0xbb, 0x18, 0x41, 0xc0, 0x2b,
    0xb7, 0x63, 0x8, 0x6, 0x22, 0x0, 0xe3, 0x88,
    0x6, 0x22, 0xa9, 0xc0, 0x3f, 0xa7, 0x74, 0x30,
    0x1, 0xfd, 0x7f, 0xed, 0x20,

    /* U+4E61 "乡" */
    0x0, 0xf0, 0x88, 0x3, 0xfe, 0x1d, 0xd0, 0x7,
    0xf8, 0x70, 0x34, 0x3, 0xf8, 0xb1, 0xb0, 0x40,
    0x71, 0x80, 0x33, 0x6a, 0x4a, 0x2b, 0x78, 0x38,
    0x4, 0xb2, 0xd, 0xf1, 0x52, 0xd8, 0x20, 0x12,
    0xef, 0xfb, 0x80, 0x6e, 0x0, 0x2, 0x1, 0x10,
    0x46, 0x27, 0x20, 0x1, 0xfc, 0x0, 0x2f, 0xcd,
    0x1c, 0xf3, 0x57, 0x10, 0x0, 0x64, 0x9, 0xde,
    0x70, 0xea, 0x21, 0x80, 0x1f, 0xdf, 0xb9, 0x53,
    0x2b, 0x29, 0x0, 0x88, 0x40, 0x32, 0xfb, 0xe1,
    0x0, 0x7c, 0xb9, 0x4d, 0x62, 0x1, 0xa, 0x3d,
    0xfd, 0xdb, 0xa0, 0x3, 0xa2, 0xe8, 0xab, 0x9c,
    0x40, 0x3d, 0x3d, 0xb2, 0xa0, 0x1f, 0xc0,

    /* U+4E66 "书" */
    0x0, 0xe4, 0xe0, 0x8, 0x68, 0x80, 0x3f, 0xf8,
    0x2, 0x5a, 0xe0, 0xb, 0xdd, 0xa8, 0x77, 0x72,
    0x6e, 0x84, 0x3e, 0x66, 0x60, 0x99, 0xa8, 0x89,
    0x42, 0x8, 0x9b, 0x5, 0x12, 0x30, 0xf, 0xfe,
    0x39, 0x17, 0x80, 0x8b, 0x1, 0x10, 0x33, 0x77,
    0x48, 0xee, 0xd2, 0x3b, 0xa3, 0xef, 0xfd, 0x63,
    0xff, 0xdc, 0x4, 0x1, 0xff, 0xc0, 0x20, 0x10,
    0xf, 0xfe, 0x3, 0x8, 0x7, 0xf8, 0xce, 0xe4,
    0x0, 0xff, 0x5e, 0xe9, 0xe0, 0x3, 0xfd, 0x1d,
    0xcc, 0x20,

    /* U+4E70 "买" */
    0x0, 0xff, 0xe2, 0x1f, 0xff, 0xff, 0x2, 0x80,
    0xf7, 0x7f, 0xe0, 0xf0, 0x1, 0x11, 0x88, 0xa6,
    0x12, 0x23, 0x8a, 0x80, 0x45, 0x3a, 0x81, 0x8,
    0x0, 0x88, 0x0, 0x62, 0xdb, 0xa1, 0x1, 0x0,
    0x73, 0x0, 0x5b, 0x24, 0xdc, 0x22, 0x30, 0x1,
    0x80, 0x6c, 0x1d, 0x40, 0x1, 0x30, 0x7, 0xc3,
    0x1a, 0x80, 0x40, 0x40, 0x1e, 0xef, 0xf6, 0xff,
    0xb4, 0x3b, 0xff, 0x83, 0x37, 0x78, 0x9f, 0x77,
    0xc0, 0x45, 0xca, 0x79, 0x22, 0x45, 0x80, 0x3a,
    0x63, 0x53, 0x37, 0x10, 0x3, 0x24, 0x79, 0x69,
    0x83, 0xf5, 0xdc, 0x21, 0xb2, 0x37, 0x62, 0x0,
    0xcf, 0xc3, 0x1, 0xba, 0x94, 0x0, 0xf8, 0x6a,
    0x40,

    /* U+4E71 "乱" */
    0x0, 0xff, 0xe3, 0x92, 0x3d, 0xfa, 0x1f, 0x80,
    0x7b, 0x7f, 0xd5, 0x9f, 0xc8, 0x1, 0xfb, 0x7f,
    0x53, 0x10, 0x40, 0x3f, 0xf9, 0x8b, 0xff, 0x2c,
    0x7f, 0xce, 0x1, 0xe5, 0xee, 0x91, 0xfb, 0xa7,
    0x0, 0xf8, 0x47, 0x78, 0x8c, 0x1, 0xf8, 0x47,
    0x78, 0x88, 0x3, 0xfa, 0x7b, 0x88, 0xfd, 0xc5,
    0x0, 0xfe, 0x6f, 0xfc, 0x60, 0x1f, 0xfc, 0xaa,
    0x30, 0xf, 0xfe, 0x13, 0x38, 0x1, 0xbf, 0xf1,
    0x80, 0x46, 0x24, 0x6c, 0x0, 0x5e, 0xec, 0x40,
    0x66, 0xce, 0xd5, 0x20,

    /* U+4E73 "乳" */
    0x0, 0xc2, 0x46, 0xaa, 0x0, 0xfd, 0x5f, 0xd9,
    0xd1, 0x84, 0x3c, 0x80, 0x1d, 0x76, 0xea, 0xfb,
    0xa8, 0x0, 0xfc, 0x76, 0x3f, 0x41, 0x4a, 0x20,
    0x1f, 0x12, 0xcd, 0xb8, 0xb4, 0x80, 0x7f, 0x70,
    0x9c, 0x93, 0x98, 0x7, 0xe5, 0xb6, 0xf8, 0xc7,
    0x90, 0xf, 0xcb, 0xdd, 0x98, 0x6c, 0x3, 0xf8,
    0x46, 0x84, 0xc2, 0x0, 0xff, 0x91, 0xf0, 0xc,
    0x40, 0x3c, 0x31, 0x57, 0x43, 0xdb, 0xc6, 0x1,
    0xf0, 0x96, 0xb0, 0xf7, 0xe9, 0x0, 0x6b, 0x41,
    0x98, 0x6c, 0x31, 0x0, 0xf9, 0xc0, 0x38, 0x40,
    0x3c, 0x40, 0x26, 0xc0, 0x4, 0xfa, 0x40, 0xc,
    0xd3, 0xfc, 0xa4,

    /* U+4E7E "乾" */
    0x0, 0x8b, 0xc0, 0x33, 0x58, 0x7, 0x17, 0xfb,
    0x43, 0xfd, 0xa1, 0xa4, 0x67, 0x84, 0xbb, 0x96,
    0x1d, 0xcc, 0x14, 0x6c, 0xcc, 0x80, 0x20, 0xe0,
    0x10, 0xdb, 0x77, 0x72, 0x84, 0xff, 0x16, 0x7e,
    0x2c, 0x8, 0xf0, 0x5, 0x3b, 0xb3, 0xb4, 0xbb,
    0x36, 0x0, 0xd3, 0xbb, 0x31, 0x27, 0xfb, 0x27,
    0x40, 0x34, 0xee, 0xcc, 0x5, 0x32, 0x32, 0xa0,
    0xd, 0x1d, 0xd3, 0x0, 0x4c, 0xcf, 0x10, 0xa,
    0x7f, 0x7, 0xbe, 0x0, 0xa6, 0xc8, 0x2, 0x4d,
    0xd6, 0x6, 0xec, 0x1c, 0xe8, 0x0, 0x61, 0x5e,
    0xe5, 0x87, 0x74, 0xa3, 0x0, 0x15, 0x10, 0x99,
    0x9c, 0xc, 0xec, 0x62, 0x28, 0xcc, 0x40, 0x1f,
    0xa9, 0xb7, 0x6c, 0x51,

    /* U+4E86 "了" */
    0x2, 0x2f, 0xfe, 0x0, 0x1e, 0xef, 0xff, 0x0,
    0xcd, 0xff, 0xfc, 0xe1, 0x46, 0x1, 0xf8, 0x6d,
    0xb1, 0x40, 0x3f, 0x3f, 0xf, 0x98, 0x7, 0xe5,
    0x8b, 0xa1, 0x0, 0xff, 0xa, 0x0, 0x7f, 0xff,
    0xc0, 0x22, 0x32, 0xd0, 0xf, 0xf2, 0xe6, 0xb4,
    0x80, 0x78,

    /* U+4E88 "予" */
    0x0, 0xff, 0xe2, 0x37, 0xff, 0xf9, 0x40, 0x26,
    0xee, 0xfa, 0x81, 0x14, 0x3, 0x8, 0xa4, 0x84,
    0x49, 0x49, 0x60, 0x1f, 0x16, 0x5c, 0x54, 0x58,
    0x7, 0xea, 0xd0, 0x72, 0x50, 0xe, 0x33, 0xe1,
    0x87, 0x2d, 0x53, 0x38, 0x3b, 0x77, 0xce, 0x22,
    0xbd, 0xcc, 0x16, 0xf7, 0x75, 0xf, 0x75, 0xe5,
    0x4, 0x1, 0xff, 0x53, 0x38, 0x7, 0xfc, 0x25,
    0x60, 0x1f, 0xfc, 0x1, 0x90, 0xf, 0xfe, 0x51,
    0x10, 0xc0, 0x3f, 0xf8, 0x19, 0xb2, 0xc0, 0x1f,
    0x0,

    /* U+4E89 "争" */
    0x0, 0xe3, 0x40, 0xf, 0xfe, 0x8, 0xee, 0x84,
    0x70, 0x7, 0xf5, 0xb, 0x77, 0x6a, 0x0, 0xfa,
    0x9b, 0xbf, 0xe9, 0x18, 0x0, 0xe1, 0xc4, 0xe3,
    0x22, 0x24, 0xc0, 0x10, 0x6, 0x47, 0x1c, 0xdd,
    0xac, 0x27, 0x74, 0xc0, 0x12, 0xdf, 0xfe, 0x56,
    0xff, 0x8c, 0x3, 0x19, 0xf8, 0x48, 0xce, 0x1e,
    0x32, 0x1e, 0xef, 0x22, 0x3b, 0xa2, 0x6e, 0xa1,
    0xdd, 0xf2, 0xb6, 0xec, 0x71, 0xb0, 0x0, 0x23,
    0x3c, 0x24, 0x67, 0x8, 0x7, 0x5f, 0x76, 0x44,
    0x77, 0x40, 0x60, 0x1a, 0x77, 0x72, 0xb6, 0xee,
    0x50, 0xf, 0x9, 0x10, 0x40, 0x3f, 0xf8, 0x9,
    0xba, 0x6d, 0x0, 0xf8,

    /* U+4E8B "事" */
    0x0, 0xfa, 0x68, 0x3, 0xf6, 0x77, 0x73, 0x2f,
    0x77, 0x84, 0x33, 0xbb, 0x99, 0x9d, 0xde, 0x10,
    0x1, 0xfe, 0xec, 0xed, 0xbb, 0x7b, 0x80, 0x70,
    0xee, 0xce, 0xbb, 0xb2, 0x0, 0x78, 0xf7, 0x67,
    0x4d, 0xd9, 0x84, 0x3, 0x1e, 0xee, 0x74, 0xdd,
    0xcc, 0x1, 0xa7, 0x77, 0x3a, 0xee, 0xdd, 0x60,
    0x1a, 0x77, 0x73, 0xae, 0xec, 0xce, 0x0, 0x1e,
    0xef, 0x32, 0xf7, 0x4e, 0x7c, 0xc3, 0xdd, 0xe6,
    0x67, 0x75, 0x9, 0xcc, 0x0, 0xce, 0xec, 0xcc,
    0xee, 0xa0, 0x3, 0xb3, 0xbb, 0x33, 0x3b, 0xaa,
    0x20, 0xf, 0xbf, 0xcf, 0x80, 0x12, 0xc8, 0x0,

    /* U+4E8C "二" */
    0x0, 0x9, 0x17, 0xf8, 0x40, 0x35, 0x6e, 0xff,
    0xc0, 0x1a, 0xb7, 0x7f, 0xe0, 0xc, 0x24, 0x5f,
    0xe1, 0x0, 0xff, 0xff, 0x80, 0x7f, 0xf3, 0x19,
    0xbf, 0xf8, 0x40, 0x31, 0x1f, 0xfc, 0x21,

    /* U+4E8E "于" */
    0x0, 0x19, 0xff, 0xf0, 0x0, 0x36, 0x67, 0xff,
    0x0, 0x3, 0x7f, 0xf4, 0x1f, 0xff, 0x0, 0x7f,
    0xf7, 0x7c, 0x3, 0xf0, 0xff, 0xf9, 0xcf, 0xff,
    0xc4, 0x3b, 0xbe, 0x73, 0xdd, 0xf1, 0x1, 0x17,
    0xbc, 0x8, 0xbc, 0x1, 0xff, 0xe9, 0x33, 0xb5,
    0xc0, 0x3f, 0xeb, 0xcc, 0x3f, 0x0, 0x7f, 0xd1,
    0xfe, 0xd5, 0x0, 0xf8,

    /* U+4E8F "亏" */
    0x0, 0x77, 0xff, 0xfb, 0x40, 0x36, 0x6e, 0xff,
    0xb0, 0x3, 0x11, 0x7f, 0xc2, 0x1, 0xff, 0xc6,
    0x2e, 0xef, 0xfe, 0x10, 0x96, 0xec, 0xc3, 0xbb,
    0xfc, 0x20, 0x67, 0xa, 0x19, 0xff, 0x0, 0x72,
    0x98, 0x7, 0xff, 0x4, 0x4d, 0xfb, 0xbe, 0x40,
    0xe, 0x1c, 0xc6, 0xef, 0x85, 0x80, 0x3c, 0x67,
    0xf0, 0x81, 0x80, 0x7f, 0xf0, 0x5c, 0x44, 0x1,
    0xfc, 0x42, 0x37, 0x20, 0x7, 0xfa, 0xfb, 0xa6,
    0x80, 0xf, 0xf4, 0xff, 0xda, 0x40, 0x10,

    /* U+4E91 "云" */
    0x0, 0x88, 0xbf, 0xc2, 0x1, 0x97, 0x77, 0xfc,
    0xc0, 0x19, 0x7f, 0xff, 0xce, 0x1, 0xff, 0xd6,
    0x1d, 0xdf, 0xfe, 0x10, 0x8a, 0x23, 0x29, 0x24,
    0x47, 0xc2, 0xa, 0xb9, 0xa, 0x55, 0x7e, 0x0,
    0xe5, 0x39, 0x0, 0xb2, 0x0, 0x3f, 0x5a, 0xa0,
    0x5, 0xe, 0x60, 0x1e, 0xa3, 0xa0, 0xc, 0x8d,
    0xa0, 0x1c, 0xcb, 0x6, 0x8c, 0xf1, 0x24, 0x32,
    0x1, 0xc, 0x85, 0x65, 0xdc, 0x40, 0x6e, 0xc6,
    0x0, 0x1a, 0xcd, 0xff, 0x6e, 0x54, 0xc4, 0x11,
    0x0, 0x12, 0x99, 0x0, 0x7e, 0xb7, 0x0,

    /* U+4E92 "互" */
    0xa, 0xff, 0xff, 0xe0, 0x58, 0x2, 0xf7, 0x54,
    0x19, 0xbb, 0xf4, 0x80, 0x4, 0x88, 0x62, 0x64,
    0x5f, 0x80, 0x3b, 0xd4, 0x3, 0xff, 0x84, 0x49,
    0xff, 0xe4, 0x0, 0xf9, 0x63, 0x77, 0x60, 0x38,
    0x7, 0x84, 0x4a, 0x45, 0x84, 0x8, 0x3, 0xca,
    0x4, 0x1, 0x98, 0x4, 0x3, 0xd8, 0x45, 0xe3,
    0x10, 0xf, 0x8c, 0xb7, 0x7a, 0x14, 0x3, 0xeb,
    0xff, 0xf3, 0x10, 0x7, 0xff, 0x9, 0x78, 0x3,
    0x88, 0xbf, 0xc0, 0x45, 0x1, 0x6e, 0xff, 0xc,
    0x6e, 0xc6,

    /* U+4E94 "五" */
    0x1, 0xff, 0xff, 0xe0, 0x0, 0x43, 0x99, 0x94,
    0xf3, 0x3c, 0x1, 0x8c, 0xf0, 0x29, 0x9f, 0x80,
    0x3f, 0x3f, 0x0, 0x7f, 0xc6, 0x71, 0x1, 0x9e,
    0x10, 0xe, 0x3c, 0xc8, 0x23, 0x33, 0x38, 0x7,
    0x1f, 0xfa, 0xc3, 0xff, 0x9, 0x80, 0x7e, 0x32,
    0x0, 0xc2, 0xc0, 0x1f, 0xb5, 0xc0, 0x21, 0x1,
    0x0, 0xfc, 0xfa, 0x1, 0x10, 0x10, 0x7, 0xe2,
    0x40, 0x9, 0x84, 0x3, 0xf, 0xfe, 0xc, 0xff,
    0xa8, 0x7f, 0xe2, 0x1c, 0xcf, 0xfe, 0x11, 0x0,

    /* U+4E95 "井" */
    0x0, 0xcd, 0xa0, 0x1a, 0xe0, 0x3, 0xff, 0x92,
    0x23, 0x80, 0x47, 0x38, 0x8e, 0x0, 0x4f, 0x72,
    0xb, 0xbb, 0x1b, 0x77, 0x2c, 0x1, 0x1d, 0xc8,
    0x2e, 0xec, 0x8f, 0xdc, 0xa0, 0x8, 0x46, 0x1,
    0x1c, 0x0, 0x11, 0x0, 0x78, 0x44, 0x1, 0xff,
    0x11, 0x5c, 0x4, 0x59, 0xc4, 0x8a, 0x0, 0x6e,
    0xcc, 0x7b, 0xb8, 0xdb, 0x76, 0x10, 0xff, 0x89,
    0xff, 0xf2, 0x3f, 0xfc, 0x20, 0x11, 0x95, 0x80,
    0x7f, 0xf0, 0x7d, 0xc, 0x3, 0xfe, 0x1b, 0x2a,
    0x0, 0xff, 0xe0, 0x4b, 0x60, 0x80, 0x7f, 0xf0,
    0x23, 0x48, 0x3, 0xd7, 0x0, 0x18,

    /* U+4E9A "亚" */
    0x9, 0xff, 0xff, 0xe0, 0x88, 0x46, 0xec, 0xc5,
    0xba, 0x54, 0xdd, 0xc2, 0x2, 0x45, 0x70, 0x91,
    0xc, 0x48, 0xb0, 0x0, 0x4c, 0x3, 0xfc, 0x42,
    0x0, 0x2c, 0x0, 0xff, 0x74, 0x80, 0xc, 0x98,
    0x3, 0xf1, 0x1d, 0x0, 0x57, 0x60, 0xf, 0xd6,
    0x84, 0x1, 0x31, 0x20, 0x7, 0x85, 0xa0, 0x3,
    0x97, 0x80, 0x3d, 0x28, 0x60, 0x1d, 0x32, 0x0,
    0xf5, 0x48, 0x7, 0x8c, 0xc0, 0x1e, 0x22, 0x0,
    0x7f, 0xf1, 0xc7, 0xff, 0x41, 0xff, 0x99, 0x7f,
    0xf3, 0x8e, 0x67, 0xff, 0x9, 0x80,

    /* U+4E9B "些" */
    0x0, 0xd6, 0xe0, 0x3, 0xf0, 0xf, 0x8e, 0xc0,
    0x3f, 0x9f, 0x8, 0x0, 0xec, 0x0, 0x8e, 0xd0,
    0x5, 0x7d, 0x50, 0x80, 0x3c, 0xf9, 0xe0, 0xd,
    0xd9, 0x80, 0x3e, 0xf2, 0x20, 0x1, 0xc8, 0x0,
    0xc0, 0x1f, 0xfc, 0x38, 0x30, 0x8, 0x9f, 0x62,
    0x80, 0xa, 0x66, 0x51, 0x23, 0xa2, 0xd1, 0x18,
    0x8d, 0x63, 0x75, 0x10, 0x13, 0xce, 0xfd, 0xb9,
    0x80, 0xad, 0xee, 0x6b, 0x80, 0x9, 0x7f, 0xff,
    0xce, 0x1, 0x97, 0x33, 0xfc, 0xc0, 0x18, 0x4c,
    0xff, 0xc2, 0x1, 0x11, 0x7f, 0xf0, 0x80, 0x77,
    0x7f, 0xf8, 0x42,

    /* U+4EA1 "亡" */
    0x0, 0xf9, 0x0, 0x3f, 0xf8, 0x75, 0x0, 0x1f,
    0xfc, 0x29, 0x70, 0xf, 0xfe, 0x12, 0x91, 0x80,
    0x78, 0x7f, 0xfd, 0xa5, 0x9f, 0xfc, 0x43, 0xdc,
    0x27, 0xee, 0xff, 0x10, 0x8, 0xde, 0x23, 0xfe,
    0x0, 0xff, 0xff, 0x80, 0x7f, 0xf3, 0xa3, 0xff,
    0xf8, 0x80, 0x37, 0xe6, 0x7f, 0x88, 0x0,

    /* U+4EA2 "亢" */
    0x0, 0xf8, 0xc4, 0x3, 0xff, 0x85, 0xac, 0x1,
    0xff, 0xc2, 0x89, 0x0, 0xfc, 0x89, 0xe3, 0x55,
    0x22, 0x70, 0x2, 0x6a, 0xba, 0xd6, 0xea, 0xb8,
    0x1, 0xbd, 0xdf, 0xfc, 0x10, 0xe, 0x5d, 0xdf,
    0x20, 0x7, 0xe3, 0x9, 0x9c, 0x62, 0x1, 0xfc,
    0x28, 0x98, 0x3, 0xfd, 0xce, 0x1, 0xff, 0xc2,
    0x33, 0x0, 0x7f, 0xf0, 0x49, 0x2c, 0x3, 0xf4,
    0x20, 0x5, 0xe8, 0x60, 0x1f, 0x84, 0x80, 0xb0,
    0x2c, 0x3, 0x8c, 0x84, 0x94, 0x89, 0xaf, 0x80,
    0x1e, 0xa9, 0xed, 0x74, 0x2d, 0xb1, 0x0, 0xf3,
    0xf7, 0xfa, 0xc0,

    /* U+4EA4 "交" */
    0x0, 0xf0, 0xb8, 0x7, 0xff, 0x8, 0x65, 0xc0,
    0x3f, 0x19, 0xf9, 0xe8, 0xcf, 0xc0, 0xd, 0xcc,
    0xe6, 0x2c, 0xce, 0xe0, 0x7, 0x7f, 0xba, 0x7f,
    0xf5, 0xf7, 0xfb, 0x40, 0x30, 0xe6, 0x0, 0x36,
    0xfa, 0x0, 0x71, 0xfb, 0xd0, 0x6, 0x98, 0xb8,
    0x0, 0x9f, 0x1a, 0x20, 0x1, 0xa4, 0xb1, 0xe4,
    0x0, 0xb7, 0x4, 0xc8, 0x0, 0x36, 0x61, 0xe6,
    0x80, 0x9, 0x0, 0x11, 0x22, 0x1e, 0xc4, 0x6,
    0x80, 0x1e, 0x66, 0x6d, 0x4, 0x80, 0x7f, 0xd2,
    0x6b, 0xe0, 0x1f, 0xf4, 0x6a, 0x2e, 0x48, 0x80,
    0x79, 0x27, 0x96, 0xed, 0x58, 0x9d, 0x4c, 0x40,
    0xe, 0xb3, 0xbd, 0x40, 0x1, 0xed, 0x9d, 0xe0,
    0x86, 0x7d, 0x28, 0x7, 0x92, 0x77, 0xc4,

    /* U+4EA5 "亥" */
    0x0, 0xf8, 0xc0, 0x3f, 0xf8, 0x7a, 0xe0, 0x1f,
    0x8c, 0xfc, 0xf0, 0x67, 0xe0, 0x1c, 0xcf, 0x30,
    0x66, 0x78, 0x87, 0xff, 0x48, 0x6f, 0xff, 0xc4,
    0x1, 0x96, 0x6c, 0x80, 0x12, 0xa0, 0x1f, 0x35,
    0x3b, 0x91, 0x10, 0xee, 0x0, 0xf2, 0x48, 0x3e,
    0xcd, 0xbe, 0x92, 0x98, 0x6, 0x4c, 0xef, 0xa0,
    0x2d, 0x34, 0xa4, 0x0, 0xe3, 0x35, 0x5b, 0xe9,
    0x12, 0x95, 0xc0, 0x21, 0x7c, 0xd1, 0xca, 0x6,
    0xd7, 0xa0, 0xc, 0x52, 0x9b, 0x66, 0x35, 0x2b,
    0x20, 0x1c, 0x7d, 0x4, 0x49, 0xe1, 0x75, 0xa1,
    0x0, 0xe1, 0x6b, 0xd5, 0xbb, 0x46, 0xb7, 0x30,
    0x5, 0x7d, 0x5, 0x98, 0x40, 0x1, 0x64, 0x4b,
    0x80, 0x23, 0x3a, 0x4c, 0x3, 0xcf, 0x8e, 0x0,

    /* U+4EA6 "亦" */
    0x0, 0xf0, 0xc8, 0x80, 0x7f, 0xf0, 0x45, 0x60,
    0x3, 0xff, 0x85, 0xe8, 0x1, 0xfb, 0xbb, 0xda,
    0x7d, 0xde, 0x0, 0x55, 0x69, 0x1a, 0xa3, 0x85,
    0x56, 0x0, 0x22, 0x63, 0x14, 0x47, 0x9a, 0x26,
    0x0, 0x8b, 0x84, 0x3, 0xc5, 0xa0, 0x1c, 0xa4,
    0x22, 0x30, 0xc, 0x40, 0xe0, 0x1a, 0xa8, 0x4,
    0x20, 0x1d, 0x30, 0x20, 0x6, 0x36, 0xc, 0x40,
    0xe, 0x42, 0x60, 0x5, 0xd8, 0x5, 0x34, 0x3,
    0xd5, 0x40, 0x6, 0xa8, 0x41, 0x28, 0x7, 0x9a,
    0xc0, 0x31, 0xb4, 0x0, 0x7c, 0x2c, 0x1, 0x1e,
    0xb2, 0x81, 0x9b, 0xc4, 0x3, 0xe8, 0x79, 0x0,
    0x7e, 0x3d, 0x0, 0x7d, 0x72, 0x1, 0x67, 0xf3,
    0x0, 0x70,

    /* U+4EA7 "产" */
    0x0, 0xf8, 0x40, 0x3f, 0xf8, 0x5b, 0x40, 0x1f,
    0x91, 0x3a, 0xd5, 0x91, 0x31, 0x0, 0xcc, 0xf5,
    0x15, 0xcc, 0xea, 0x1, 0xdd, 0x43, 0x6e, 0xec,
    0x1e, 0xd8, 0x0, 0xca, 0xa6, 0x0, 0xa4, 0x4c,
    0x3, 0x19, 0xcd, 0xc6, 0x73, 0x51, 0x9c, 0x0,
    0xec, 0xc3, 0xbb, 0x32, 0x18, 0xcc, 0x78, 0x5,
    0x3f, 0xff, 0xec, 0x0, 0x19, 0x80, 0x3f, 0xf8,
    0x22, 0xc0, 0x1f, 0xfc, 0x1, 0x1, 0x0, 0xff,
    0xe0, 0x28, 0x10, 0x7, 0xff, 0x3, 0x50, 0x3,
    0xff, 0x80, 0x2d, 0xe0, 0x1f, 0xfc, 0x1, 0xb4,
    0x0, 0xff, 0xe0, 0x0,

    /* U+4EA8 "亨" */
    0x0, 0xf9, 0x84, 0x3, 0xff, 0x85, 0x50, 0x1,
    0xf0, 0xff, 0xf8, 0xdb, 0xff, 0xc2, 0x2e, 0xef,
    0xfe, 0x10, 0x80, 0x8a, 0xff, 0xff, 0x68, 0x88,
    0x3, 0xc, 0x77, 0x7a, 0xc8, 0x3, 0xee, 0x22,
    0xf1, 0x80, 0x7c, 0x66, 0x99, 0xf6, 0xa0, 0x6,
    0x12, 0xa9, 0x9f, 0xd0, 0x20, 0x13, 0xff, 0xfe,
    0xcd, 0xd5, 0x0, 0x4d, 0xbb, 0xe9, 0x43, 0x4b,
    0xb0, 0x7, 0xf4, 0x4e, 0x62, 0xd0, 0x3, 0xfe,
    0x65, 0x10, 0xf, 0xe1, 0x10, 0x8, 0x7, 0xff,
    0x2, 0x7b, 0xdf, 0x80, 0x3e,

    /* U+4EA9 "亩" */
    0x0, 0xf9, 0x40, 0x3f, 0xf8, 0x76, 0xc0, 0x1f,
    0x8c, 0xfc, 0xf0, 0x67, 0xe0, 0x6, 0x67, 0x98,
    0x73, 0x3c, 0x0, 0xff, 0xff, 0xe1, 0x0, 0x44,
    0x67, 0xfe, 0x20, 0xd, 0xf9, 0x9f, 0xee, 0x0,
    0xea, 0xff, 0x99, 0x9f, 0xf4, 0x80, 0x7f, 0xf2,
    0xaf, 0x76, 0x66, 0x6e, 0xd0, 0x1, 0xe6, 0x99,
    0x91, 0x13, 0x33, 0x80, 0x7b, 0x51, 0x22, 0x22,
    0x25, 0xe0, 0x1f, 0xfc, 0xaa, 0xff, 0x99, 0x9f,
    0xf4, 0x80, 0x7a, 0x33, 0x3f, 0x38, 0x4,

    /* U+4EAB "享" */
    0x0, 0xf9, 0x88, 0x3, 0xff, 0x85, 0x56, 0x1,
    0xfb, 0xff, 0xc6, 0xdf, 0xfe, 0x0, 0x7f, 0xff,
    0xf0, 0x80, 0x37, 0xf7, 0x7e, 0xf0, 0xf, 0xb7,
    0xbb, 0xda, 0x1, 0xfb, 0xee, 0xfd, 0xe0, 0x1f,
    0x6f, 0x4c, 0xfb, 0xb4, 0x3, 0xa7, 0x33, 0xfb,
    0x4c, 0x3, 0x4f, 0x76, 0xfb, 0x40, 0x4c, 0x30,
    0xf, 0xeb, 0x8f, 0xea, 0x30, 0x8, 0xbf, 0xfc,
    0xa5, 0x5f, 0xfc, 0x44, 0xee, 0xf2, 0x2f, 0x77,
    0x88, 0x4, 0x7e, 0x31, 0x1f, 0x0, 0x72, 0x7f,
    0x93, 0x0, 0x3e,

    /* U+4EAC "京" */
    0x0, 0xf8, 0xc0, 0x3f, 0xf8, 0x25, 0x88, 0x1,
    0xf1, 0x9f, 0xa, 0x49, 0x9f, 0x83, 0x73, 0x39,
    0xb, 0x33, 0xc1, 0xdf, 0xff, 0xfc, 0x10, 0xb,
    0xff, 0xfc, 0x40, 0x1d, 0x7d, 0xde, 0xd0, 0xf,
    0x9c, 0x47, 0xc6, 0x1, 0xf3, 0x88, 0xf8, 0x80,
    0x3e, 0xbe, 0xef, 0x60, 0x7, 0xbf, 0xf3, 0x2f,
    0xfe, 0x20, 0xd, 0x92, 0x1, 0xeb, 0xa0, 0xd,
    0x41, 0x20, 0x1e, 0xa7, 0xb0, 0x6, 0xe, 0x81,
    0x10, 0xc0, 0x21, 0xc5, 0x90, 0xfb, 0x11, 0x6e,
    0x93, 0xc0, 0x21, 0xcb,

    /* U+4EAD "亭" */
    0x0, 0xf9, 0x80, 0x3f, 0xf8, 0x7b, 0x40, 0x1f,
    0xbf, 0xfc, 0x8b, 0xff, 0xe1, 0xf, 0xff, 0xfe,
    0x10, 0x80, 0x5b, 0xdb, 0xbe, 0xee, 0x0, 0x7d,
    0x7b, 0xbe, 0xb0, 0xf, 0x86, 0xf7, 0x7d, 0x60,
    0x1f, 0x67, 0x6e, 0xfb, 0xb8, 0x1, 0xb7, 0xff,
    0xff, 0x81, 0xc0, 0x16, 0x7f, 0xff, 0xb0, 0x2,
    0x10, 0xdf, 0xff, 0xdc, 0x4, 0x0, 0xc3, 0xdf,
    0xfa, 0x47, 0xfe, 0xe3, 0xc0, 0xf, 0xc6, 0x1,
    0xff, 0xc1, 0x11, 0x10, 0x7, 0xff, 0x0, 0x7b,
    0x92, 0xc0, 0x1f, 0x0,

    /* U+4EAE "亮" */
    0x0, 0xf9, 0x88, 0x3, 0xff, 0x85, 0x92, 0x1,
    0xfb, 0xbb, 0xca, 0x9f, 0xdd, 0xc0, 0xf, 0xff,
    0x77, 0x5f, 0xfc, 0x0, 0x11, 0x6f, 0xe6, 0x7b,
    0xfc, 0x22, 0x0, 0xe8, 0xdd, 0xf5, 0x80, 0x7e,
    0x8d, 0xdf, 0x58, 0x7, 0xd9, 0xdb, 0xbe, 0xee,
    0x0, 0x6c, 0xff, 0xff, 0xe0, 0x58, 0x5, 0x3f,
    0xff, 0xe8, 0x0, 0x94, 0x80, 0xff, 0xfc, 0x20,
    0x46, 0x0, 0x94, 0x6, 0x1e, 0xeb, 0x0, 0x25,
    0x80, 0xe, 0xe4, 0x11, 0xc0, 0x10, 0xc8, 0x4,
    0x54, 0x90, 0x1, 0xc4, 0xa, 0xe0, 0xc, 0xd0,
    0xe2, 0x0, 0x88, 0xf3, 0xed, 0x80, 0x1b, 0xf4,
    0x20, 0x1d, 0x9f, 0xf4, 0x0,

    /* U+4EB2 "亲" */
    0x0, 0xf0, 0x80, 0x7f, 0xf0, 0x7, 0x90, 0x3,
    0xe3, 0x3c, 0x49, 0x6, 0x7c, 0x0, 0x9f, 0xfc,
    0xe1, 0xff, 0xc2, 0x15, 0x8e, 0x99, 0x99, 0x1f,
    0x30, 0x20, 0x14, 0x38, 0x80, 0x9, 0xe0, 0x2,
    0xbe, 0xe6, 0x87, 0xf7, 0x34, 0x37, 0xb9, 0xb3,
    0x99, 0x6e, 0x39, 0x6e, 0xb3, 0x2f, 0x22, 0xf0,
    0xb9, 0x17, 0x9f, 0xff, 0x9d, 0x3f, 0xfa, 0x9f,
    0xb9, 0x7b, 0xcc, 0x9d, 0xb7, 0xdc, 0xb0, 0x15,
    0xb0, 0x11, 0x0, 0xbd, 0xa0, 0x88, 0xe, 0xa4,
    0x80, 0x32, 0xd5, 0x10, 0xf, 0x25, 0x84, 0x60,
    0x9, 0x66, 0xc4, 0xf1, 0xc2, 0x79, 0xf4, 0x2,
    0x6d, 0x10,

    /* U+4EBA "人" */
    0x0, 0xfb, 0x20, 0x3, 0xff, 0x84, 0x20, 0x1f,
    0xfc, 0x33, 0xf0, 0xf, 0xfe, 0x10, 0xe8, 0x7,
    0xff, 0x4, 0x81, 0xc0, 0x3f, 0xf8, 0x2e, 0x4,
    0x40, 0xf, 0xfe, 0x6, 0x21, 0xa8, 0x7, 0xff,
    0x1, 0xb6, 0xe8, 0x3, 0xfe, 0x60, 0x76, 0x24,
    0x0, 0xfe, 0x18, 0x71, 0x13, 0xc8, 0x7, 0xf5,
    0x84, 0x0, 0x24, 0xe4, 0x3, 0xe8, 0x5d, 0x0,
    0x87, 0x59, 0xc0, 0x3a, 0x5e, 0x8c, 0x3, 0x1d,
    0x44, 0x88, 0xf, 0x3e, 0x28, 0x7, 0x97, 0x13,
    0xc4, 0x51, 0xe6, 0x1, 0xf8, 0xf6, 0xc4,

    /* U+4EBF "亿" */
    0x0, 0xca, 0x40, 0x1f, 0xfc, 0x1, 0xa6, 0x0,
    0xff, 0xe0, 0x49, 0xa5, 0xff, 0xfc, 0xc0, 0x13,
    0x48, 0x4e, 0x67, 0x9, 0xb0, 0x2, 0x5, 0x0,
    0x8c, 0xf4, 0x86, 0x80, 0xd, 0xc0, 0x3e, 0x75,
    0xc1, 0x1, 0xd6, 0x0, 0xf1, 0xc5, 0x10, 0x0,
    0x89, 0x0, 0x1c, 0x3a, 0xea, 0x1, 0x1e, 0x0,
    0x7a, 0x96, 0x0, 0x3f, 0xe7, 0x5a, 0x0, 0xff,
    0x8a, 0x28, 0x40, 0x21, 0x50, 0xf, 0x42, 0xa0,
    0x6, 0x3b, 0x0, 0xf2, 0xc8, 0x7, 0x31, 0x80,
    0x7d, 0x66, 0x45, 0xb5, 0xc0, 0x3d, 0x4b, 0x9b,
    0xb9, 0x20,

    /* U+4EC0 "什" */
    0x0, 0xff, 0xe4, 0x5b, 0x0, 0x4d, 0x80, 0x1f,
    0x8d, 0x1c, 0x3, 0xff, 0x83, 0xc, 0x20, 0x1f,
    0xfc, 0x4, 0x45, 0x0, 0x7f, 0xf0, 0x6, 0x80,
    0x40, 0x3f, 0xf8, 0x18, 0xa0, 0xe, 0xff, 0xa4,
    0xff, 0xf0, 0x90, 0xd8, 0x3, 0x73, 0x26, 0x2c,
    0xcc, 0x25, 0x80, 0x11, 0x9e, 0xf1, 0x33, 0xc0,
    0x1f, 0xff, 0xf0, 0xf, 0xfe, 0x6f, 0x90, 0x6,
    0x6c, 0x0, 0xe0,

    /* U+4EC1 "仁" */
    0x0, 0xc8, 0x80, 0xf, 0xfe, 0x15, 0x18, 0x7,
    0xff, 0x5, 0x85, 0xc0, 0x3f, 0xf8, 0x36, 0xe1,
    0xdf, 0xff, 0x28, 0x4, 0xe5, 0x61, 0x57, 0x7f,
    0x20, 0x0, 0xe0, 0x4, 0x11, 0x3f, 0x8, 0xe,
    0xa0, 0x7, 0xff, 0x4, 0xcd, 0x40, 0x1f, 0xfc,
    0x12, 0xd1, 0x0, 0xff, 0xfb, 0x9, 0x17, 0xf0,
    0x7, 0xb3, 0x77, 0xf8, 0x40, 0x3b, 0x3b, 0xbf,
    0x84,

    /* U+4EC5 "仅" */
    0x0, 0xc6, 0x80, 0x1f, 0xfc, 0x2e, 0xc0, 0xf,
    0xfe, 0xa, 0x95, 0xf7, 0x7e, 0x60, 0xd, 0xe,
    0x6e, 0xbb, 0xbc, 0x6, 0x1, 0x39, 0x50, 0x52,
    0x99, 0xe1, 0x12, 0x0, 0x12, 0x0, 0x23, 0x3,
    0x0, 0xa8, 0xc4, 0xe, 0xd8, 0x3, 0x3d, 0x80,
    0x4b, 0x40, 0x7, 0x49, 0x0, 0xda, 0xc2, 0x8,
    0x4e, 0x0, 0x4b, 0x0, 0xe4, 0x59, 0x9, 0x71,
    0x0, 0xff, 0x43, 0xc9, 0xc8, 0x7, 0xfc, 0x6a,
    0xd4, 0x20, 0x1f, 0xf2, 0xa8, 0x3c, 0x3, 0xfe,
    0x7a, 0x9e, 0x6c, 0x10, 0xf, 0x97, 0x66, 0xd8,
    0x71, 0xfa, 0x4, 0x3, 0xc, 0xd7, 0x20, 0x0,
    0x6e, 0xc8, 0x60, 0x17, 0x9e, 0x38, 0x7, 0x93,
    0x8,

    /* U+4EC6 "仆" */
    0x0, 0xff, 0xe4, 0x54, 0x80, 0x17, 0x80, 0x3f,
    0x89, 0x68, 0x3, 0xff, 0x83, 0x8, 0x60, 0x1f,
    0xfc, 0x3, 0x5f, 0x0, 0xff, 0xe0, 0xf0, 0x30,
    0x7, 0x4b, 0x80, 0x75, 0x80, 0x7e, 0xd8, 0x90,
    0x9, 0x55, 0xe0, 0x1f, 0x26, 0x3d, 0x80, 0x17,
    0x48, 0x3, 0xf1, 0xe2, 0xe0, 0x0, 0xc0, 0x3f,
    0xc5, 0xea, 0x1, 0xff, 0xc2, 0x19, 0x0, 0xff,
    0xfc, 0x79, 0x0, 0x4b, 0xc0, 0x1e,

    /* U+4EC7 "仇" */
    0x0, 0xda, 0x60, 0x3e, 0x20, 0x1f, 0xcc, 0x6,
    0x1, 0xff, 0xc1, 0xb9, 0x0, 0xff, 0xe0, 0xb9,
    0xa6, 0xf7, 0x87, 0xf7, 0x34, 0x3, 0x24, 0x0,
    0x3b, 0x60, 0x2b, 0x64, 0xc0, 0x21, 0xa4, 0x0,
    0x19, 0x88, 0x50, 0xcc, 0x1, 0xcf, 0xe0, 0x18,
    0x88, 0x1, 0xf0, 0xc8, 0x7, 0x73, 0x0, 0x7f,
    0xf0, 0x93, 0x0, 0x3f, 0xf8, 0x22, 0x68, 0x1,
    0xff, 0xc1, 0x63, 0x20, 0xe, 0x51, 0x0, 0xe1,
    0x98, 0x0, 0xf7, 0x28, 0x7, 0x6a, 0x20, 0x3,
    0x9, 0x33, 0x80, 0x66, 0x7a, 0x0, 0xca, 0x5a,
    0x26, 0x0, 0x4e, 0x6b, 0x0, 0xe1, 0xdf, 0xc0,

    /* U+4ECA "今" */
    0x0, 0xf8, 0x44, 0x1, 0xff, 0xc2, 0xaf, 0x0,
    0xff, 0xe0, 0xca, 0x84, 0x80, 0x7f, 0xd4, 0xf9,
    0xe9, 0x40, 0x1f, 0x8b, 0x1f, 0x8, 0x71, 0xb4,
    0xc0, 0x39, 0xb4, 0x31, 0x6c, 0x45, 0x8f, 0x90,
    0x0, 0x2d, 0x89, 0xc1, 0x70, 0xc2, 0xa, 0xa3,
    0x71, 0x12, 0xbd, 0x80, 0x2b, 0x4f, 0x0, 0x2f,
    0xd9, 0x3, 0x9a, 0xaf, 0x65, 0x2a, 0xc0, 0xa0,
    0x13, 0xc4, 0x7a, 0xa2, 0xe9, 0xc0, 0x32, 0xee,
    0xfd, 0x80, 0xcc, 0x0, 0xff, 0xe0, 0x51, 0x48,
    0x7, 0xff, 0x2, 0x17, 0x80, 0x3f, 0xf8, 0xc,
    0xf4, 0x40, 0x1f, 0xf1, 0xcc, 0x20, 0x7, 0xff,
    0x0, 0xa9, 0xc0, 0x3c,

    /* U+4ECB "介" */
    0x0, 0xf8, 0xa4, 0x3, 0xff, 0x85, 0xcc, 0x60,
    0x1f, 0xfc, 0xb, 0x17, 0xd2, 0x0, 0xfe, 0x1c,
    0x6c, 0x86, 0xd5, 0x0, 0xf9, 0x7c, 0x30, 0x42,
    0x26, 0xa8, 0x20, 0x12, 0x5d, 0x36, 0x8, 0x4,
    0xd8, 0xdd, 0x46, 0x34, 0x3b, 0x4c, 0x1, 0x89,
    0x72, 0x99, 0x83, 0xd4, 0x4f, 0x0, 0x19, 0xe0,
    0x17, 0x14, 0x3, 0xff, 0x90, 0x66, 0x0, 0xff,
    0xe1, 0x7b, 0x0, 0x7f, 0xf0, 0x9f, 0x0, 0x3f,
    0xf8, 0x34, 0xc, 0x1, 0xff, 0xd, 0xad, 0x8,
    0x7, 0xfc, 0xaf, 0xa8, 0x1, 0xff, 0x0,

    /* U+4ECD "仍" */
    0x0, 0x84, 0x3, 0xff, 0x85, 0x8c, 0x45, 0xf0,
    0x80, 0x64, 0x37, 0xdd, 0xf9, 0xc0, 0x37, 0xb0,
    0xfe, 0x87, 0xfc, 0x2a, 0x1, 0x1a, 0x60, 0x0,
    0x40, 0x21, 0x11, 0x80, 0x5c, 0x1, 0x9c, 0x40,
    0x8, 0x60, 0x14, 0x81, 0x0, 0x42, 0x60, 0xc,
    0x3e, 0xe3, 0xff, 0x0, 0x62, 0x60, 0x5, 0xe6,
    0x90, 0x31, 0x80, 0x6e, 0x20, 0x1, 0x19, 0x80,
    0x40, 0x3c, 0xbe, 0x1, 0xc2, 0x60, 0x1c, 0x46,
    0xe0, 0x1c, 0x62, 0x1, 0xca, 0x62, 0x1, 0xc2,
    0xc0, 0x18, 0x66, 0x80, 0x38, 0x80, 0x80, 0x35,
    0x93, 0x0, 0x4, 0x86, 0xcc, 0x3, 0xb, 0x70,
    0x4, 0xbb, 0xcf, 0x0, 0x16, 0xae, 0x10, 0x4,
    0x9f, 0xee, 0x40,

    /* U+4ECE "从" */
    0x0, 0xff, 0xe4, 0x6b, 0x0, 0x6b, 0x90, 0xf,
    0xc6, 0x60, 0xc, 0xfc, 0x1, 0xf8, 0x44, 0x1,
    0x88, 0x40, 0x3f, 0x9c, 0x3, 0x9, 0x0, 0x7c,
    0x40, 0x20, 0x10, 0x83, 0x0, 0x7c, 0xc0, 0x80,
    0x12, 0x80, 0x7f, 0x18, 0x49, 0x80, 0xc, 0x10,
    0x3, 0xee, 0x57, 0xe0, 0x6, 0x6, 0x80, 0x7c,
    0xf9, 0x1, 0x0, 0x92, 0x82, 0x1, 0xc6, 0x2e,
    0x12, 0xee, 0x16, 0x59, 0x0, 0xeb, 0x21, 0x4,
    0xda, 0x70, 0x97, 0x20, 0x8, 0x5a, 0x80, 0x24,
    0x2b, 0x3, 0x34, 0x80, 0x54, 0x2c, 0x0, 0x49,
    0x91, 0x0, 0x39, 0x2c, 0x9, 0x24, 0x40, 0x10,
    0xac, 0x1, 0x16, 0x30, 0x97, 0x30, 0x5, 0x94,
    0x1, 0xc7, 0xa2,

    /* U+4ED1 "仑" */
    0x0, 0xff, 0xe5, 0xc7, 0x0, 0x7f, 0xf0, 0x55,
    0xc1, 0xc0, 0x3f, 0xe6, 0xbc, 0xc4, 0xc0, 0x7,
    0xe1, 0xa8, 0xc3, 0x2c, 0x5b, 0x20, 0xe, 0x5f,
    0x6c, 0x20, 0x1, 0x60, 0x6b, 0x80, 0x7, 0x6e,
    0x2c, 0xc0, 0x30, 0xdc, 0xcb, 0xcc, 0x63, 0x9a,
    0xc, 0x3, 0x3d, 0x37, 0x51, 0x82, 0x80, 0x70,
    0xbf, 0x4e, 0x0, 0x14, 0x3, 0xcb, 0x7d, 0x71,
    0xcc, 0x1, 0xfd, 0x79, 0xb8, 0xc0, 0x1f, 0xf7,
    0x39, 0x0, 0x63, 0x10, 0xf, 0xfe, 0x14, 0xc8,
    0x3, 0xe5, 0x22, 0xe3, 0x4d, 0x0, 0xf4, 0x4e,
    0xef, 0x62, 0xa8, 0x0,

    /* U+4ED3 "仓" */
    0x0, 0xf8, 0xd8, 0x3, 0xff, 0x85, 0xd0, 0x1,
    0xff, 0xc1, 0xb1, 0x4b, 0x0, 0xff, 0xad, 0xb6,
    0x8b, 0x4, 0x3, 0xe3, 0xd7, 0xc1, 0x9, 0x5f,
    0x60, 0xe, 0x8c, 0x7c, 0x10, 0xa, 0x62, 0x1a,
    0x80, 0x7c, 0xca, 0xaf, 0xff, 0x4d, 0x25, 0xa1,
    0xc7, 0x78, 0x66, 0x78, 0x1a, 0x75, 0x1, 0x80,
    0x2, 0x67, 0xc4, 0x6, 0x4, 0x1, 0xff, 0x18,
    0x8, 0x7, 0xfc, 0x88, 0xb1, 0x0, 0xff, 0xe0,
    0x6f, 0x95, 0x11, 0x80, 0x7f, 0xa6, 0xec, 0x8b,
    0xc0, 0x1c, 0xc2, 0xa4, 0x5c, 0x76, 0x80, 0x1c,
    0x6b, 0x7b, 0xbd, 0x81, 0x60, 0x0,

    /* U+4ED4 "仔" */
    0x0, 0xff, 0xe4, 0x6a, 0x0, 0x7f, 0xf0, 0x4c,
    0x93, 0xbf, 0xfe, 0xc0, 0xd, 0x2c, 0x1f, 0xdd,
    0xcc, 0x1e, 0x1, 0xa, 0xd0, 0x8, 0xf3, 0x32,
    0xcc, 0x2, 0x81, 0x30, 0xe, 0xa9, 0xc4, 0x0,
    0x8d, 0x80, 0x3c, 0x8b, 0x86, 0x1, 0xb8, 0x40,
    0x3e, 0x12, 0x0, 0xc2, 0x16, 0x0, 0x44, 0xc6,
    0x8, 0x98, 0x87, 0x18, 0x1, 0x13, 0x38, 0x66,
    0x72, 0x0, 0x80, 0x59, 0xbb, 0x50, 0xee, 0xe6,
    0x0, 0xff, 0xf5, 0x99, 0xb0, 0x3, 0xff, 0x83,
    0xb8, 0xcc, 0x0, 0xe0,

    /* U+4ED5 "仕" */
    0x0, 0xff, 0xe4, 0x55, 0x0, 0x27, 0xb0, 0xf,
    0xc4, 0xb0, 0x1, 0xff, 0xc1, 0x95, 0x20, 0xf,
    0xfe, 0x2, 0x22, 0x40, 0x3f, 0xf8, 0x3, 0x40,
    0x26, 0x7b, 0x9c, 0xcf, 0x8, 0x69, 0x0, 0xe6,
    0x66, 0x3c, 0xcc, 0x8c, 0x5a, 0x3, 0xff, 0xa1,
    0x3f, 0xf2, 0xb6, 0x8, 0x7, 0xff, 0x8, 0x80,
    0x3f, 0xfe, 0xe2, 0x45, 0x73, 0x91, 0x60, 0xf,
    0x5e, 0xec, 0xc7, 0xbb, 0x84,

    /* U+4ED6 "他" */
    0x0, 0xd6, 0xc0, 0x1b, 0x8c, 0x3, 0xe5, 0x53,
    0x1e, 0x80, 0x7f, 0xd1, 0x0, 0x1, 0x80, 0x73,
    0x40, 0x4, 0xc4, 0xc0, 0x1e, 0x8f, 0x85, 0x0,
    0x24, 0x88, 0x6, 0x5c, 0x11, 0x65, 0x0, 0xa,
    0xd0, 0x0, 0x72, 0x31, 0x61, 0x26, 0x1, 0x32,
    0xf8, 0x1e, 0x30, 0xeb, 0x88, 0x0, 0x40, 0x9,
    0x40, 0x3, 0xef, 0x0, 0xf8, 0x40, 0x3c, 0x20,
    0x1e, 0x1d, 0x60, 0xf, 0xfe, 0x3, 0xf3, 0x70,
    0x7, 0xff, 0x1, 0xff, 0x90, 0x3, 0xfe, 0xf3,
    0x0, 0x42, 0x80, 0x78, 0x44, 0x82, 0x2, 0x23,
    0x53, 0x0, 0xf1, 0x2d, 0xf7, 0x6c, 0x66, 0x0,

    /* U+4ED7 "仗" */
    0x0, 0xd2, 0xe0, 0x1a, 0x64, 0x1, 0xf1, 0x32,
    0x80, 0x7f, 0xf0, 0x65, 0x48, 0x3, 0x8c, 0x3,
    0xca, 0x93, 0xdf, 0xf9, 0x97, 0xfe, 0x20, 0x2a,
    0x1, 0xfe, 0xec, 0xaa, 0xee, 0x88, 0x98, 0xa0,
    0x1, 0x92, 0x11, 0x88, 0x46, 0x5, 0x55, 0x0,
    0x6a, 0x0, 0x3f, 0x0, 0x67, 0xb0, 0xd, 0x4c,
    0x0, 0x32, 0x0, 0xff, 0x11, 0xc2, 0x82, 0x0,
    0x7f, 0xdc, 0xf6, 0xe0, 0x1f, 0xfc, 0x2, 0x31,
    0xc0, 0xf, 0xfe, 0x5, 0x93, 0x5c, 0x0, 0x7f,
    0x2f, 0x36, 0x4e, 0x2f, 0x4a, 0x0, 0x70, 0xc4,
    0xe9, 0x1, 0xed, 0x9d, 0x8, 0x5, 0xe7, 0xae,
    0x1, 0xcb, 0x5c, 0x20,

    /* U+4ED8 "付" */
    0x0, 0xff, 0xe4, 0x54, 0x80, 0x71, 0x78, 0x7,
    0x8d, 0x6c, 0x3, 0xff, 0x83, 0xa, 0x40, 0x1f,
    0xfc, 0x4, 0x44, 0xd7, 0xff, 0x68, 0x7f, 0x84,
    0x6, 0x80, 0x62, 0xef, 0xa4, 0x2e, 0xc2, 0x1a,
    0x40, 0x2, 0x44, 0xf0, 0x22, 0x0, 0x87, 0x40,
    0x26, 0xc0, 0xf, 0xc5, 0xa2, 0x1, 0x31, 0x38,
    0x7, 0xff, 0xa, 0xe0, 0x40, 0x3f, 0xf8, 0x2a,
    0x72, 0x1, 0xff, 0xc2, 0xd8, 0x0, 0xff, 0xe1,
    0x8, 0x7, 0xff, 0xc, 0x8a, 0x40, 0xf, 0xfe,
    0x2, 0xee, 0xa1, 0xc0, 0x20,

    /* U+4ED9 "仙" */
    0x0, 0xc2, 0x1, 0xff, 0xc2, 0xf4, 0x0, 0x93,
    0x80, 0x3e, 0x72, 0x40, 0xf, 0xfe, 0x4, 0xc0,
    0x7, 0xff, 0x2, 0x1, 0x7, 0xc4, 0x3, 0x93,
    0x81, 0x5c, 0x3, 0xff, 0x80, 0x54, 0xa0, 0x1f,
    0xfc, 0x3, 0x69, 0x0, 0xff, 0xe0, 0xc, 0x80,
    0x7f, 0xff, 0xc0, 0x3b, 0xbe, 0xc7, 0xfd, 0x60,
    0x1e, 0x1d, 0xdf, 0xa4, 0x0,

    /* U+4EDF "仟" */
    0x0, 0xc6, 0x20, 0x1f, 0xfc, 0x11, 0xc5, 0x0,
    0xe3, 0x7c, 0x30, 0xd, 0x26, 0xaa, 0x7a, 0xcf,
    0xdc, 0xb1, 0x0, 0xcf, 0x27, 0x3d, 0xa8, 0x1d,
    0x6e, 0x40, 0x14, 0x2, 0x96, 0x4b, 0xe0, 0x80,
    0x79, 0x1c, 0x40, 0x3f, 0xf8, 0x5, 0x46, 0x1,
    0xf0, 0x80, 0x73, 0x2c, 0x0, 0x3b, 0xfe, 0xb0,
    0xff, 0xce, 0x96, 0x1, 0x66, 0xed, 0x21, 0xbb,
    0x98, 0x3, 0x88, 0xb8, 0x48, 0xb0, 0x80, 0x7f,
    0xff, 0xc0, 0x38,

    /* U+4EE3 "代" */
    0x0, 0xff, 0xe4, 0x36, 0x0, 0x13, 0x81, 0x24,
    0x3, 0xc3, 0x12, 0x0, 0x71, 0x4, 0x2b, 0x0,
    0xe8, 0x35, 0x0, 0x8, 0x5, 0x61, 0x0, 0x11,
    0xb4, 0x0, 0x46, 0x2, 0x0, 0xb9, 0x0, 0xe,
    0x80, 0x80, 0x9a, 0x5, 0xd6, 0x77, 0x4, 0x58,
    0xa2, 0x1b, 0xdb, 0x20, 0x39, 0x1b, 0xc3, 0x3,
    0x60, 0xc, 0xfe, 0xc3, 0xc6, 0x43, 0x10, 0x8c,
    0x0, 0x84, 0x2, 0x5d, 0x0, 0xe1, 0x0, 0xfd,
    0xee, 0x1, 0xff, 0xc2, 0x42, 0x20, 0x7, 0xff,
    0x4, 0x8e, 0x80, 0x10, 0x80, 0x1f, 0xea, 0x72,
    0x3, 0x10, 0xf, 0xf3, 0x26, 0x3a, 0x20, 0x3,
    0xfe, 0xa5, 0x86, 0x10, 0xb, 0x90, 0x3, 0xc3,
    0x7f, 0x20,

    /* U+4EE4 "令" */
    0x0, 0xfc, 0x80, 0x1f, 0xfc, 0x2b, 0xb0, 0x80,
    0x7f, 0xf0, 0x29, 0x8e, 0x80, 0x3f, 0xc5, 0x8d,
    0x98, 0x1d, 0x30, 0xf, 0x9b, 0x5b, 0x90, 0x2a,
    0x99, 0x0, 0x19, 0x76, 0x2a, 0x83, 0x70, 0xf,
    0x6b, 0xce, 0x5, 0x6b, 0xca, 0x7, 0x8c, 0xe0,
    0x9a, 0xd2, 0x65, 0xd0, 0x1, 0x8b, 0x54, 0x2,
    0x8e, 0x30, 0x2, 0x7f, 0xf6, 0x6f, 0xfc, 0xc0,
    0x19, 0x3b, 0xbe, 0xc1, 0x56, 0x0, 0xe1, 0x10,
    0x8, 0xc7, 0xa9, 0x40, 0x1f, 0xb7, 0xc, 0xb1,
    0x28, 0x3, 0xfb, 0x5b, 0x30, 0x94, 0x1, 0xfe,
    0x1a, 0xa0, 0x30, 0x80, 0x7f, 0xf0, 0x17, 0xc2,
    0x80, 0x3f, 0xf8, 0x23, 0x94, 0x1, 0xc0,

    /* U+4EE5 "以" */
    0x0, 0xff, 0xe2, 0x13, 0x0, 0x7e, 0xc7, 0x0,
    0x9e, 0x0, 0x15, 0x20, 0x18, 0x44, 0x1, 0xf4,
    0x32, 0x0, 0x46, 0x60, 0xf, 0x8a, 0x28, 0x2,
    0x16, 0x0, 0xfc, 0xe0, 0x80, 0x40, 0x40, 0x1f,
    0xdc, 0x80, 0x82, 0x20, 0xf, 0xfe, 0x7, 0xa0,
    0x7, 0xff, 0x5, 0xf0, 0x3, 0xf0, 0xa8, 0x1,
    0x45, 0x80, 0x3c, 0x53, 0xde, 0x0, 0x80, 0x30,
    0xd, 0xa3, 0xa5, 0x94, 0x12, 0xf, 0x86, 0x0,
    0x27, 0x4c, 0xb3, 0x9, 0x6f, 0x87, 0xc2, 0x2,
    0xcb, 0x30, 0x4d, 0x7c, 0x20, 0x85, 0xf1, 0x3,
    0x0, 0xd, 0x2f, 0x18, 0x5, 0x42, 0x40, 0x18,
    0x7a, 0x0, 0x3d, 0x86,

    /* U+4EEA "仪" */
    0x0, 0xcc, 0x60, 0x11, 0x0, 0x7f, 0x14, 0x83,
    0x8, 0x62, 0x0, 0x19, 0xc0, 0x35, 0xa1, 0xdb,
    0x85, 0xd0, 0x3, 0x7c, 0x2, 0x26, 0x80, 0x4c,
    0x5, 0x36, 0x4, 0xb0, 0xa, 0x44, 0xc3, 0xd0,
    0x1, 0xec, 0x60, 0x60, 0x7, 0x40, 0x9, 0xc4,
    0x80, 0x81, 0x10, 0x0, 0x48, 0x60, 0x8, 0x4d,
    0x40, 0x2b, 0xc0, 0x3, 0x45, 0x0, 0x6a, 0x91,
    0x3, 0x33, 0x0, 0x9, 0xc0, 0x39, 0x82, 0x42,
    0x18, 0x40, 0x3f, 0xd2, 0xee, 0x58, 0x0, 0xff,
    0x9c, 0xa2, 0xc4, 0x3, 0xfe, 0x43, 0xc, 0x0,
    0xff, 0x9a, 0xe3, 0x1e, 0xc4, 0x3, 0xe5, 0xd8,
    0xb6, 0x3c, 0x6e, 0x81, 0x0, 0xc7, 0x17, 0xc8,
    0x0, 0x2d, 0x95, 0x50, 0x0, 0xf8, 0xf5, 0x80,
    0x3c, 0xda, 0x80,

    /* U+4EEC "们" */
    0x0, 0x90, 0x41, 0x40, 0x3f, 0xeb, 0x30, 0x86,
    0x3f, 0xfe, 0x40, 0x2, 0x91, 0x3, 0xa0, 0xbb,
    0xb0, 0x80, 0x5d, 0x40, 0xe4, 0xe4, 0x23, 0x80,
    0x22, 0x43, 0x9, 0x29, 0x30, 0xf, 0xa0, 0x1c,
    0x3, 0xfe, 0x55, 0x0, 0x7f, 0xf0, 0xa4, 0x80,
    0x3f, 0xf8, 0xa, 0xc0, 0x1f, 0xff, 0xf0, 0xf,
    0xe1, 0x20, 0xf, 0xfe, 0x0, 0xf6, 0x92, 0x80,

    /* U+4EF0 "仰" */
    0x0, 0xd0, 0x20, 0x11, 0x0, 0x7e, 0x65, 0x12,
    0x8e, 0xe0, 0x7, 0xea, 0xa1, 0x68, 0x66, 0x5b,
    0xb8, 0x0, 0x66, 0x60, 0x18, 0x20, 0x2b, 0xf8,
    0x20, 0x4, 0x90, 0x80, 0x79, 0x49, 0xc0, 0x6,
    0xa0, 0x1f, 0xfc, 0x1e, 0x30, 0xf, 0xfe, 0x1,
    0x4, 0x0, 0x7f, 0xf0, 0xb, 0x0, 0x3f, 0xf8,
    0x42, 0x1, 0xff, 0xc9, 0x44, 0x0, 0x7f, 0x9c,
    0x7a, 0x40, 0xe, 0xaa, 0x0, 0xf6, 0x2e, 0xe9,
    0x1, 0xfa, 0xe4, 0x3, 0xa6, 0x8c, 0x3, 0x5e,
    0x30, 0x7, 0xff, 0xc,

    /* U+4EF2 "仲" */
    0x0, 0xff, 0xe4, 0x70, 0x80, 0x49, 0xc0, 0x1f,
    0x9d, 0x44, 0x3, 0xff, 0x83, 0x3e, 0x24, 0x50,
    0x81, 0x16, 0x0, 0x9c, 0x53, 0x77, 0x50, 0xee,
    0xe1, 0x3, 0x81, 0x0, 0x57, 0xfa, 0xc7, 0xfe,
    0x0, 0xe, 0x98, 0x7, 0xff, 0x8, 0xa0, 0x3,
    0xff, 0x82, 0x38, 0xe0, 0x11, 0x80, 0x78, 0x40,
    0x3f, 0x4f, 0xfa, 0xc7, 0xfd, 0xc0, 0x1f, 0xa7,
    0xfd, 0x63, 0xfe, 0xe0, 0xf, 0xb1, 0x80, 0x3c,
    0x3e, 0x20, 0x1f, 0xfe, 0x40,

    /* U+4EF6 "件" */
    0x0, 0xff, 0xe4, 0x71, 0x82, 0x82, 0xe8, 0x7,
    0xe6, 0x33, 0x2d, 0x80, 0x7f, 0xd7, 0x1, 0x8a,
    0x46, 0x62, 0x28, 0x40, 0x26, 0x25, 0x4, 0x46,
    0xc8, 0xee, 0xd2, 0x0, 0x18, 0x10, 0x53, 0xff,
    0x50, 0xff, 0xd0, 0x0, 0xd3, 0x0, 0x4c, 0x80,
    0x23, 0x0, 0xe3, 0x29, 0x0, 0x4b, 0x0, 0x7f,
    0x1f, 0xb8, 0x1, 0x88, 0xcc, 0x46, 0x7c, 0x0,
    0x10, 0xb, 0xb7, 0x68, 0x1d, 0xdc, 0x60, 0x1d,
    0xbd, 0xd5, 0x17, 0x76, 0x30, 0xf, 0xff, 0xa0,

    /* U+4EF7 "价" */
    0x0, 0xce, 0x40, 0x13, 0x38, 0x7, 0xe3, 0x83,
    0x0, 0xa2, 0xc0, 0x3f, 0x4a, 0x88, 0x2, 0x48,
    0x60, 0x3, 0xc2, 0xb2, 0x0, 0x67, 0xdf, 0x66,
    0x0, 0x75, 0x89, 0x83, 0x4e, 0x89, 0x6c, 0xb0,
    0x4, 0xaa, 0x0, 0x4c, 0x59, 0x80, 0xe, 0xe6,
    0x84, 0xa9, 0x2, 0x57, 0xc8, 0x40, 0x4, 0x4d,
    0x65, 0x27, 0xf0, 0x9c, 0x18, 0x50, 0x3, 0x41,
    0x62, 0x4, 0x0, 0x7f, 0xf2, 0x45, 0xc0, 0x3f,
    0xf8, 0x22, 0x4, 0x1, 0xff, 0xc1, 0x41, 0x10,
    0x7, 0xff, 0x6, 0x58, 0x3, 0xff, 0x83, 0x5,
    0x20, 0x1f, 0xfc, 0x2, 0x6c, 0x10, 0xf, 0xf2,
    0x71, 0x71, 0x0, 0x64, 0xe0, 0x8,

    /* U+4EFB "任" */
    0x0, 0xc8, 0xa0, 0x1f, 0x10, 0x7, 0xa8, 0x80,
    0x23, 0x69, 0xed, 0x50, 0xc, 0xc0, 0x57, 0xbf,
    0x92, 0x17, 0xca, 0x1, 0xa2, 0x5b, 0x67, 0xa4,
    0xe5, 0x44, 0x3, 0x48, 0xa9, 0xb2, 0x8, 0x7,
    0xe5, 0x60, 0xf, 0xfe, 0xa, 0x54, 0x0, 0x7f,
    0xf0, 0x99, 0xc1, 0xb3, 0x34, 0x1e, 0x66, 0x44,
    0x48, 0x1, 0xe6, 0x73, 0x94, 0xce, 0x50, 0xc,
    0x2a, 0xbb, 0xc5, 0x57, 0x8, 0x7, 0xff, 0xa4,
    0x48, 0xae, 0x12, 0x2c, 0x1, 0xe9, 0xdd, 0x9c,
    0xb7, 0x70, 0x80,

    /* U+4EFD "份" */
    0x0, 0xc6, 0x1, 0xff, 0xc2, 0x1c, 0x30, 0x6,
    0xa0, 0x54, 0x0, 0x7a, 0x4c, 0xc0, 0xa4, 0x81,
    0xea, 0x1, 0xe6, 0x90, 0x7, 0x30, 0x1, 0x8,
    0xc0, 0x33, 0x8a, 0x81, 0xa5, 0x80, 0x5, 0xbc,
    0x2, 0x28, 0x10, 0x1e, 0x72, 0x0, 0xa0, 0x9c,
    0x1, 0xe4, 0x3, 0xa7, 0x64, 0x58, 0xe6, 0x1c,
    0x45, 0x0, 0x2c, 0xcc, 0xdd, 0xea, 0xa1, 0x8e,
    0x8, 0x2, 0xa3, 0xe1, 0x3f, 0xd4, 0xa, 0x80,
    0x1f, 0xb4, 0xc0, 0x6, 0x20, 0x1f, 0xe4, 0xc0,
    0x0, 0xb8, 0x7, 0xf2, 0x82, 0x0, 0x38, 0x80,
    0x3f, 0xd, 0xc0, 0x4, 0x42, 0x1, 0xf1, 0x6a,
    0x30, 0x9, 0x26, 0x80, 0x7d, 0x69, 0x40, 0x5d,
    0xa6, 0xa0, 0x19, 0x38, 0x26, 0x0, 0x5, 0xfe,
    0xc0, 0x8,

    /* U+4EFF "仿" */
    0x0, 0xce, 0x20, 0x12, 0x28, 0x7, 0xe3, 0x81,
    0x0, 0x8a, 0xc0, 0x3f, 0x4b, 0x0, 0x67, 0x12,
    0x0, 0xf0, 0xad, 0x66, 0xed, 0x85, 0xfb, 0xb1,
    0x80, 0x20, 0x4e, 0x21, 0x65, 0x71, 0x1c, 0x40,
    0x8c, 0x0, 0x45, 0x50, 0x3a, 0xaf, 0x8, 0xa8,
    0x80, 0x33, 0x81, 0x88, 0xe0, 0x8, 0xa4, 0x3,
    0x8, 0x6f, 0x76, 0x20, 0x1c, 0x70, 0xc, 0x44,
    0xff, 0xb4, 0x3, 0xfd, 0xae, 0x1, 0xc6, 0x1,
    0xf9, 0x30, 0x2, 0x10, 0x10, 0xf, 0x94, 0x5c,
    0x2, 0x61, 0x0, 0xfd, 0xe, 0x20, 0x11, 0x18,
    0x7, 0xd6, 0x10, 0x2, 0x22, 0xb4, 0x0, 0xf1,
    0xbe, 0x0, 0x17, 0xb4, 0x6c, 0x3, 0x1f, 0x1e,
    0x8, 0x1, 0x3f, 0xda, 0x40, 0x0,

    /* U+4F01 "企" */
    0x0, 0xf8, 0x48, 0x3, 0xff, 0x85, 0x58, 0x1,
    0xff, 0xc1, 0x96, 0x38, 0x0, 0xff, 0xa9, 0x33,
    0xb, 0x20, 0x1f, 0x8b, 0x1b, 0x4, 0x58, 0xb8,
    0x60, 0x18, 0x63, 0x57, 0x5, 0xac, 0x71, 0x32,
    0x88, 0xb, 0x93, 0x24, 0x0, 0x2e, 0x0, 0x8d,
    0x1d, 0x42, 0xbc, 0x30, 0xf, 0xc5, 0x78, 0x80,
    0x81, 0x4e, 0x1, 0x9, 0x16, 0x13, 0x0, 0xfe,
    0x2c, 0xcc, 0xe0, 0x1f, 0xe3, 0xee, 0xcc, 0x1,
    0xff, 0xd7, 0x11, 0xbc, 0x45, 0xe0, 0x23, 0xe0,
    0x5, 0x72, 0x3f, 0x71, 0xcf, 0xbb, 0xbc, 0x0,

    /* U+4F0A "伊" */
    0x0, 0xff, 0xe4, 0x62, 0x80, 0x7f, 0xf0, 0x54,
    0xc7, 0xff, 0xf1, 0x0, 0x69, 0x74, 0xee, 0x41,
    0x77, 0x40, 0x1c, 0x87, 0x20, 0x22, 0x21, 0x1c,
    0x1, 0xd4, 0x22, 0x0, 0xff, 0xe0, 0x50, 0x82,
    0x66, 0x56, 0x79, 0x90, 0x7a, 0x3a, 0xc0, 0x2c,
    0xcc, 0xe5, 0x33, 0x5, 0x29, 0xd2, 0x0, 0xaa,
    0xde, 0x2a, 0xb0, 0x28, 0xa2, 0x80, 0x78, 0x5c,
    0x3, 0xfe, 0x6f, 0xf4, 0x27, 0xfc, 0x1, 0xf9,
    0xf7, 0x45, 0x1b, 0xb3, 0x98, 0x7, 0x84, 0x98,
    0x98, 0x8a, 0x81, 0x0, 0xf8, 0xa9, 0xc4, 0x3,
    0xfe, 0x6c, 0x48, 0x0, 0xff, 0x86, 0xe2, 0x80,
    0x3f, 0xc7, 0xc3, 0xac, 0x1, 0xfc,

    /* U+4F0D "伍" */
    0x0, 0xc6, 0x20, 0x1f, 0xfc, 0x11, 0xc4, 0x22,
    0xfe, 0x0, 0xd2, 0x66, 0xdd, 0xfd, 0x80, 0x10,
    0xbc, 0x37, 0xfb, 0x43, 0xbf, 0xee, 0x0, 0xa0,
    0x10, 0x2, 0x61, 0x10, 0x7, 0x91, 0x84, 0x3,
    0x19, 0x0, 0x78, 0xa9, 0x40, 0x22, 0x26, 0xb9,
    0x16, 0x0, 0x22, 0x24, 0x0, 0xbb, 0xa5, 0x4d,
    0xdb, 0x0, 0xd, 0x40, 0x12, 0xff, 0x86, 0xff,
    0xd2, 0x40, 0x1f, 0xc2, 0x26, 0x0, 0xb, 0x80,
    0x7f, 0x10, 0x10, 0x3, 0x84, 0x3, 0xf9, 0x48,
    0x2, 0x32, 0x0, 0xfe, 0xf7, 0x0, 0x9b, 0xc0,
    0x3e, 0x22, 0x29, 0x91, 0x42, 0x4, 0x1, 0xc7,
    0xba, 0x36, 0xdd, 0x8a, 0x35, 0x80,

    /* U+4F0E "伎" */
    0x0, 0xd8, 0x60, 0x12, 0xe8, 0x7, 0xe5, 0x13,
    0x0, 0xff, 0xe0, 0xc5, 0xf7, 0xfd, 0x45, 0xff,
    0x98, 0x0, 0xa4, 0xd9, 0xbb, 0x41, 0x6e, 0xe7,
    0x2, 0xa1, 0x2, 0x2e, 0x2, 0x2c, 0x21, 0xe2,
    0x0, 0x12, 0x2c, 0x4, 0x50, 0x0, 0x82, 0x80,
    0x11, 0xbb, 0x41, 0x6e, 0xd2, 0x5, 0x8e, 0x0,
    0x98, 0x3f, 0xfd, 0x81, 0x0, 0x1, 0x0, 0xce,
    0x4c, 0x1, 0x73, 0x88, 0x7, 0xea, 0x94, 0xb,
    0x68, 0x0, 0xfe, 0x4a, 0xbc, 0xb, 0x0, 0xff,
    0x88, 0xc, 0x48, 0x3, 0xf1, 0xc7, 0x5e, 0x70,
    0x6d, 0x28, 0x7, 0x16, 0x8e, 0xe1, 0x8d, 0x61,
    0x59, 0x80, 0xf, 0x8b, 0xa4, 0xc0, 0x31, 0xc7,
    0x18,

    /* U+4F0F "伏" */
    0x0, 0xff, 0xe4, 0x62, 0x80, 0x56, 0xe2, 0xe0,
    0x1e, 0x62, 0x50, 0xe, 0x1b, 0x80, 0xe, 0x8b,
    0x0, 0xfb, 0x59, 0x0, 0x28, 0x15, 0x0, 0xce,
    0x0, 0x1c, 0x40, 0x3, 0x38, 0x3, 0xbb, 0x1c,
    0x77, 0x33, 0x88, 0xe5, 0x80, 0x1b, 0xb8, 0x4f,
    0x77, 0x10, 0xbd, 0x0, 0xc, 0xe2, 0x13, 0x3e,
    0x2, 0x80, 0xf, 0x28, 0xa, 0x0, 0x7f, 0xf0,
    0x39, 0x5b, 0xc0, 0x3f, 0xe1, 0x5e, 0xa4, 0x20,
    0xf, 0xf5, 0x1a, 0x13, 0x70, 0x7, 0xf3, 0xa7,
    0x0, 0x20, 0xa4, 0x3, 0xe7, 0x8a, 0x20, 0x0,
    0xeb, 0x58, 0x80, 0x76, 0x52, 0x80, 0x63, 0xc7,
    0x0,

    /* U+4F10 "伐" */
    0x0, 0xff, 0xe4, 0x4c, 0x80, 0x11, 0x83, 0x66,
    0x1, 0xe2, 0x6a, 0x0, 0x78, 0xf, 0x6b, 0x0,
    0x74, 0x21, 0x80, 0x4, 0x40, 0xbb, 0xa0, 0xc,
    0x6b, 0x0, 0x11, 0x98, 0x91, 0xb2, 0x0, 0x3,
    0xa0, 0xd7, 0x9d, 0x43, 0x91, 0xdc, 0x0, 0xb4,
    0x80, 0x76, 0x37, 0x3, 0x31, 0x7f, 0x20, 0x43,
    0xa0, 0xcc, 0x43, 0x30, 0x38, 0x2c, 0x0, 0xb,
    0x44, 0x3, 0xc7, 0xa5, 0x70, 0x20, 0x1f, 0xe4,
    0x47, 0xbb, 0x0, 0x7f, 0xda, 0x6f, 0x20, 0x1f,
    0xf3, 0xd0, 0x60, 0x2, 0x8, 0x3, 0xcb, 0x93,
    0x73, 0x2, 0x8, 0xc0, 0x1d, 0x94, 0x9c, 0x8c,
    0x5a, 0xa6, 0xa0, 0x1d, 0xdc, 0x80, 0xb, 0x5e,
    0x98, 0x40,

    /* U+4F11 "休" */
    0x0, 0xff, 0xe4, 0x54, 0x80, 0x58, 0xa0, 0x1f,
    0x8d, 0x68, 0x3, 0xff, 0x83, 0x8, 0x60, 0x1f,
    0xfc, 0x5, 0x4f, 0x33, 0xc3, 0xa6, 0x78, 0x0,
    0x54, 0x0, 0xcc, 0xc4, 0xf9, 0x98, 0x7, 0xcc,
    0x17, 0xfe, 0x40, 0x4, 0xff, 0xc0, 0xc3, 0xa0,
    0x18, 0xd0, 0x56, 0x0, 0x33, 0xe8, 0x80, 0x68,
    0x81, 0x62, 0xb8, 0x6, 0x10, 0xc, 0x8a, 0xe0,
    0x71, 0x1, 0x0, 0xf8, 0x6a, 0x0, 0x23, 0x5d,
    0x0, 0xf1, 0x62, 0x30, 0x6, 0xa1, 0xb0, 0xe,
    0xb1, 0xa0, 0xf, 0x63, 0x90, 0x6, 0x9c, 0x0,
    0xf8, 0x70, 0x80, 0x3f, 0xf8, 0x80,

    /* U+4F17 "众" */
    0x0, 0xf8, 0x90, 0x3, 0xff, 0x85, 0xd2, 0x1,
    0xff, 0xc1, 0x73, 0x32, 0x80, 0x7f, 0xcf, 0x19,
    0xb6, 0xa0, 0x1f, 0x86, 0xa3, 0xc, 0xd5, 0x49,
    0x10, 0xc, 0x2f, 0xef, 0x86, 0x0, 0x4d, 0x5f,
    0x71, 0x0, 0x7c, 0xdd, 0x98, 0x3, 0x2f, 0xc5,
    0x70, 0x86, 0x72, 0xd1, 0x0, 0x68, 0x76, 0xdd,
    0x8, 0x10, 0x0, 0xcc, 0x1, 0x8, 0x30, 0x0,
    0x80, 0x31, 0x84, 0x8, 0x1, 0x1, 0x40, 0x3e,
    0xb4, 0x7c, 0x10, 0xf2, 0xa0, 0xf, 0x9b, 0xed,
    0xf0, 0x97, 0xc5, 0xc0, 0x3a, 0xd, 0x2, 0xa2,
    0xd0, 0xbe, 0x10, 0x2, 0x57, 0xe0, 0x8, 0xda,
    0x0, 0xe6, 0xd8, 0x1, 0x12, 0x60, 0x2, 0x9b,
    0x30, 0x3, 0x55, 0x0, 0x1a, 0xc0, 0x11, 0x72,
    0x0, 0x65, 0xc0,

    /* U+4F18 "优" */
    0x0, 0xff, 0xe4, 0x6a, 0x80, 0x17, 0x40, 0xe0,
    0x3, 0xca, 0xa, 0x1, 0xc6, 0x69, 0x0, 0xe9,
    0x80, 0x8, 0xc0, 0x2b, 0x1, 0x0, 0x90, 0xdb,
    0x76, 0x82, 0xdd, 0x93, 0x10, 0x6, 0x84, 0xa6,
    0x60, 0x39, 0x9e, 0x50, 0xa0, 0x0, 0xa2, 0x40,
    0xa8, 0x9c, 0x22, 0x6b, 0x0, 0xe1, 0xe7, 0x90,
    0xc, 0x38, 0xc0, 0x18, 0xc0, 0xc0, 0x3e, 0x10,
    0xe, 0x40, 0x40, 0xf, 0xfe, 0xe, 0x20, 0x7,
    0xff, 0x4, 0xd2, 0x0, 0x39, 0x0, 0x3e, 0x85,
    0x30, 0xe, 0x84, 0x0, 0xe8, 0x6b, 0x0, 0x88,
    0x44, 0x4c, 0x1, 0x8d, 0x30, 0x40, 0x8, 0xbd,
    0xc2, 0x20,

    /* U+4F19 "伙" */
    0x0, 0xff, 0xe4, 0x72, 0x0, 0x51, 0x80, 0x1f,
    0x98, 0x10, 0x3, 0xff, 0x83, 0x10, 0x1, 0x0,
    0xf8, 0x80, 0x27, 0x16, 0xa, 0x70, 0x3, 0x80,
    0x13, 0x44, 0xe, 0x0, 0x25, 0x30, 0x11, 0x0,
    0x35, 0x4, 0xb4, 0x80, 0x2, 0x25, 0x3, 0x0,
    0x9f, 0xc0, 0xb, 0x20, 0x6, 0x31, 0x6, 0x10,
    0x63, 0x40, 0x2b, 0x0, 0x8e, 0x40, 0x4, 0x80,
    0xfc, 0x1, 0xf2, 0x28, 0x8, 0x80, 0xc4, 0xc0,
    0x3f, 0xcc, 0x4d, 0x20, 0x1f, 0xf0, 0xc5, 0xd2,
    0x98, 0x7, 0xf0, 0xe9, 0xb1, 0xbe, 0x98, 0x7,
    0xcb, 0xe1, 0xa0, 0x8, 0x4c, 0x91, 0x0, 0xc3,
    0x32, 0xc1, 0x0, 0xaa, 0x8a, 0x60,

    /* U+4F1A "会" */
    0x0, 0xfc, 0x20, 0x1f, 0xfc, 0x25, 0xe2, 0x0,
    0xff, 0xe0, 0x25, 0xd, 0x80, 0x7f, 0xcd, 0x71,
    0xeb, 0x62, 0x1, 0xf0, 0xdc, 0xd3, 0x8e, 0xf,
    0xb8, 0x6, 0x18, 0xe4, 0x91, 0x44, 0xb9, 0xe7,
    0x9c, 0x1, 0xad, 0x31, 0x73, 0x3c, 0x9f, 0x32,
    0x40, 0xde, 0x67, 0xdd, 0xf8, 0x5f, 0x90, 0x0,
    0x67, 0xff, 0xc1, 0x0, 0x26, 0x67, 0xff, 0x3,
    0x80, 0xb, 0xff, 0x60, 0x4f, 0xfb, 0x7b, 0xfd,
    0xa0, 0x1c, 0x5a, 0xcc, 0x0, 0x5e, 0x8, 0x7,
    0x87, 0xd2, 0x40, 0x29, 0x7c, 0x10, 0xc, 0x78,
    0x7b, 0x13, 0x79, 0xa8, 0x5a, 0x1, 0x90, 0xcd,
    0x84, 0x39, 0x53, 0xba, 0x27, 0x0, 0x9f, 0xb6,
    0xea, 0x1d, 0x90, 0xcb, 0x1c, 0x0,

    /* U+4F1E "伞" */
    0x0, 0xf8, 0xe8, 0x3, 0xff, 0x82, 0x7a, 0x86,
    0x1, 0xff, 0x3e, 0x5c, 0xe4, 0x0, 0x7e, 0x4c,
    0xad, 0x57, 0xb6, 0xd5, 0x0, 0xcb, 0x96, 0xba,
    0x4e, 0xe4, 0xe5, 0xae, 0x81, 0x3a, 0x5d, 0x90,
    0x6, 0xf0, 0x2, 0x7a, 0x58, 0x8f, 0xa6, 0xe4,
    0x3, 0xd3, 0x4f, 0xc6, 0x2, 0x16, 0xc4, 0x1,
    0xcd, 0xe0, 0x1e, 0x25, 0xb0, 0xd, 0xa, 0x80,
    0x1f, 0x77, 0x0, 0x30, 0xc8, 0x6, 0x15, 0x58,
    0x49, 0x58, 0x97, 0x1d, 0x56, 0x3, 0x88, 0xf1,
    0xac, 0x47, 0x88, 0x9b, 0xbe, 0x57, 0xdd, 0xf1,
    0x0, 0x7f, 0xf5, 0x0,

    /* U+4F1F "伟" */
    0x0, 0xd6, 0xc0, 0x14, 0x48, 0x7, 0xe4, 0x48,
    0x8a, 0x12, 0x2e, 0x0, 0xd0, 0xe9, 0xbb, 0x32,
    0x6e, 0xd8, 0x1, 0x21, 0xcb, 0x7f, 0xce, 0xdf,
    0xf7, 0x0, 0x6, 0x84, 0x40, 0x45, 0xf8, 0x40,
    0x1a, 0x1, 0xb3, 0x25, 0x4c, 0xc9, 0xc0, 0x89,
    0x60, 0x17, 0x74, 0xed, 0xdd, 0x30, 0x17, 0xb0,
    0x0, 0x8b, 0xfc, 0x0, 0x10, 0x0, 0xe6, 0x65,
    0x4c, 0xcb, 0x50, 0x3, 0xf, 0x76, 0x76, 0xee,
    0x85, 0x80, 0x3f, 0xf8, 0x42, 0x60, 0x1f, 0xfc,
    0x1, 0x41, 0x10, 0x7, 0xff, 0x3, 0x6a, 0x40,
    0x3f, 0xf8, 0x39, 0xce, 0x1, 0x1f, 0x0, 0x74,
    0x48, 0x7, 0x0,

    /* U+4F20 "传" */
    0x0, 0xca, 0x60, 0x12, 0x20, 0x3, 0xf0, 0xd3,
    0x0, 0x5e, 0x60, 0x1f, 0x98, 0x93, 0x32, 0x4a,
    0xcc, 0xac, 0x3, 0x4d, 0x8c, 0x41, 0x6, 0x62,
    0x2f, 0x0, 0xa0, 0x58, 0x11, 0x1e, 0xa8, 0x9c,
    0x0, 0x27, 0x10, 0x55, 0xac, 0x15, 0x78, 0xc7,
    0xc4, 0x1, 0x32, 0x83, 0x69, 0x9e, 0x44, 0x5,
    0x0, 0x33, 0x10, 0x3b, 0x99, 0xce, 0xb8, 0xe0,
    0x1b, 0xc9, 0x13, 0x84, 0x0, 0x20, 0x1c, 0x21,
    0x11, 0x55, 0xb8, 0x7, 0xeb, 0xcc, 0xb8, 0x21,
    0x80, 0x3f, 0x9c, 0xc7, 0xd9, 0xc0, 0x3f, 0xec,
    0xf5, 0x80, 0xf, 0xf9, 0xf4, 0x94, 0x80, 0x3f,
    0xf8, 0x5, 0x8b, 0x60, 0x1c, 0x7c, 0x1, 0xf4,
    0x48, 0x4,

    /* U+4F24 "伤" */
    0x0, 0xc6, 0x40, 0x4, 0x0, 0xff, 0xb5, 0x41,
    0xa8, 0x3, 0xfc, 0xc0, 0xe1, 0x6e, 0x23, 0xe0,
    0xd, 0x10, 0x5, 0x26, 0xee, 0xf1, 0x80, 0x20,
    0x58, 0xaa, 0x3a, 0xb3, 0xbb, 0x18, 0x23, 0x88,
    0x42, 0x38, 0xdb, 0x8, 0xe0, 0x3b, 0x50, 0x5,
    0x58, 0x0, 0x44, 0x1, 0xc4, 0xd2, 0x0, 0x2f,
    0xf8, 0x2f, 0xfe, 0xc0, 0x19, 0x0, 0x8b, 0x75,
    0x61, 0xbb, 0x40, 0x7, 0xe2, 0x2f, 0x84, 0x3,
    0xfd, 0x8a, 0x1, 0x9c, 0x3, 0xf0, 0xad, 0x0,
    0x5c, 0x20, 0x1f, 0xa9, 0x48, 0x2, 0x13, 0x0,
    0xfa, 0x5a, 0x80, 0x40, 0x53, 0xc0, 0x3d, 0x47,
    0xa0, 0xb, 0xfe, 0x7, 0x0, 0x8f, 0x82, 0xa8,
    0x1, 0x57, 0xfb, 0x44, 0x0,

    /* U+4F26 "伦" */
    0x0, 0xc6, 0x20, 0x10, 0xb0, 0x7, 0xf6, 0x28,
    0x5, 0x70, 0x1, 0xf9, 0xc9, 0x0, 0xa, 0xa3,
    0x70, 0xf, 0xa6, 0x0, 0x5, 0x54, 0xc9, 0x50,
    0xe, 0x71, 0x50, 0x2c, 0x75, 0x1d, 0xa6, 0x0,
    0x8a, 0x4, 0x13, 0x1a, 0x0, 0x7, 0x71, 0x20,
    0x3e, 0x40, 0xb7, 0x20, 0x1c, 0x98, 0x90, 0x3,
    0x20, 0xba, 0xae, 0x1, 0xa0, 0xf6, 0x7, 0x1c,
    0x0, 0x40, 0x19, 0x79, 0x48, 0x3, 0xfc, 0xdb,
    0x71, 0xa6, 0x1, 0xfe, 0xbb, 0x73, 0x0, 0x7f,
    0xf0, 0x35, 0x80, 0x21, 0x0, 0xff, 0xe1, 0xbd,
    0x0, 0x7f, 0x18, 0x8e, 0xc2, 0x0, 0xf8, 0x97,
    0x3b, 0xb3, 0xd0, 0x0,

    /* U+4F2A "伪" */
    0x0, 0xff, 0xe3, 0xea, 0x88, 0x17, 0x88, 0x7,
    0xcc, 0x6d, 0xc6, 0x0, 0x10, 0xf, 0xa2, 0x7,
    0x1c, 0x20, 0x1f, 0xa0, 0x58, 0x92, 0x14, 0xc,
    0xf8, 0x15, 0xc4, 0x3b, 0x2a, 0x43, 0x33, 0x71,
    0x51, 0x80, 0x33, 0xfd, 0x7, 0xff, 0x48, 0xa,
    0xc0, 0x7, 0x6a, 0x80, 0x42, 0x23, 0xa7, 0x0,
    0xe7, 0xee, 0x18, 0x1, 0xc0, 0x3e, 0x32, 0x69,
    0xd1, 0xf1, 0x0, 0xfa, 0x90, 0x5c, 0x90, 0x4c,
    0x3, 0xc4, 0xd0, 0x0, 0xc5, 0x21, 0x0, 0xf7,
    0x31, 0x80, 0x66, 0xe0, 0xc, 0x38, 0x12, 0x0,
    0x22, 0x29, 0x28, 0x6, 0x47, 0xc0, 0xb, 0xf6,
    0x98, 0xc0, 0x7, 0xcb, 0x60, 0x1b, 0x7f, 0xd2,
    0x0,

    /* U+4F2F "伯" */
    0x0, 0xc2, 0x1, 0x88, 0x3, 0xfb, 0x18, 0x2,
    0xc8, 0x0, 0xf9, 0x9, 0x80, 0x4, 0x34, 0x1,
    0xf7, 0xb0, 0x22, 0x2c, 0x59, 0x12, 0x0, 0x8d,
    0x2c, 0xae, 0x50, 0xe6, 0x6b, 0x10, 0x7, 0x1,
    0x0, 0x37, 0x7b, 0xc0, 0x29, 0x21, 0x0, 0xff,
    0x91, 0xa0, 0x3, 0xff, 0x80, 0x9a, 0x60, 0x1b,
    0xbb, 0xb0, 0x2, 0x20, 0xe, 0xaa, 0xeb, 0x0,
    0xfe, 0x44, 0xe7, 0x0, 0xff, 0xed, 0xf7, 0x76,
    0x0, 0x7f, 0x5d, 0x56, 0x80, 0x0,

    /* U+4F30 "估" */
    0x0, 0xd6, 0x40, 0x13, 0xe0, 0x7, 0xe5, 0x62,
    0x0, 0xff, 0xe0, 0xc4, 0x0, 0x3f, 0xf8, 0x2a,
    0x4b, 0x9f, 0xf4, 0x1f, 0xfe, 0x50, 0x2a, 0x10,
    0xec, 0xc9, 0x8b, 0x33, 0x20, 0xf9, 0x0, 0x8,
    0xce, 0xe1, 0x33, 0xc2, 0x81, 0x20, 0x1f, 0xfc,
    0x15, 0xc7, 0x0, 0x8d, 0x11, 0xc2, 0x89, 0x8,
    0x0, 0x40, 0x36, 0xd4, 0xa0, 0x4c, 0xad, 0x0,
    0x3f, 0x56, 0xef, 0x10, 0x7, 0xff, 0x74, 0x8b,
    0xc0, 0x1f, 0xe9, 0xdd, 0xe2, 0x0, 0xc7, 0xc0,
    0xe, 0xff, 0xf9, 0x40,

    /* U+4F34 "伴" */
    0x0, 0xff, 0xe4, 0x6b, 0x98, 0x1, 0xb0, 0x0,
    0x64, 0x1, 0x94, 0xdb, 0x54, 0x3, 0xba, 0x80,
    0x35, 0xc8, 0xcc, 0x80, 0x32, 0x1c, 0x80, 0x4e,
    0x2e, 0xc, 0x64, 0x1, 0x44, 0x88, 0x0, 0xe0,
    0x40, 0x7, 0x41, 0xc2, 0x52, 0x84, 0x5, 0xa8,
    0x0, 0x5d, 0xad, 0x72, 0xda, 0xcc, 0x2, 0xa4,
    0x0, 0x17, 0xfe, 0x93, 0xff, 0xb8, 0x1e, 0x80,
    0x3f, 0xf8, 0xe4, 0x5b, 0x84, 0x8b, 0x8, 0x6,
    0x1d, 0xdc, 0xe5, 0xbb, 0xa4, 0x3, 0xf, 0xfe,
    0x93, 0xff, 0xd0, 0x1, 0xff, 0xe4,

    /* U+4F36 "伶" */
    0x0, 0xc6, 0x20, 0x11, 0x98, 0x3, 0xfb, 0x14,
    0x2, 0xe8, 0x0, 0xfc, 0xe4, 0x80, 0x8, 0x6,
    0x50, 0xf, 0xa6, 0x0, 0xa, 0xff, 0xeb, 0x30,
    0xe, 0x81, 0x50, 0x6a, 0xb2, 0x25, 0xe9, 0x80,
    0x48, 0xe2, 0x13, 0x2a, 0x5c, 0x25, 0x9c, 0x60,
    0x2a, 0x30, 0x67, 0xc5, 0x14, 0xf0, 0x7a, 0x82,
    0x65, 0x80, 0x6f, 0x30, 0x4, 0x40, 0x0, 0xbc,
    0x49, 0x60, 0x10, 0xff, 0xea, 0xff, 0x68, 0x7,
    0xed, 0xde, 0xc1, 0x50, 0xf, 0xc4, 0x5d, 0x5,
    0x0, 0x1f, 0xd0, 0xe1, 0x4d, 0xa0, 0x1f, 0xea,
    0xbe, 0x7c, 0x10, 0xf, 0xf1, 0x63, 0x12, 0x0,
    0x7f, 0xf0, 0x62, 0xe0, 0x40, 0x39, 0x38, 0x3,
    0xc9, 0xa2, 0x1, 0x0,

    /* U+4F38 "伸" */
    0x0, 0xff, 0xe4, 0x69, 0x0, 0x47, 0xc0, 0x1f,
    0x98, 0x48, 0x3, 0xff, 0x83, 0x10, 0xcf, 0xfb,
    0x7, 0xff, 0x18, 0x2, 0x5, 0x2, 0x77, 0x54,
    0x3b, 0xb0, 0x4, 0xae, 0x20, 0x3, 0x22, 0x30,
    0x11, 0x42, 0x7, 0x4c, 0x1, 0x5e, 0x63, 0x87,
    0x32, 0x10, 0x3, 0x50, 0x4, 0xdf, 0xeb, 0xf,
    0xf8, 0x0, 0x72, 0x1, 0xb4, 0xcc, 0xa2, 0x67,
    0x8, 0x7, 0xc6, 0x22, 0x60, 0x11, 0xc0, 0x1f,
    0x4f, 0x72, 0x87, 0xba, 0x0, 0xfa, 0xf3, 0xfd,
    0x83, 0xff, 0x41, 0x0, 0x73, 0x98, 0x7, 0xce,
    0x20, 0x1f, 0xfd, 0x40,

    /* U+4F3A "伺" */
    0x0, 0xd0, 0xc0, 0x1f, 0xfc, 0x11, 0x7a, 0xff,
    0xfe, 0x30, 0xa, 0x4b, 0x3b, 0xbf, 0x0, 0x61,
    0x78, 0x1, 0x1f, 0xc0, 0x1a, 0x1, 0x4f, 0xff,
    0xda, 0x1, 0x91, 0x84, 0xf, 0xbb, 0xd8, 0x1,
    0xd, 0x18, 0x7, 0xf0, 0x80, 0x4a, 0x50, 0x1,
    0x77, 0x76, 0x0, 0x64, 0xd7, 0x0, 0xdb, 0xfe,
    0xa0, 0xf, 0x8, 0x7, 0xff, 0x24, 0x40, 0x6,
    0x1, 0xff, 0xc0, 0xcf, 0xf4, 0x80, 0x7f, 0xf0,
    0x37, 0xfe, 0xd0, 0xf, 0xf6, 0x10, 0x4, 0x67,
    0x0, 0x80, 0x78, 0xc0, 0x34, 0x66, 0xa9, 0x0,

    /* U+4F3C "似" */
    0x0, 0xc6, 0x1, 0xff, 0xc2, 0x6f, 0xf, 0x26,
    0x10, 0x0, 0xf8, 0x80, 0x6b, 0x80, 0xb, 0x24,
    0x0, 0x60, 0x20, 0x12, 0x82, 0x0, 0x52, 0xe2,
    0x2, 0x1, 0xd0, 0x20, 0x18, 0xcc, 0xe0, 0xe2,
    0x1, 0x49, 0x0, 0x7a, 0xe8, 0x8, 0x80, 0x4,
    0x67, 0x0, 0xf2, 0xb8, 0x73, 0x0, 0x1a, 0x74,
    0x3, 0xc5, 0x60, 0x7a, 0x0, 0x26, 0x0, 0xff,
    0x28, 0x80, 0x7f, 0xd0, 0x66, 0x1a, 0x0, 0xfe,
    0x4d, 0x42, 0x86, 0x24, 0x0, 0xf0, 0x84, 0xae,
    0x1a, 0x5b, 0x78, 0x7, 0x9c, 0x6e, 0x7, 0xd4,
    0xa5, 0x8, 0x3, 0x9b, 0x10, 0x70, 0x68, 0x4,
    0xe8, 0x3, 0xc4, 0x0, 0x7d, 0x0, 0xbe, 0x40,

    /* U+4F43 "佃" */
    0x0, 0xd2, 0x80, 0x1f, 0xfc, 0x3, 0x67, 0xff,
    0xfd, 0xc0, 0x14, 0xb1, 0x6, 0x6d, 0xe, 0xea,
    0x40, 0x22, 0x5b, 0x0, 0x19, 0x30, 0x11, 0x40,
    0x14, 0x89, 0x0, 0x7f, 0xce, 0x86, 0x1, 0xff,
    0x24, 0x30, 0x7, 0xff, 0x1, 0xa3, 0x40, 0x37,
    0xfb, 0x7, 0xfd, 0x60, 0x4e, 0x1, 0xd7, 0x92,
    0x19, 0x88, 0x0, 0xfc, 0x86, 0xa2, 0x67, 0x0,
    0x7f, 0xfa, 0x7f, 0xd8, 0x3f, 0xeb, 0x0, 0xfd,
    0x79, 0x9d, 0x0,

    /* U+4F46 "但" */
    0x0, 0xc2, 0x1, 0xff, 0xc3, 0xf4, 0x22, 0xfc,
    0x1, 0xce, 0x69, 0x9b, 0xbf, 0x8, 0x6, 0x9b,
    0x0, 0x5f, 0xfe, 0xd0, 0xe, 0x91, 0x60, 0xf,
    0xfe, 0x2, 0x30, 0x80, 0x42, 0x1, 0x84, 0x2,
    0x3b, 0x30, 0xd, 0x5f, 0xfb, 0x0, 0x27, 0x58,
    0x0, 0xd3, 0xdd, 0xac, 0x2, 0x4a, 0x70, 0xc,
    0x42, 0x39, 0x80, 0x3f, 0xf9, 0xd5, 0xdd, 0xb0,
    0x3, 0xfb, 0x77, 0xec, 0x10, 0xf, 0x8c, 0xff,
    0x0, 0x7c, 0x23, 0xfe, 0x0, 0xe2, 0xee, 0xff,
    0x38,

    /* U+4F4D "位" */
    0x0, 0xfe, 0x20, 0xf, 0xf6, 0x30, 0x5, 0xec,
    0x1, 0xf9, 0xd, 0x80, 0x24, 0xd0, 0xf, 0xd0,
    0xe2, 0x89, 0x71, 0x22, 0x44, 0x1, 0x21, 0xd1,
    0x4c, 0xd4, 0x93, 0x32, 0x0, 0x54, 0x6, 0x6d,
    0xdf, 0x7e, 0xb0, 0x2, 0xc0, 0x30, 0xf8, 0x6,
    0xf6, 0x0, 0x1a, 0xd0, 0x4, 0x22, 0x30, 0x8,
    0x94, 0x0, 0x78, 0xa0, 0x19, 0x54, 0x0, 0x20,
    0x30, 0x8, 0x80, 0x38, 0xf0, 0x0, 0xe4, 0x1,
    0xfe, 0xe6, 0x0, 0x6b, 0x80, 0x7f, 0x88, 0xc0,
    0x7, 0x80, 0x1f, 0xe6, 0x10, 0x2, 0x20, 0x3,
    0xf1, 0x10, 0x30, 0x90, 0x0, 0x44, 0x0, 0xf6,
    0x6e, 0xeb, 0xd, 0xd8, 0x80,

    /* U+4F4E "低" */
    0x0, 0xc4, 0x1, 0xf8, 0x80, 0x38, 0x75, 0x0,
    0x23, 0x6a, 0xed, 0x40, 0xc, 0xc6, 0x95, 0xbf,
    0xb6, 0xf5, 0xe8, 0x1, 0xa6, 0x40, 0x97, 0xdc,
    0xb1, 0x40, 0xe, 0x71, 0x50, 0x2, 0x88, 0x18,
    0x80, 0x71, 0x40, 0x80, 0x78, 0x4c, 0x3, 0xbc,
    0x80, 0x33, 0x11, 0x4, 0x44, 0x50, 0x28, 0x48,
    0x6, 0xad, 0xd5, 0x6, 0xec, 0x8b, 0xee, 0x1,
    0xb3, 0xfe, 0xd, 0xff, 0x20, 0x10, 0x7, 0xf1,
    0x38, 0x7, 0xff, 0x9, 0xf4, 0x3, 0xff, 0x80,
    0x44, 0xc4, 0x3, 0x10, 0xf, 0xe7, 0x97, 0x32,
    0x47, 0x0, 0xf0, 0xcd, 0x93, 0x92, 0xf5, 0x28,
    0x7, 0x31, 0x12, 0x1e, 0x56, 0xc4, 0x46, 0x0,
    0x3e, 0x6, 0xd8, 0x30, 0x56, 0x1d, 0xc0,

    /* U+4F4F "住" */
    0x0, 0xc2, 0x1, 0x8c, 0x3, 0xfd, 0x8c, 0x0,
    0x1c, 0x40, 0xf, 0xcc, 0x4c, 0x0, 0x17, 0x90,
    0xf, 0xd6, 0xe2, 0x45, 0x63, 0x99, 0x14, 0x1,
    0x39, 0x55, 0xee, 0xd6, 0xb9, 0xbb, 0x8, 0x1c,
    0x1, 0x57, 0xfd, 0x27, 0xff, 0x84, 0xb4, 0xc0,
    0x3f, 0xf8, 0x26, 0x9c, 0x1, 0xff, 0xc1, 0x1a,
    0x0, 0x87, 0x76, 0x83, 0xdd, 0x9c, 0x3, 0xc3,
    0x33, 0x39, 0x4c, 0xca, 0x1, 0xf2, 0x25, 0xe2,
    0x89, 0x10, 0x7, 0xff, 0x64, 0x48, 0xb0, 0x81,
    0x16, 0x0, 0xf6, 0xee, 0x83, 0xdd, 0xc8,

    /* U+4F50 "佐" */
    0x0, 0xc6, 0x1, 0x18, 0x80, 0x7f, 0xe, 0x10,
    0x3, 0x9c, 0x3, 0xfa, 0x10, 0x80, 0x4, 0xa0,
    0x1f, 0x85, 0xbc, 0x88, 0x80, 0x2, 0x2e, 0x0,
    0xac, 0x43, 0x75, 0x61, 0x9b, 0xbc, 0x40, 0xca,
    0x9, 0xfe, 0x56, 0xff, 0xf1, 0x24, 0xb0, 0x6,
    0x4c, 0x0, 0xf8, 0x5e, 0x80, 0x24, 0x14, 0x0,
    0xf9, 0x60, 0x3, 0x68, 0x77, 0xff, 0x68, 0x7,
    0xcf, 0x5d, 0xc5, 0x6e, 0xe6, 0x0, 0x79, 0x8d,
    0x44, 0x46, 0x23, 0x80, 0x3d, 0x16, 0x1, 0xff,
    0xc1, 0xa2, 0x60, 0xf, 0xfe, 0x9, 0xf0, 0x91,
    0x46, 0x24, 0x50, 0x7, 0x49, 0x5e, 0xec, 0xad,
    0xbb, 0x10,

    /* U+4F51 "佑" */
    0x0, 0xc4, 0x1, 0x8c, 0x3, 0xf8, 0x74, 0xc0,
    0x5, 0x84, 0x1, 0xfa, 0x4c, 0xc0, 0x7, 0x2,
    0x0, 0xf8, 0x5e, 0x4c, 0xef, 0x23, 0x3e, 0x20,
    0x5, 0x83, 0x66, 0x4a, 0x59, 0x9d, 0x60, 0xca,
    0x27, 0xfe, 0xc0, 0xef, 0xfe, 0x95, 0x96, 0x0,
    0xd2, 0xa2, 0x1, 0xf4, 0x50, 0x4, 0x2b, 0x20,
    0x1f, 0x2b, 0x80, 0x68, 0xc, 0xff, 0xed, 0x0,
    0xf2, 0xb0, 0x4e, 0xee, 0x83, 0x0, 0xe3, 0xaa,
    0xa, 0x91, 0x63, 0x0, 0xf5, 0xc2, 0x80, 0x7f,
    0xf0, 0x61, 0xc0, 0x3f, 0xf8, 0xd9, 0xff, 0xac,
    0x3, 0xfd, 0x3b, 0xba, 0x40, 0x31, 0xf0, 0x5,
    0xcc, 0x45, 0x9b, 0x80,

    /* U+4F53 "体" */
    0x0, 0xda, 0x40, 0x13, 0xd0, 0x7, 0xe7, 0x12,
    0x0, 0xff, 0xe0, 0xcc, 0x88, 0xb7, 0x9, 0x16,
    0x10, 0x3, 0x8a, 0xee, 0xe6, 0x4d, 0xdc, 0xc0,
    0x70, 0x21, 0xff, 0x40, 0x1, 0x3f, 0xe7, 0x1e,
    0x20, 0xc, 0x32, 0xa8, 0xa6, 0x1, 0x9a, 0x40,
    0x34, 0xbe, 0x8c, 0xc0, 0x4, 0x36, 0xe0, 0x10,
    0xb5, 0x80, 0x1d, 0x4c, 0x3, 0xf5, 0xb9, 0x0,
    0x53, 0xc0, 0x1f, 0x3a, 0x48, 0x6, 0x71, 0xa0,
    0xe, 0x58, 0xbf, 0xf4, 0x2f, 0xfa, 0x92, 0x0,
    0x32, 0xe2, 0xee, 0x99, 0x37, 0x4d, 0x90, 0x1,
    0xc6, 0x4, 0x4e, 0x12, 0x20, 0x10, 0x7, 0xff,
    0x14,

    /* U+4F55 "何" */
    0x0, 0xca, 0x1, 0xff, 0xc2, 0x3b, 0x0, 0xff,
    0xe1, 0x4b, 0xdf, 0xff, 0xf1, 0x0, 0x5, 0x6a,
    0x73, 0x3d, 0x41, 0x84, 0x0, 0x80, 0x32, 0x33,
    0xf3, 0x1, 0x80, 0x11, 0x80, 0x2, 0x89, 0x88,
    0x3, 0x86, 0x88, 0x0, 0xb7, 0x10, 0xa9, 0x0,
    0xe3, 0x29, 0x0, 0x8f, 0x31, 0x0, 0x1e, 0x2c,
    0x70, 0xf, 0xfe, 0xb9, 0xff, 0xa4, 0x3, 0xff,
    0x80, 0x5f, 0xf5, 0x80, 0x7f, 0x96, 0x0, 0x3f,
    0xf8, 0x42, 0xa0, 0x1, 0x33, 0x28, 0x7, 0xff,
    0x0, 0xb3, 0x10, 0xe0, 0x18, 0xfc, 0x3, 0x8f,
    0xfd, 0xd0, 0x0,

    /* U+4F59 "余" */
    0x0, 0xfc, 0x40, 0x1f, 0xfc, 0x28, 0xd2, 0x0,
    0xff, 0xe0, 0x42, 0xb6, 0x18, 0x7, 0xf0, 0xda,
    0xe4, 0xb6, 0x28, 0x7, 0xcb, 0xe3, 0x82, 0x11,
    0x55, 0x10, 0x4, 0x77, 0x4b, 0xe8, 0xab, 0x4,
    0x36, 0xd1, 0xe, 0xf, 0x4, 0xca, 0x2a, 0x65,
    0x71, 0x82, 0xa3, 0xd4, 0x37, 0x98, 0x81, 0xcc,
    0x90, 0xed, 0xc0, 0x48, 0xbc, 0x4, 0x5e, 0x0,
    0x26, 0xef, 0x40, 0xee, 0xf7, 0x0, 0x13, 0xfd,
    0x5b, 0xf4, 0x3f, 0xee, 0xff, 0x60, 0x6, 0x5a,
    0x10, 0xc, 0x5f, 0x0, 0x1c, 0xd5, 0x66, 0x1,
    0x8b, 0x16, 0xc0, 0x28, 0x86, 0x20, 0x91, 0x0,
    0x22, 0xc7, 0xb0, 0x4, 0xf9, 0x84, 0xec, 0xb0,
    0x4, 0x3b, 0x40, 0x1, 0x10, 0x2, 0x3f, 0xa0,
    0x3, 0x8, 0x80,

    /* U+4F5B "佛" */
    0x0, 0xff, 0xe4, 0x6b, 0x0, 0x3c, 0x7, 0xc0,
    0x3e, 0x63, 0x71, 0x10, 0x9, 0x0, 0x8c, 0x1,
    0xa2, 0x15, 0xdc, 0xe, 0xc0, 0xee, 0x78, 0x5,
    0x2, 0xd7, 0xfe, 0xf, 0xe0, 0xfd, 0x0, 0x95,
    0xc4, 0x3, 0xff, 0x80, 0x74, 0x80, 0x7, 0xff,
    0x7, 0xf0, 0x7e, 0x80, 0x4d, 0x0, 0xd, 0x9d,
    0xe, 0xc0, 0xee, 0x78, 0x1c, 0x80, 0x4e, 0xa6,
    0x2, 0x40, 0x23, 0x0, 0x70, 0x96, 0x70, 0x7f,
    0x7, 0xfc, 0x80, 0x18, 0x7b, 0x92, 0x7d, 0x81,
    0xdc, 0x40, 0xf, 0x8, 0xb1, 0x4, 0x80, 0x44,
    0xee, 0x0, 0xf1, 0xac, 0x80, 0x61, 0x21, 0x0,
    0xe3, 0xd9, 0x10, 0x9, 0xbd, 0x8, 0x3, 0xf,
    0x5b, 0x0, 0x66, 0xea, 0x0, 0x8f, 0x87, 0x54,
    0x2, 0x1f, 0x0, 0xc0,

    /* U+4F5C "作" */
    0x0, 0xc8, 0x60, 0x4, 0x10, 0xf, 0xf5, 0x30,
    0xd, 0x90, 0x7, 0xf3, 0x1a, 0x83, 0x19, 0x80,
    0x3f, 0xa2, 0xc0, 0x12, 0x7f, 0xfe, 0x40, 0x3,
    0x8b, 0x83, 0x1e, 0x4, 0x66, 0x64, 0x2, 0x80,
    0x11, 0x44, 0x98, 0x99, 0xf0, 0xe, 0x10, 0xd,
    0x2a, 0x0, 0x8, 0xb8, 0xc, 0xdc, 0x0, 0x2a,
    0x0, 0xa7, 0x76, 0xf0, 0x2d, 0x10, 0x19, 0x10,
    0xa, 0xff, 0xed, 0x0, 0xff, 0xe7, 0xdf, 0xfe,
    0x10, 0xf, 0xf4, 0xee, 0xe1, 0x0, 0xff, 0x11,
    0x70, 0x7, 0xff, 0x54,

    /* U+4F60 "你" */
    0x0, 0xc2, 0x1, 0xff, 0xc3, 0xf5, 0x8, 0xb0,
    0xf, 0xf3, 0x2, 0x82, 0xe8, 0x7, 0xfa, 0x20,
    0x6, 0x45, 0xf8, 0x2, 0x81, 0x60, 0xa0, 0xbd,
    0xdf, 0x38, 0x23, 0x88, 0xb, 0x67, 0xf8, 0x37,
    0xfc, 0x28, 0x56, 0x60, 0xa, 0x63, 0x0, 0xe1,
    0x11, 0xb2, 0x40, 0x2, 0x20, 0xa6, 0x1, 0x22,
    0x34, 0x12, 0xdc, 0x0, 0x63, 0x4e, 0x1, 0xac,
    0x80, 0x3e, 0x41, 0x40, 0x9, 0xd, 0x80, 0x3e,
    0xf6, 0x0, 0xeb, 0xa0, 0xf, 0x2a, 0xa4, 0x3,
    0x90, 0xc8, 0x3, 0x8e, 0x4, 0x3, 0x89, 0x40,
    0x3c, 0xcc, 0x2, 0x30, 0xd, 0x44, 0x1, 0xfa,
    0x70, 0xc8, 0x3, 0xc7, 0xc0, 0x1a, 0xff, 0x0,
    0x38,

    /* U+4F63 "佣" */
    0x0, 0xc4, 0x1, 0xff, 0xc3, 0xc5, 0x22, 0xfe,
    0x0, 0xce, 0x6b, 0xbb, 0xfc, 0x20, 0x14, 0xd8,
    0x3, 0xbf, 0x43, 0xfe, 0x0, 0xd0, 0x2c, 0x1,
    0xff, 0xc0, 0x37, 0x10, 0x9, 0x12, 0x4, 0x42,
    0x80, 0xb, 0x48, 0x3, 0x44, 0x2c, 0x26, 0x20,
    0x0, 0x65, 0x90, 0xd, 0x98, 0xf0, 0xdc, 0xd0,
    0x2, 0x5b, 0x80, 0x4, 0x3, 0xff, 0x86, 0x61,
    0xdf, 0xa1, 0xff, 0x0, 0x7c, 0x22, 0xee, 0x60,
    0x6f, 0x68, 0x7, 0xca, 0xa1, 0x18, 0x8, 0x48,
    0x3, 0xed, 0xc0, 0xf, 0xfe, 0x9, 0x23, 0x0,
    0x70, 0x98, 0x7, 0x91, 0xc4, 0x3, 0xb3, 0x8,
    0x20, 0x3, 0xe6, 0x80, 0x8, 0xbc, 0x37, 0xec,
    0x0,

    /* U+4F69 "佩" */
    0x0, 0xa4, 0x80, 0x3f, 0xf8, 0x24, 0xc7, 0xff,
    0xfb, 0x40, 0x35, 0x20, 0x87, 0xff, 0xac, 0x3,
    0x97, 0x40, 0x3f, 0x38, 0x6, 0x32, 0x50, 0x1,
    0x7f, 0xf0, 0x8, 0x5, 0x0, 0x20, 0x2, 0xfe,
    0x1f, 0xf0, 0x6, 0x44, 0x0, 0x70, 0x90, 0x8c,
    0x1, 0xb5, 0xc8, 0x0, 0x21, 0xf2, 0x17, 0x80,
    0x1a, 0x20, 0x0, 0x13, 0x2, 0xa2, 0xa1, 0x0,
    0xc2, 0x1, 0x10, 0x80, 0x78, 0x44, 0x1, 0xe6,
    0x60, 0x7, 0xff, 0x8, 0x88, 0x1, 0xe3, 0x38,
    0x3, 0xb3, 0x40, 0x34, 0x28, 0x82, 0xa0, 0x4,
    0x28, 0x80, 0xc0, 0x4, 0x48, 0x16, 0x38, 0x4,
    0xca, 0x20, 0x1f, 0x53, 0x98, 0x3, 0x56, 0x80,
    0x36, 0x80, 0x4d, 0xa0,

    /* U+4F6C "佬" */
    0x0, 0xd8, 0x20, 0xd, 0x50, 0x8, 0x48, 0x3,
    0x30, 0x0, 0x88, 0x4, 0x50, 0x54, 0x0, 0x6b,
    0x9b, 0xdd, 0x14, 0x6e, 0xa5, 0xa8, 0x2, 0x62,
    0x5a, 0xff, 0x15, 0x7e, 0x3f, 0x80, 0x45, 0x22,
    0x2, 0x30, 0x19, 0xb6, 0x4c, 0x40, 0x1e, 0x40,
    0xdd, 0xd1, 0x4e, 0xc, 0x77, 0x14, 0x45, 0x20,
    0xdf, 0xf5, 0x8b, 0xff, 0xe5, 0x1c, 0x70, 0xc,
    0xd7, 0x10, 0x1, 0x10, 0x7, 0xc5, 0x72, 0xcc,
    0x17, 0xeb, 0x0, 0xf4, 0x69, 0x2a, 0xab, 0xb2,
    0xe8, 0x3, 0xd9, 0x89, 0x31, 0xce, 0xb4, 0x0,
    0xf9, 0xc, 0x0, 0x8c, 0x20, 0x2, 0xe0, 0xf,
    0xe2, 0x2e, 0x52, 0x0, 0xfd, 0x4d, 0xbb, 0xa6,
    0x40,

    /* U+4F6F "佯" */
    0x0, 0xff, 0xe0, 0x88, 0x7, 0x1f, 0x2, 0xe8,
    0x6, 0x7c, 0x0, 0xe9, 0x70, 0x50, 0x70, 0xa,
    0x60, 0x3, 0xa, 0xd0, 0x95, 0x69, 0x12, 0xd,
    0xc8, 0x2, 0x91, 0x3b, 0xd8, 0x5d, 0xd3, 0x96,
    0xe8, 0x40, 0x9c, 0x1, 0x5f, 0xf4, 0x9f, 0xfe,
    0x10, 0xf2, 0x0, 0x84, 0x70, 0x8, 0xc0, 0x3,
    0x9, 0x0, 0x27, 0x75, 0x7, 0xdd, 0x50, 0x1e,
    0x38, 0x1, 0x3f, 0xe8, 0x3f, 0xfa, 0x80, 0x2,
    0x1, 0xf0, 0x80, 0x7f, 0x8f, 0x77, 0x41, 0xee,
    0xe4, 0x0, 0xc5, 0x33, 0x9c, 0xa6, 0x72, 0x80,
    0x61, 0x44, 0xde, 0x28, 0x98, 0x40, 0x3f, 0xfa,
    0x80,

    /* U+4F70 "佰" */
    0x0, 0xd2, 0x60, 0x1f, 0xfc, 0x3, 0x6b, 0xff,
    0xfd, 0xc0, 0x15, 0x9c, 0x77, 0x46, 0xbd, 0xd7,
    0x80, 0x4d, 0x40, 0x23, 0x17, 0x88, 0xe0, 0x2,
    0x8b, 0x80, 0x42, 0x24, 0x0, 0xf5, 0x88, 0x82,
    0xbf, 0x83, 0xbf, 0xe3, 0x9, 0x10, 0xc, 0xdb,
    0xbc, 0x0, 0x46, 0x80, 0xd, 0xc4, 0x5c, 0x0,
    0x4a, 0x40, 0xf, 0xfe, 0xa, 0x80, 0x74, 0x7f,
    0xf0, 0x7, 0xf3, 0x6e, 0xf0, 0x7, 0xf7, 0x11,
    0x70, 0x7, 0xff, 0x32, 0x3f, 0xf8, 0x3, 0xf9,
    0xb7, 0x78, 0x0,

    /* U+4F73 "佳" */
    0x0, 0xd8, 0x60, 0x13, 0xd8, 0x7, 0xe5, 0x13,
    0x22, 0xbd, 0xc8, 0xa1, 0x0, 0xd3, 0x61, 0x9b,
    0xa7, 0x3d, 0xd9, 0x0, 0x24, 0x36, 0xe, 0xff,
    0x42, 0x7f, 0xca, 0x0, 0x1a, 0x10, 0xf, 0xfe,
    0xd, 0x0, 0x55, 0xff, 0x42, 0x7f, 0xe1, 0x25,
    0xb0, 0x4, 0x66, 0x7f, 0x9, 0x60, 0x80, 0x8,
    0xce, 0x6a, 0x33, 0xc0, 0x2, 0x0, 0xc4, 0x56,
    0xa9, 0x14, 0x20, 0x1e, 0x4d, 0xd9, 0xcf, 0x76,
    0x80, 0xf, 0x27, 0xfd, 0x9, 0xff, 0x48, 0x7,
    0xff, 0x28, 0x8b, 0x7b, 0x91, 0x60, 0xe, 0x3d,
    0xdc, 0xe7, 0xbb, 0x98,

    /* U+4F7F "使" */
    0x0, 0xff, 0xe4, 0x6a, 0x0, 0x4f, 0x40, 0x1f,
    0x9c, 0x63, 0x76, 0x95, 0xdd, 0xc8, 0x0, 0x19,
    0xff, 0x77, 0x4e, 0x7d, 0xd9, 0x40, 0x16, 0x6,
    0x7d, 0xcc, 0x67, 0x84, 0x1d, 0x40, 0xf, 0xff,
    0x42, 0xff, 0xd8, 0xb, 0xe, 0x1, 0x2f, 0xfa,
    0x13, 0xfd, 0x40, 0x6, 0xab, 0x0, 0xf8, 0x40,
    0x38, 0xd4, 0x3, 0x26, 0x62, 0x53, 0x31, 0x0,
    0x1f, 0x23, 0x7f, 0x95, 0x3f, 0xdd, 0xc0, 0xf,
    0x13, 0x30, 0xdb, 0xcc, 0xe2, 0x0, 0xf0, 0xed,
    0xd1, 0xa8, 0x7, 0xfc, 0x72, 0xa6, 0xc0, 0x1f,
    0xe5, 0xb9, 0xa8, 0xaf, 0xa7, 0x41, 0x0, 0xc5,
    0x19, 0xea, 0xac, 0xc6, 0xea, 0x4c,

    /* U+4F84 "侄" */
    0x0, 0xd4, 0x40, 0x1f, 0xfc, 0x13, 0x5a, 0xff,
    0xfe, 0x10, 0xa, 0x56, 0x3b, 0x88, 0x7d, 0xdc,
    0x20, 0x1, 0x5e, 0x1, 0x54, 0xe1, 0x5a, 0x11,
    0x0, 0x52, 0x8, 0x3, 0x4e, 0x40, 0x8a, 0xe0,
    0x11, 0x38, 0x80, 0x28, 0xe4, 0x48, 0xde, 0x4,
    0x1, 0xc0, 0x14, 0xa1, 0x77, 0x37, 0x94, 0x60,
    0x4, 0xa4, 0x1, 0x57, 0xbd, 0xb9, 0xb9, 0x44,
    0x3, 0xea, 0x0, 0x34, 0x21, 0x4f, 0x0, 0x25,
    0x80, 0x4, 0x3, 0x19, 0xdc, 0x26, 0x71, 0x0,
    0x78, 0xb7, 0x67, 0x2d, 0xda, 0xc0, 0x3c, 0x5d,
    0xd4, 0x9f, 0x75, 0x20, 0x1f, 0xfc, 0xa1, 0x1e,
    0x1, 0x1c, 0x1, 0xc3, 0xdd, 0xa0, 0xfb, 0xb3,
    0x0,

    /* U+4F88 "侈" */
    0x0, 0xc6, 0x20, 0x12, 0x18, 0x7, 0xf6, 0xa0,
    0x1, 0x2c, 0x40, 0x3f, 0x39, 0xa8, 0x35, 0x86,
    0xff, 0xb8, 0x3, 0xa6, 0xca, 0xed, 0x9f, 0xee,
    0x29, 0x0, 0xce, 0x2d, 0xc7, 0xd4, 0x22, 0xd6,
    0x70, 0x8, 0xa0, 0x43, 0x20, 0xc3, 0xfc, 0xb6,
    0x1, 0xf, 0x90, 0x6, 0x64, 0x34, 0xd0, 0xc,
    0x81, 0x20, 0xb, 0xfd, 0x88, 0x28, 0x8c, 0x0,
    0x5c, 0x70, 0x4, 0xf5, 0x9d, 0x5, 0x77, 0x3c,
    0x40, 0x40, 0x22, 0x3b, 0x8c, 0xff, 0x91, 0xc4,
    0x3, 0x9b, 0x4e, 0xec, 0x0, 0x75, 0x80, 0xf,
    0x3f, 0x42, 0x1e, 0x4d, 0x60, 0x7, 0xc2, 0x20,
    0x1e, 0x35, 0xc2, 0x0, 0xfc, 0x91, 0xd3, 0x58,
    0x20, 0x1f, 0xf, 0xc0, 0x6e, 0x28, 0x7, 0xc7,
    0xc3, 0xf9, 0x6, 0x1, 0xf0,

    /* U+4F8B "例" */
    0x0, 0xff, 0xe3, 0x74, 0x7f, 0xf0, 0x80, 0x17,
    0x0, 0xc, 0x93, 0xa3, 0x3b, 0xa0, 0xc0, 0xe,
    0xae, 0x10, 0x17, 0x22, 0x19, 0x80, 0x32, 0x1b,
    0x82, 0xb, 0xb2, 0x0, 0x70, 0xd0, 0x5, 0x87,
    0xb7, 0xc0, 0x1d, 0x2a, 0x20, 0x5, 0xfb, 0x7d,
    0x0, 0xea, 0xa0, 0x1, 0xcc, 0x81, 0xcc, 0x3,
    0x88, 0x41, 0xe6, 0x98, 0x49, 0x40, 0x3f, 0x3d,
    0x25, 0xe2, 0x8, 0x7, 0xf2, 0x16, 0x16, 0x80,
    0x7f, 0xf0, 0x10, 0x58, 0xb, 0x40, 0x3f, 0xae,
    0xc0, 0x11, 0x0, 0x7c, 0x38, 0x8a, 0x1, 0x11,
    0x40, 0x1c, 0x8d, 0x40, 0x1a, 0x76, 0x68, 0x1,
    0xc6, 0xb4, 0x1, 0xd7, 0xfc, 0xc0,

    /* U+4F8D "侍" */
    0x0, 0xff, 0xe4, 0x61, 0x80, 0x4f, 0x60, 0x1f,
    0x94, 0x8c, 0x8a, 0xf7, 0x22, 0x84, 0x3, 0x44,
    0x96, 0xec, 0xe7, 0xbb, 0x48, 0x4, 0xc4, 0xe5,
    0xff, 0x42, 0x7f, 0xd0, 0x0, 0x39, 0x10, 0x22,
    0xde, 0xe4, 0x58, 0x7, 0x88, 0x7, 0x77, 0x39,
    0xee, 0xe6, 0x50, 0x90, 0x1f, 0xff, 0x68, 0x7f,
    0x99, 0x31, 0xc0, 0x4, 0x5e, 0x60, 0x32, 0x0,
    0x8, 0x5, 0x9b, 0xbd, 0x61, 0x9a, 0x80, 0x1d,
    0xd9, 0x1f, 0xf6, 0x87, 0xf9, 0x0, 0x3c, 0x32,
    0xc0, 0x1f, 0xfc, 0x12, 0xa9, 0x20, 0xf, 0xfe,
    0xa, 0x61, 0x8b, 0x0, 0x7f, 0xf0, 0xd, 0xba,
    0xd4, 0x2,

    /* U+4F97 "侗" */
    0x0, 0x94, 0x80, 0x3f, 0xf8, 0x36, 0xdf, 0xff,
    0xd8, 0x0, 0x50, 0x40, 0xce, 0xef, 0x48, 0x5,
    0xcc, 0x0, 0x11, 0xf8, 0xc0, 0x4, 0x98, 0x1,
    0x77, 0xfe, 0x90, 0xa, 0x40, 0x3b, 0xbf, 0xf4,
    0x80, 0x15, 0x4, 0x3, 0xa, 0x26, 0x0, 0xa6,
    0x8, 0x3, 0x3d, 0x7f, 0xac, 0x2, 0xf7, 0x0,
    0xf3, 0x5d, 0x80, 0x31, 0x80, 0x7f, 0xf2, 0x88,
    0xcc, 0x1, 0xff, 0xc0, 0x4f, 0xf1, 0x80, 0x7f,
    0x8a, 0x73, 0x20, 0xf, 0xf2, 0x38, 0x0, 0x89,
    0xa0, 0x1f, 0xfc, 0x9, 0xd6, 0xa0, 0x6, 0x20,
    0x79, 0x0, 0x6b, 0xfe, 0x60,

    /* U+4F9B "供" */
    0x0, 0xff, 0xe4, 0x6a, 0x83, 0xd8, 0x0, 0xbc,
    0x3, 0xcc, 0x6a, 0x1, 0xff, 0xc1, 0x88, 0x0,
    0x7f, 0xf0, 0x5c, 0x5a, 0x3e, 0x13, 0xfd, 0xa1,
    0xfe, 0x40, 0x38, 0x10, 0x9d, 0x73, 0xdd, 0x58,
    0x6e, 0x90, 0xb4, 0xc0, 0x2, 0x5e, 0xe4, 0x46,
    0x2, 0x20, 0xa, 0x40, 0x7, 0xff, 0x4, 0xe8,
    0x3, 0xff, 0x8f, 0xdf, 0x9, 0xfe, 0xd0, 0xff,
    0x38, 0x7, 0x66, 0x7f, 0x98, 0x3, 0x88, 0xd2,
    0x4c, 0xc3, 0x6, 0x61, 0x0, 0xf1, 0xc4, 0x80,
    0x8, 0x70, 0x3, 0xe3, 0xd9, 0x30, 0xa, 0x82,
    0x40, 0x3d, 0x30, 0xc0, 0x1d, 0xc8, 0x20, 0x4,
    0xe0, 0xa6, 0x0, 0xf1, 0x68, 0x80,

    /* U+4F9D "依" */
    0x0, 0xc2, 0x1, 0xff, 0xc3, 0xc6, 0x0, 0xb5,
    0x40, 0x3f, 0x29, 0xb0, 0x5, 0x70, 0x1, 0xfa,
    0x58, 0xcf, 0x10, 0xa1, 0x9c, 0x20, 0x5, 0x3a,
    0xdd, 0xd6, 0x55, 0xbb, 0x28, 0xd, 0x89, 0x77,
    0x4e, 0x11, 0xdd, 0x90, 0x34, 0x3, 0x9d, 0x9e,
    0x80, 0x26, 0x1, 0x15, 0x80, 0x4d, 0x17, 0x26,
    0x41, 0x56, 0x43, 0xac, 0x0, 0xa9, 0x4, 0x14,
    0xbc, 0xd, 0x20, 0xd, 0x6f, 0x20, 0x14, 0x35,
    0x50, 0x3, 0xd5, 0xaa, 0x1, 0x1a, 0x60, 0x7,
    0xc2, 0x1, 0xe9, 0x55, 0x0, 0x7f, 0xc6, 0xe5,
    0x34, 0xa0, 0x1f, 0x20, 0x77, 0x3c, 0x1a, 0x29,
    0x80, 0x3d, 0x8d, 0xba, 0x80, 0x3, 0xdb, 0x80,
    0xf, 0x80, 0x17, 0x26, 0x1, 0xc8, 0x20,

    /* U+4FA0 "侠" */
    0x0, 0xff, 0xe4, 0x72, 0x0, 0x4d, 0x80, 0x1f,
    0x9c, 0x94, 0x8a, 0x11, 0x11, 0x60, 0xd, 0x33,
    0x6e, 0xd0, 0x5b, 0xb8, 0x2, 0x81, 0x58, 0xbe,
    0xf9, 0x3f, 0xf5, 0x78, 0x1, 0x5c, 0x40, 0x1d,
    0x20, 0x18, 0xe8, 0x40, 0xa9, 0x0, 0x29, 0x60,
    0xd, 0x2e, 0x20, 0x4f, 0xe0, 0x11, 0xc8, 0xb,
    0x81, 0x40, 0x5, 0xe, 0x3, 0xdc, 0x9e, 0x84,
    0xe6, 0xee, 0x30, 0x6, 0x1c, 0xcc, 0x41, 0x59,
    0x93, 0x80, 0x71, 0x14, 0x4, 0x98, 0x45, 0x8,
    0x7, 0xee, 0x6a, 0x63, 0x0, 0xfe, 0x1c, 0x9,
    0x1b, 0xd3, 0x0, 0xf9, 0xfd, 0xf4, 0x0, 0xb3,
    0x90, 0x20, 0x18, 0xaa, 0xec, 0x20, 0x13, 0xe1,
    0x90,

    /* U+4FA3 "侣" */
    0x0, 0xce, 0x1, 0xff, 0xc1, 0x59, 0x9, 0xff,
    0xf7, 0x0, 0x69, 0x60, 0x3, 0x77, 0x6b, 0x0,
    0xc4, 0x74, 0x0, 0x11, 0xe7, 0x0, 0xd6, 0x24,
    0x1, 0xff, 0x13, 0x0, 0x62, 0x33, 0xca, 0x1,
    0x70, 0x80, 0x5c, 0xfd, 0xda, 0xc8, 0x10, 0xac,
    0x2, 0x7d, 0xdf, 0x60, 0x26, 0x88, 0x4, 0x67,
    0xf8, 0x40, 0xc0, 0x24, 0xce, 0xef, 0x63, 0x0,
    0x78, 0x77, 0x7c, 0x80, 0x1f, 0xfd, 0x91, 0xff,
    0xf2, 0x0, 0x7c, 0x3b, 0xbe, 0x30,

    /* U+4FA5 "侥" */
    0x0, 0xda, 0x60, 0x5e, 0x1, 0xfe, 0x60, 0x30,
    0x20, 0x65, 0x67, 0x97, 0x0, 0xd1, 0x5b, 0xfe,
    0x8, 0xef, 0xf7, 0x20, 0x4, 0xe2, 0xff, 0xdf,
    0x63, 0x52, 0x56, 0x60, 0x3, 0x81, 0x2, 0x10,
    0x44, 0x6f, 0x1e, 0x0, 0x7, 0x48, 0x0, 0x29,
    0x18, 0xa4, 0x92, 0x18, 0x40, 0xb2, 0x0, 0xb8,
    0xf, 0xef, 0x6e, 0xb2, 0x20, 0xdb, 0x80, 0x2b,
    0x20, 0xc0, 0x73, 0x1d, 0x80, 0x1c, 0xdf, 0xff,
    0x6d, 0x69, 0x0, 0x66, 0xee, 0x39, 0xf5, 0x7,
    0x74, 0x40, 0x1c, 0x22, 0x24, 0x11, 0xf0, 0x7,
    0xc4, 0xb6, 0x1, 0xc8, 0x60, 0x1c, 0x98, 0xe6,
    0x0, 0x10, 0x7, 0x20, 0x6, 0x78, 0xb8, 0x0,
    0x28, 0xff, 0x91, 0x40, 0x7, 0xcf, 0x8a, 0x1,
    0xf, 0x7f, 0xb8, 0x80,

    /* U+4FA6 "侦" */
    0x0, 0xd8, 0x80, 0x17, 0x98, 0x7, 0xe5, 0x14,
    0x0, 0xd9, 0xff, 0x60, 0x6, 0x88, 0x0, 0x75,
    0xff, 0xd8, 0x1, 0x39, 0x28, 0x7, 0x38, 0x7,
    0x8e, 0x4, 0x7, 0xfe, 0xc, 0xff, 0x84, 0xb,
    0x54, 0x3, 0x77, 0x76, 0x80, 0x42, 0xf2, 0x1,
    0x84, 0x4c, 0xe2, 0x40, 0x11, 0xc8, 0x7, 0xdd,
    0xc0, 0xf, 0xfe, 0x11, 0xf8, 0x7, 0xff, 0x9,
    0x84, 0x3, 0xfc, 0x2c, 0x6, 0x67, 0x0, 0x38,
    0x7, 0xe9, 0x3d, 0x83, 0xe7, 0x81, 0x0, 0xf1,
    0x4e, 0x43, 0x96, 0x6f, 0x20, 0x7, 0xf, 0x87,
    0x30, 0x0, 0xaa, 0x90, 0x1, 0x1f, 0xe, 0xc8,
    0x80, 0x72, 0x60, 0x0,

    /* U+4FA7 "侧" */
    0x0, 0x84, 0x3, 0xff, 0x82, 0x5c, 0xbf, 0xdc,
    0xff, 0x0, 0x45, 0xa0, 0xa, 0x76, 0x4e, 0xe7,
    0x80, 0x34, 0x40, 0x33, 0x50, 0x0, 0x74, 0x2,
    0x30, 0xc, 0xc2, 0x60, 0x1f, 0xf0, 0xc0, 0x7,
    0xff, 0x6, 0x5c, 0x40, 0x3f, 0xf8, 0x17, 0x0,
    0x1f, 0xfc, 0x13, 0x10, 0xf, 0xfe, 0x39, 0x88,
    0x7, 0xff, 0x4, 0x5c, 0x3, 0xfe, 0x3b, 0xb6,
    0x7, 0x83, 0x88, 0x7, 0xc2, 0xc9, 0x82, 0x12,
    0x1, 0xf0, 0xeb, 0x1d, 0x50, 0x2, 0x60, 0xe,
    0x94, 0x80, 0x62, 0x15, 0xfb, 0xa0, 0x7, 0xc,
    0x40, 0x2, 0x91, 0x5f, 0xf3, 0x80,

    /* U+4FA8 "侨" */
    0x0, 0xc4, 0x1, 0xff, 0xc3, 0xc5, 0x13, 0x46,
    0x7a, 0xcf, 0x20, 0xc, 0xe6, 0xb5, 0xd1, 0x75,
    0xb3, 0xa4, 0x1, 0xa6, 0x2, 0xf7, 0x6, 0x9d,
    0x48, 0x3, 0x48, 0x29, 0x14, 0x67, 0x11, 0x60,
    0x3, 0x30, 0xc3, 0x76, 0xc0, 0xbd, 0xdc, 0xa7,
    0x28, 0x0, 0xff, 0x48, 0xf7, 0xc9, 0xf7, 0xa8,
    0xb4, 0x0, 0x51, 0x38, 0x20, 0xc9, 0x84, 0x5,
    0x20, 0x5, 0xe4, 0x94, 0x0, 0x10, 0x5e, 0xc0,
    0x6, 0x4b, 0xc0, 0xd0, 0x3, 0x35, 0xb4, 0x1,
    0x85, 0x43, 0x84, 0x3, 0x88, 0x80, 0x1f, 0x26,
    0x0, 0x7f, 0xf0, 0x50, 0xdc, 0x3, 0xff, 0x80,
    0x75, 0x2, 0x1, 0xff, 0xc0, 0x97, 0x70, 0x7,
    0xf8, 0xf4, 0x2a, 0x40, 0x32, 0x70, 0x4,

    /* U+4FA9 "侩" */
    0x0, 0xc6, 0x1, 0x94, 0x80, 0x3f, 0xe, 0x8,
    0x0, 0xa9, 0x0, 0x3f, 0x4a, 0x8, 0x2, 0x52,
    0xc, 0x3, 0xe6, 0xf0, 0x4, 0x85, 0xd6, 0xa0,
    0x7, 0x38, 0xa0, 0x4a, 0x50, 0x25, 0x5c, 0x0,
    0x45, 0x2, 0x2b, 0x4e, 0x1, 0x12, 0xdb, 0x60,
    0x87, 0x90, 0x48, 0xc6, 0x77, 0x6f, 0xf3, 0x0,
    0x84, 0x84, 0x52, 0xff, 0xf5, 0x8d, 0x8, 0xb5,
    0xc0, 0x4, 0x5f, 0xc0, 0x1f, 0x66, 0xef, 0xe5,
    0x0, 0xf7, 0x7d, 0xf, 0xff, 0x28, 0x7, 0xc3,
    0x74, 0x0, 0xb7, 0x0, 0xfe, 0xb4, 0x40, 0x2,
    0x60, 0xc0, 0x3e, 0xb5, 0x6c, 0xde, 0xf3, 0xe0,
    0xf, 0xb6, 0xbf, 0xb7, 0xb7, 0x1c, 0x80,

    /* U+4FAE "侮" */
    0x0, 0x89, 0x80, 0x10, 0x40, 0x1f, 0xea, 0xc0,
    0x47, 0x20, 0xf, 0xf3, 0x78, 0x70, 0x6e, 0xfc,
    0x1, 0x28, 0xa9, 0x2d, 0xf7, 0x7c, 0x1, 0x49,
    0x87, 0x32, 0x19, 0xfc, 0x0, 0x53, 0x3, 0x1f,
    0xff, 0xc8, 0x3, 0x64, 0x7, 0xa2, 0xbe, 0xb3,
    0xfe, 0x17, 0x0, 0x2c, 0x0, 0x5c, 0x41, 0x5a,
    0x60, 0x1, 0x1, 0xb0, 0x1, 0xf3, 0x3f, 0x71,
    0x77, 0x87, 0x24, 0x3, 0x1e, 0xc, 0xd2, 0x6e,
    0x68, 0x44, 0x0, 0x38, 0x85, 0x10, 0x76, 0x44,
    0x5, 0x10, 0xe, 0x20, 0x31, 0x83, 0x15, 0x0,
    0xfc, 0xc1, 0xdd, 0x27, 0x58, 0x61, 0x0, 0x72,
    0x7f, 0xf9, 0x8f, 0xc8, 0x3, 0xfd, 0xfe, 0x78,
    0x0, 0xcb, 0x80, 0x1e, 0xff, 0x72, 0x0, 0x0,

    /* U+4FAF "侯" */
    0x0, 0xd0, 0x1, 0xff, 0xc2, 0x55, 0x5, 0xff,
    0xf6, 0x0, 0x7b, 0xa8, 0x2f, 0xff, 0x33, 0x0,
    0x38, 0x51, 0x40, 0x3c, 0x44, 0x0, 0xe9, 0x10,
    0xee, 0xf2, 0x3f, 0x71, 0x0, 0x5c, 0xb, 0xf5,
    0x73, 0xfd, 0xdc, 0xff, 0x20, 0x50, 0x80, 0x6,
    0xdc, 0x84, 0x7c, 0x0, 0x58, 0x0, 0x13, 0x9f,
    0xff, 0x98, 0x1, 0xe4, 0x0, 0xe6, 0xff, 0xd,
    0xff, 0xcc, 0x0, 0x10, 0xb, 0xe4, 0x3, 0xff,
    0x82, 0x99, 0xff, 0xd, 0xff, 0xe3, 0x0, 0xc9,
    0xdd, 0x38, 0x17, 0x76, 0x30, 0xe, 0x11, 0x2b,
    0xdb, 0x50, 0x8, 0x80, 0x3c, 0x55, 0x4b, 0x4b,
    0x2e, 0x94, 0x0, 0xe2, 0xc2, 0xf4, 0x0, 0x4e,
    0x8c, 0xa0, 0x1, 0x38, 0xba, 0x4, 0x3, 0x14,
    0x6a, 0x0,

    /* U+4FB5 "侵" */
    0x0, 0xc8, 0x40, 0x1f, 0xfc, 0x11, 0xb1, 0xbe,
    0xef, 0x79, 0x0, 0x69, 0x33, 0x5f, 0x77, 0x80,
    0x38, 0x5e, 0x1, 0x3b, 0xbc, 0x1, 0xd4, 0x28,
    0x9, 0xdd, 0xe0, 0xc, 0xe8, 0x1, 0x5f, 0x77,
    0x80, 0x24, 0x86, 0x0, 0xaf, 0xbb, 0xde, 0x40,
    0xcf, 0x40, 0xe, 0xef, 0xef, 0x52, 0x80, 0xd,
    0xfd, 0xdf, 0x20, 0x7, 0x9e, 0xbf, 0xfd, 0x78,
    0xc0, 0x1d, 0x36, 0x73, 0xfe, 0xe2, 0xe7, 0x30,
    0xf, 0xba, 0x14, 0x75, 0x14, 0x3, 0xf8, 0xb2,
    0xbd, 0x64, 0x3, 0xf0, 0xa4, 0x61, 0xbb, 0x52,
    0x88, 0x7, 0xb2, 0x3, 0x31, 0x3d, 0xb3, 0xa0,
    0x11, 0xf0, 0x6e, 0x41, 0x0, 0x5, 0xf3, 0x0,

    /* U+4FBF "便" */
    0x0, 0xd4, 0x20, 0x1f, 0xfc, 0x14, 0x46, 0xff,
    0xff, 0x10, 0x5, 0xef, 0xbd, 0xd4, 0x1f, 0x76,
    0x20, 0x0, 0xa6, 0x88, 0xf0, 0x8, 0xe0, 0xa,
    0xc1, 0x17, 0xfb, 0x92, 0x7d, 0xcf, 0x90, 0x1,
    0xa8, 0x80, 0xf, 0xb9, 0x27, 0xdc, 0x60, 0x0,
    0xe9, 0x80, 0x47, 0x77, 0x1d, 0xd9, 0xc0, 0x2,
    0x90, 0x1, 0x14, 0xca, 0x8a, 0x64, 0x80, 0x15,
    0x38, 0x4, 0x24, 0x41, 0x11, 0x10, 0xc0, 0x3f,
    0x1f, 0x72, 0x4f, 0xb8, 0xc0, 0x1f, 0xd, 0x77,
    0x15, 0xfb, 0x9f, 0x20, 0x1e, 0x6b, 0x62, 0x5a,
    0x0, 0xff, 0x16, 0x5e, 0xa1, 0x0, 0x7f, 0x8e,
    0xc9, 0x9f, 0xed, 0xd4, 0xc4, 0x3, 0x26, 0x86,
    0xce, 0x6e, 0xbb, 0xa3, 0x0, 0x1f, 0x27, 0x49,
    0x0, 0x9, 0xa6, 0xf4, 0x80,

    /* U+4FC3 "促" */
    0x0, 0x89, 0xc0, 0x3f, 0xf8, 0x55, 0xa1, 0xdf,
    0xff, 0x20, 0x6, 0x6f, 0x0, 0x5f, 0x77, 0x8,
    0x6, 0x51, 0x50, 0x3, 0x88, 0xf0, 0x7, 0x49,
    0x0, 0x7f, 0xf0, 0x58, 0xc0, 0x33, 0x8, 0xf0,
    0x4, 0x52, 0x40, 0x1a, 0xbb, 0xb8, 0x40, 0xc,
    0x70, 0x1, 0x77, 0xfb, 0x3, 0xfe, 0x40, 0x4d,
    0x0, 0xcc, 0xa0, 0x1f, 0xc2, 0x1, 0xa8, 0x80,
    0x2f, 0xfa, 0xc0, 0x3e, 0x31, 0x0, 0xb7, 0x69,
    0x0, 0xf1, 0x5, 0x80, 0x44, 0x58, 0x3, 0xca,
    0xa0, 0x97, 0x0, 0xff, 0xa6, 0x3d, 0xe8, 0xc,
    0x84, 0x60, 0xc, 0xf2, 0x44, 0xe9, 0x3d, 0xd7,
    0x71, 0x80, 0xb, 0xae, 0xe0, 0x9, 0xf3, 0xbf,
    0xe7,

    /* U+4FC4 "俄" */
    0x0, 0xff, 0xe3, 0xae, 0x80, 0x4b, 0x29, 0xc0,
    0xc0, 0x1d, 0xce, 0xeb, 0xf8, 0xe1, 0x0, 0x5a,
    0x0, 0x44, 0x9f, 0xdc, 0xe, 0x76, 0x10, 0x99,
    0x0, 0x56, 0x4b, 0x2a, 0x20, 0x1, 0x0, 0x22,
    0x4, 0xd, 0x84, 0x91, 0x2, 0xa8, 0x80, 0x44,
    0x68, 0x3, 0x84, 0x12, 0x20, 0x17, 0x16, 0x13,
    0x10, 0x55, 0x4, 0x3, 0x66, 0x7, 0xb3, 0x43,
    0xf6, 0x51, 0x7c, 0xc0, 0x3c, 0x64, 0x22, 0x8c,
    0x0, 0x10, 0x4, 0x8e, 0x39, 0xce, 0x76, 0xf2,
    0x1, 0xd1, 0x5c, 0x17, 0xaa, 0xee, 0xb0, 0xf,
    0x47, 0x48, 0xb8, 0x0, 0x49, 0x48, 0x80, 0x1f,
    0xc5, 0xae, 0x40, 0xf6, 0x1, 0xc4, 0x41, 0x7c,
    0x4c, 0x39, 0xce, 0x0, 0xee, 0xc4, 0x46, 0xc8,
    0x72, 0x3b, 0x0, 0x17, 0x3, 0x3a, 0xc0, 0xc0,
    0x5, 0xbc, 0x20,

    /* U+4FCA "俊" */
    0x0, 0xc2, 0x1, 0x8, 0x80, 0x3f, 0xde, 0xa0,
    0xd, 0x80, 0x41, 0x0, 0xf3, 0x2, 0x85, 0x34,
    0x86, 0xe8, 0x3, 0xd7, 0x21, 0x4d, 0x28, 0xbe,
    0x54, 0x1, 0x98, 0x9e, 0x14, 0xf6, 0x3b, 0x1d,
    0xe0, 0x0, 0xc8, 0x84, 0xf5, 0x46, 0x58, 0x6f,
    0xb0, 0x3, 0x44, 0x0, 0x2f, 0x6a, 0x0, 0x9a,
    0x51, 0x3, 0x1a, 0x0, 0x54, 0x6a, 0x98, 0x1e,
    0x54, 0x1, 0xe3, 0x80, 0xf, 0xde, 0x40, 0x22,
    0xfe, 0x0, 0x8, 0x5, 0x25, 0x61, 0x9f, 0xf4,
    0x30, 0x7, 0x9b, 0x7, 0x3f, 0xd8, 0x10, 0x1,
    0xf6, 0xdd, 0x6a, 0x23, 0x64, 0x80, 0x3e, 0xb4,
    0x45, 0xdd, 0xc, 0x1, 0xf8, 0xda, 0xec, 0xee,
    0x8a, 0x52, 0x0, 0xe6, 0xef, 0xee, 0x44, 0x3b,
    0x3f, 0x80, 0x23, 0xe6, 0xd9, 0x50, 0xc, 0xd5,
    0x80,

    /* U+4FCF "俏" */
    0x0, 0xd6, 0x8c, 0x0, 0x2f, 0x0, 0x1a, 0x0,
    0x4a, 0xa4, 0xb7, 0x0, 0xee, 0x30, 0xa, 0x60,
    0x3a, 0x4, 0x2, 0x71, 0x70, 0x2, 0x9b, 0x1,
    0xd0, 0x6, 0x4d, 0x0, 0x15, 0x8, 0x3, 0xab,
    0xb4, 0x3f, 0x39, 0x43, 0xc8, 0x3, 0x4e, 0xef,
    0x10, 0x8, 0xa4, 0x3, 0x11, 0x78, 0x0, 0x38,
    0xe0, 0x1a, 0xff, 0xf8, 0x80, 0x3f, 0x5f, 0xff,
    0x10, 0x7, 0xe1, 0x1f, 0x0, 0x7f, 0x57, 0x77,
    0x10, 0x7, 0xeb, 0xff, 0xe2, 0x0, 0xff, 0xe0,
    0x9, 0x18, 0x7, 0xff, 0x3, 0x74, 0x68,

    /* U+4FD0 "俐" */
    0x0, 0x84, 0x3, 0xff, 0x85, 0xae, 0x0, 0x26,
    0x70, 0xb, 0x10, 0x0, 0x46, 0x15, 0xdb, 0x84,
    0x2a, 0x1, 0xd4, 0x87, 0xf6, 0x34, 0xa1, 0x60,
    0x1c, 0xdc, 0x8a, 0xe0, 0x1f, 0xd0, 0x20, 0x89,
    0xa, 0x20, 0xc0, 0x31, 0xb8, 0x3, 0xe2, 0x1,
    0x10, 0x60, 0xd, 0x4c, 0x61, 0x78, 0x81, 0x18,
    0xa0, 0x1a, 0x24, 0x2, 0x15, 0xa, 0x10, 0xe,
    0x10, 0xd, 0x6, 0x33, 0xa6, 0x1, 0xf8, 0x9e,
    0x1, 0xd8, 0x3, 0xf1, 0xfc, 0x30, 0x2, 0x8c,
    0x80, 0x3c, 0x28, 0xc0, 0x18, 0x70, 0x3, 0xc5,
    0x20, 0x1e, 0x11, 0x80, 0x3f, 0xf8, 0xd, 0xc0,
    0xa0, 0xc, 0x50, 0x1, 0x70, 0x4, 0xff, 0xa2,

    /* U+4FD7 "俗" */
    0x0, 0xcc, 0x20, 0x5, 0x0, 0x10, 0x80, 0x78,
    0xa4, 0x1, 0x10, 0x0, 0x5e, 0x8, 0x7, 0x5a,
    0x89, 0xbf, 0x0, 0x25, 0xf0, 0x40, 0x21, 0x69,
    0x3c, 0x93, 0x66, 0x5, 0x36, 0x80, 0x56, 0x27,
    0xf0, 0xc3, 0x36, 0x0, 0xa6, 0x10, 0x55, 0x0,
    0x31, 0xc2, 0x91, 0xa4, 0x6, 0x84, 0xa9, 0x40,
    0x34, 0x35, 0xd2, 0x38, 0x4, 0x6d, 0x20, 0x14,
    0xb7, 0x80, 0xfc, 0xd0, 0x80, 0xc8, 0x0, 0xf1,
    0x7c, 0x80, 0x5, 0xed, 0xea, 0x1, 0xca, 0x5d,
    0xff, 0xb8, 0xa4, 0xc0, 0x31, 0xc8, 0x56, 0xee,
    0xa0, 0x76, 0x0, 0xf9, 0x88, 0xb3, 0x0, 0x7f,
    0xf3, 0x9c, 0x47, 0x30, 0x7, 0xfa, 0xfb, 0xb5,
    0x0, 0x40,

    /* U+4FD8 "俘" */
    0x0, 0xff, 0xe4, 0x61, 0x0, 0x92, 0x2c, 0x56,
    0xc8, 0x6, 0x52, 0x6f, 0xec, 0x8e, 0x1c, 0x99,
    0x0, 0x6e, 0x64, 0xbe, 0xe2, 0x4c, 0x9a, 0x18,
    0x2, 0x24, 0xa0, 0xe9, 0x2, 0xa0, 0x33, 0x38,
    0x5, 0x2, 0x41, 0x2e, 0x1e, 0xa1, 0x2e, 0x20,
    0x4, 0x50, 0x8, 0xd8, 0x52, 0x0, 0x12, 0x1,
    0x51, 0x0, 0x58, 0xdd, 0xca, 0xf5, 0xd0, 0x9,
    0x64, 0x2, 0xdd, 0xe6, 0xf, 0x0, 0xad, 0xc0,
    0x21, 0x22, 0xa1, 0x30, 0xc0, 0x3e, 0x11, 0xca,
    0xaf, 0x21, 0x10, 0x7, 0xbf, 0xba, 0xa0, 0xde,
    0xe8, 0xc0, 0x3b, 0xbf, 0xec, 0x1f, 0xfc, 0x60,
    0x1f, 0xfc, 0xd7, 0x0, 0xff, 0xe1, 0x6d, 0xa0,
    0x7, 0x0,

    /* U+4FDD "保" */
    0x0, 0xce, 0x60, 0x1f, 0xfc, 0x12, 0x81, 0xef,
    0xff, 0x90, 0x3, 0x42, 0x90, 0x5f, 0x77, 0x8,
    0x6, 0x25, 0x80, 0x3, 0x88, 0xf0, 0x7, 0x70,
    0x90, 0x7, 0xff, 0x2, 0x4c, 0x3, 0x6f, 0x77,
    0x8, 0x1, 0x99, 0x0, 0x16, 0x6e, 0xa0, 0x77,
    0x58, 0x80, 0xb2, 0x80, 0x11, 0x19, 0x88, 0x4c,
    0xe0, 0x1, 0xb0, 0x0, 0x73, 0x34, 0x8e, 0x66,
    0x20, 0xc, 0x31, 0x12, 0x10, 0x14, 0x44, 0x40,
    0x1c, 0x88, 0x66, 0x28, 0xa9, 0xa2, 0x0, 0x3e,
    0x1f, 0x9e, 0xa, 0x94, 0x0, 0xf9, 0x79, 0x1c,
    0x0, 0x35, 0x6e, 0x1, 0xc9, 0x54, 0x90, 0xc,
    0x99, 0x2a, 0x1, 0x93, 0x94, 0x3, 0xc7, 0xea,

    /* U+4FDE "俞" */
    0x0, 0xf8, 0x84, 0x3, 0xff, 0x82, 0x59, 0x60,
    0x1f, 0xfc, 0x3, 0xc6, 0x79, 0x0, 0xff, 0x46,
    0xd4, 0x61, 0x69, 0x80, 0x79, 0x79, 0xa9, 0x88,
    0xe5, 0x73, 0xa, 0x0, 0x4e, 0xe5, 0x14, 0xff,
    0xe5, 0xba, 0x8b, 0x4, 0xfa, 0x5d, 0xcc, 0x6e,
    0xe4, 0x3c, 0xb0, 0x0, 0xe7, 0x76, 0x70, 0x32,
    0x8, 0x20, 0xe, 0xac, 0xc2, 0x80, 0x25, 0x0,
    0x3f, 0x7d, 0x51, 0x80, 0x3f, 0xf8, 0x1b, 0x98,
    0x70, 0xf, 0xfe, 0x0, 0x80, 0x7f, 0xf0, 0xf3,
    0x26, 0x0, 0x8c, 0x3, 0xf4, 0x4c, 0x94, 0x1,
    0x4a, 0x1, 0xfe, 0xc6, 0x30, 0x3, 0x78, 0x10,
    0x0,

    /* U+4FE1 "信" */
    0x0, 0xcc, 0x1, 0x9c, 0x3, 0xf8, 0xe0, 0x3,
    0x53, 0x0, 0x7e, 0x96, 0x0, 0xd1, 0xe0, 0x1f,
    0xa, 0xd7, 0x7f, 0xd4, 0xdf, 0xf9, 0x0, 0x10,
    0x25, 0xdf, 0xff, 0xc8, 0x6, 0xc0, 0x11, 0xa2,
    0x7c, 0x1, 0x71, 0x80, 0x57, 0xff, 0xf0, 0x0,
    0x83, 0xc0, 0x28, 0xbb, 0xf8, 0x0, 0x5a, 0x20,
    0x15, 0xf7, 0x7c, 0x1, 0xfa, 0xfb, 0xbe, 0x0,
    0xfd, 0xff, 0xf8, 0x80, 0x3f, 0x77, 0xff, 0x8,
    0x7, 0xf0, 0x80, 0x7f, 0xf4, 0xff, 0xfc, 0x20,
    0x18, 0xb8, 0x1, 0xff, 0xf8, 0x80,

    /* U+4FE9 "俩" */
    0x0, 0xb4, 0xc0, 0x3f, 0xf8, 0x6, 0x57, 0xff,
    0xfd, 0xc0, 0xb, 0x59, 0xdd, 0x51, 0xec, 0x2e,
    0xeb, 0x0, 0xd, 0xe2, 0x44, 0x10, 0x21, 0x32,
    0x28, 0x14, 0x44, 0x1, 0xff, 0xc0, 0x90, 0x1,
    0x7f, 0xac, 0xfe, 0x5b, 0xfc, 0xcc, 0x32, 0x0,
    0xf, 0x49, 0xf4, 0x2f, 0x28, 0xf4, 0x88, 0x4,
    0x22, 0x61, 0xf2, 0x13, 0x8, 0x60, 0xe, 0xe4,
    0x12, 0x60, 0xf, 0xf2, 0xaa, 0x5c, 0x9c, 0x3,
    0xf1, 0x12, 0xbc, 0xf6, 0x4c, 0x3, 0xee, 0x91,
    0xc9, 0x16, 0x10, 0xf, 0xa9, 0xc0, 0xdc, 0x20,
    0x80, 0x3e, 0x60, 0x4, 0x0, 0x46, 0x1, 0xff,
    0xc0, 0x7f, 0x44, 0x0, 0x31, 0xb, 0x80, 0x39,
    0xff, 0x8c,

    /* U+4FED "俭" */
    0x0, 0xfe, 0x20, 0xf, 0xe3, 0xf0, 0x8, 0x71,
    0x80, 0x3f, 0x52, 0x80, 0x56, 0x70, 0x40, 0x1e,
    0x16, 0x90, 0x3, 0xb6, 0xc6, 0x18, 0x7, 0x31,
    0x18, 0x45, 0x68, 0x35, 0xe3, 0x80, 0x43, 0x2,
    0x2b, 0x78, 0x23, 0x33, 0x44, 0xe1, 0x86, 0x80,
    0x28, 0x6e, 0x3b, 0xb5, 0x7b, 0x30, 0x89, 0x1,
    0x74, 0x9b, 0xae, 0xdd, 0x86, 0x94, 0xb0, 0x80,
    0x2c, 0x0, 0x7a, 0x0, 0x38, 0xc0, 0x4, 0x1,
    0xc8, 0x9, 0x80, 0xa6, 0x60, 0xf, 0xaf, 0x43,
    0x4c, 0x26, 0x0, 0x3f, 0x21, 0x2, 0x42, 0xa,
    0x80, 0x7e, 0x3b, 0x1, 0x39, 0x90, 0x7, 0xc9,
    0xdd, 0xe2, 0xae, 0xe1, 0x0, 0x65, 0xdd, 0xf6,
    0x6e, 0xc4,

    /* U+4FEE "修" */
    0x0, 0x85, 0x80, 0x34, 0x8, 0x7, 0xe6, 0xa0,
    0x9, 0x58, 0x40, 0x3f, 0x55, 0x0, 0x28, 0x1e,
    0xed, 0x80, 0x12, 0x13, 0x0, 0x24, 0xa7, 0xfe,
    0x3a, 0x0, 0xbc, 0xc0, 0xe, 0xea, 0x82, 0x18,
    0x16, 0x0, 0x22, 0x0, 0x1c, 0x3a, 0xb5, 0xb6,
    0xb8, 0x0, 0x1a, 0x20, 0x9, 0xcc, 0xb0, 0x14,
    0x10, 0x0, 0xa5, 0x0, 0x14, 0x6e, 0x7, 0xfa,
    0xa7, 0xd9, 0x34, 0x3, 0x6f, 0xf4, 0x42, 0x9b,
    0x74, 0xc0, 0x20, 0x19, 0x42, 0x77, 0xad, 0x10,
    0x40, 0x1f, 0x8f, 0xf5, 0xa6, 0x4c, 0x1, 0xfc,
    0x27, 0x79, 0xda, 0xda, 0x20, 0x1c, 0xa0, 0xc,
    0xfd, 0x5a, 0xa4, 0x88, 0x7, 0x58, 0x85, 0x1e,
    0x63, 0x79, 0x0, 0x3f, 0x64, 0x7f, 0xb9, 0xc0,
    0x20,

    /* U+4FEF "俯" */
    0x0, 0x94, 0x80, 0x34, 0x80, 0x7f, 0x53, 0x0,
    0x65, 0x70, 0xf, 0x98, 0x97, 0xff, 0x1c, 0x7f,
    0xe0, 0xb, 0x68, 0x1, 0xda, 0xd9, 0xdc, 0xb9,
    0xe0, 0x1, 0x22, 0x0, 0x2, 0x27, 0x31, 0x11,
    0x78, 0x80, 0x20, 0x3, 0xad, 0xc0, 0x3e, 0x45,
    0x0, 0xe5, 0xdb, 0xff, 0x4b, 0x78, 0x1c, 0x10,
    0x4, 0xa4, 0x17, 0xdc, 0x85, 0xe0, 0x77, 0x0,
    0xc, 0x64, 0x40, 0xe4, 0x44, 0x62, 0x1, 0xc2,
    0x1e, 0xa0, 0x6c, 0x40, 0x1f, 0xc6, 0x60, 0xa,
    0x6c, 0x3, 0xf3, 0x30, 0x3, 0x37, 0x0, 0x7e,
    0xc2, 0x0, 0xc2, 0xe0, 0x1f, 0x9f, 0x0, 0x3c,
    0x20, 0x1e, 0x62, 0x50, 0xc, 0x5f, 0x38, 0x1,
    0xb5, 0x70, 0x1, 0x68, 0x5, 0xfc, 0xa0, 0x0,

    /* U+4FF1 "俱" */
    0x0, 0xca, 0x20, 0x1f, 0xfc, 0x12, 0xa0, 0xcf,
    0xff, 0x80, 0x3a, 0xd4, 0x42, 0xbf, 0xf6, 0x0,
    0x70, 0xb4, 0x80, 0x26, 0xab, 0x78, 0x7, 0x58,
    0x98, 0x2, 0xe6, 0x78, 0x3, 0x2a, 0x80, 0x31,
    0x19, 0xe6, 0x0, 0x8e, 0x8c, 0x3, 0x5e, 0xef,
    0x0, 0x64, 0xf0, 0xd, 0x7b, 0xbc, 0x1, 0x1d,
    0x80, 0x75, 0xf7, 0x6d, 0x0, 0xff, 0x5f, 0x76,
    0xd0, 0xf, 0x85, 0x7, 0x51, 0x38, 0x10, 0x80,
    0x31, 0x7b, 0x24, 0x7f, 0xa2, 0xd3, 0xdc, 0x3,
    0x1d, 0xd9, 0x55, 0x77, 0x4, 0xda, 0x80, 0x71,
    0xe1, 0x40, 0x1, 0xef, 0x18, 0x3, 0x87, 0xaa,
    0xc4, 0x2, 0x7c, 0xb3, 0x0, 0x1f, 0xe, 0xb0,
    0x7, 0x8b, 0x4c,

    /* U+4FFA "俺" */
    0x0, 0xfc, 0x22, 0x0, 0xff, 0x72, 0x80, 0x26,
    0x0, 0x3f, 0x98, 0xc5, 0x10, 0xa2, 0x89, 0xc4,
    0x1, 0x44, 0x6a, 0x24, 0x9b, 0x98, 0x82, 0x0,
    0x1c, 0x17, 0x30, 0x75, 0x9b, 0x3, 0x98, 0x60,
    0x28, 0x30, 0x5, 0x3a, 0xea, 0x3b, 0x48, 0x0,
    0x71, 0x0, 0x71, 0x5f, 0xa, 0x71, 0xdb, 0x8,
    0x8b, 0xe1, 0x62, 0x11, 0xe3, 0x7f, 0x0, 0xf4,
    0x76, 0x0, 0xbc, 0x17, 0x33, 0x11, 0xb8, 0x5c,
    0x0, 0x61, 0x10, 0x67, 0x15, 0xf6, 0x0, 0x7f,
    0xb3, 0x8a, 0xfb, 0x0, 0x3f, 0xdb, 0xc5, 0x7d,
    0xa0, 0x1f, 0xed, 0xe2, 0xbe, 0xff, 0x31, 0x0,
    0x7b, 0xc8, 0x0, 0x40, 0x1, 0xa4, 0x0, 0xf0,
    0x80, 0x2a, 0x7f, 0xdc, 0x2e, 0x0, 0x4d, 0x0,
    0xe7, 0xff, 0xda, 0x20,

    /* U+500D "倍" */
    0x0, 0xcc, 0x40, 0x12, 0xb8, 0x7, 0xe1, 0x91,
    0x0, 0xd4, 0x1, 0xfa, 0x50, 0x37, 0x6b, 0x2e,
    0xdd, 0x80, 0x33, 0xf9, 0xf3, 0xf6, 0xe6, 0xad,
    0x70, 0x5, 0x0, 0x80, 0x6e, 0xc6, 0x72, 0x91,
    0x80, 0xd, 0xc4, 0x2, 0xaf, 0x0, 0x19, 0x94,
    0x0, 0x3a, 0x40, 0x1, 0x11, 0x90, 0x8a, 0x5c,
    0x44, 0x0, 0x59, 0x0, 0x7f, 0x5b, 0xf7, 0x15,
    0xbb, 0x8e, 0x36, 0xe0, 0xe, 0xff, 0xfe, 0x70,
    0xf, 0x3e, 0xef, 0xc2, 0x1, 0xf7, 0xb7, 0x76,
    0x82, 0x0, 0xfe, 0x23, 0x3c, 0x80, 0x1f, 0xfc,
    0xe3, 0x11, 0xc4, 0x1, 0xfe, 0x5e, 0xed, 0x80,
    0x1c, 0x7c, 0x0, 0x8f, 0xff, 0x84, 0x0,

    /* U+5012 "倒" */
    0x0, 0x8c, 0x3, 0xff, 0x85, 0x8c, 0x89, 0xc2,
    0x20, 0xc4, 0x0, 0x31, 0xc, 0x5c, 0x7f, 0x8b,
    0xc8, 0x3, 0x55, 0x1e, 0x4f, 0x3e, 0xcc, 0x3,
    0x8c, 0xc8, 0x13, 0x1, 0xc, 0x1, 0xef, 0x0,
    0x31, 0x12, 0x42, 0x4, 0x3, 0x39, 0x0, 0x31,
    0x7b, 0xfc, 0x8e, 0x1, 0xb2, 0x84, 0x2a, 0xfc,
    0x4e, 0x98, 0x3, 0x52, 0x0, 0x4, 0x5d, 0xc1,
    0x10, 0x7, 0x8, 0x5, 0x9c, 0xcc, 0xee, 0x8,
    0x7, 0xed, 0xf7, 0x77, 0xf8, 0x40, 0x3f, 0xf8,
    0x22, 0x2a, 0x20, 0xf, 0x12, 0xa3, 0x77, 0xaa,
    0x0, 0x79, 0x76, 0x52, 0xff, 0x90, 0x0, 0x20,
    0x19, 0x7f, 0x21, 0x44, 0x1, 0xde, 0x2a, 0x0,
    0xe3, 0x0, 0xfb, 0xbf, 0x4,

    /* U+5014 "倔" */
    0x0, 0xce, 0x20, 0x1f, 0xfc, 0x14, 0x93, 0xff,
    0xfe, 0x0, 0xde, 0xe6, 0x1f, 0xfe, 0xd0, 0xc,
    0x49, 0x60, 0x1f, 0x8c, 0x3, 0x58, 0x90, 0x3,
    0xff, 0xdc, 0x1, 0x1b, 0x0, 0x6e, 0xef, 0xc0,
    0xe, 0x20, 0xc, 0x30, 0x21, 0xa2, 0x12, 0x2,
    0x12, 0x1, 0xcc, 0x0, 0x20, 0x36, 0x1, 0xd7,
    0x0, 0x18, 0x80, 0x4, 0x3, 0xfe, 0x13, 0x1,
    0xfe, 0x1e, 0xc3, 0x0, 0xf3, 0x88, 0xaf, 0xb8,
    0x3d, 0xc8, 0x0, 0xf1, 0xa9, 0x48, 0x7, 0x41,
    0x0, 0x77, 0x70, 0x3, 0xff, 0x84, 0x8a, 0x1,
    0xff, 0xc1, 0x20, 0x20, 0x3f, 0xe1, 0xff, 0x10,
    0x4, 0x7c, 0x5a, 0x7, 0xff, 0xf1, 0x0,

    /* U+5018 "倘" */
    0x0, 0x8e, 0xc1, 0x0, 0x9, 0xc0, 0x2, 0x50,
    0xd, 0x44, 0x12, 0xc0, 0x1d, 0x3a, 0x1, 0xb,
    0x50, 0x7c, 0x10, 0x4, 0xcc, 0x80, 0x9, 0x84,
    0xc0, 0xa5, 0x40, 0x2a, 0xc0, 0x8, 0xa0, 0xc0,
    0x50, 0xce, 0x4, 0x85, 0x30, 0x7, 0x0, 0x4b,
    0x73, 0x2a, 0x39, 0x9b, 0x40, 0x4a, 0x0, 0x21,
    0xdd, 0xf7, 0x0, 0x7, 0xcc, 0x3, 0xb3, 0xfb,
    0xd8, 0x3, 0x8, 0x7, 0xd9, 0xce, 0x1, 0xff,
    0xd1, 0xdd, 0x30, 0x7, 0xff, 0x6, 0xf3, 0xd8,
    0x3, 0xfe, 0xe5, 0x10, 0x15, 0x0, 0xff, 0x10,
    0x1, 0x3a, 0x18, 0x0,

    /* U+5019 "候" */
    0x0, 0x98, 0xc0, 0x3f, 0xf8, 0x50, 0xe0, 0xb,
    0xff, 0xeb, 0x0, 0xc8, 0x8, 0x0, 0xbf, 0xfc,
    0xa6, 0x1, 0xb9, 0xc0, 0x3f, 0x37, 0x0, 0x42,
    0xba, 0x78, 0xd7, 0x7c, 0x77, 0x62, 0x8, 0x7,
    0x0, 0x27, 0x3e, 0xff, 0xae, 0x7c, 0xd1, 0x80,
    0x31, 0x31, 0xba, 0xae, 0x41, 0x36, 0x10, 0xd,
    0x21, 0xdd, 0xd4, 0xd, 0x20, 0x19, 0x11, 0xde,
    0x19, 0xfe, 0xa0, 0x10, 0xe, 0x7b, 0x10, 0xf,
    0xfe, 0xd, 0xd7, 0xf8, 0x33, 0xfe, 0x30, 0xf,
    0x47, 0x72, 0x41, 0x7b, 0xa3, 0x0, 0xc7, 0xa0,
    0x27, 0xe, 0x8e, 0x22, 0x0, 0xf0, 0x83, 0x63,
    0x46, 0xc5, 0xa0, 0x7, 0xd5, 0x9b, 0x0, 0x7d,
    0x90, 0x40, 0xe, 0x30, 0x5, 0x50, 0xc0, 0x33,
    0xe1, 0x0,

    /* U+501A "倚" */
    0x0, 0xff, 0xe4, 0x6a, 0x80, 0x47, 0xe0, 0x1f,
    0x98, 0x37, 0xfe, 0xc0, 0xff, 0xc2, 0x1, 0x5c,
    0x43, 0xba, 0x15, 0xee, 0xc2, 0x0, 0x72, 0x50,
    0x11, 0x58, 0x3e, 0x38, 0x88, 0x0, 0x90, 0x20,
    0x6f, 0xcf, 0x9b, 0x17, 0xca, 0x5, 0x48, 0x0,
    0x9d, 0xbd, 0x20, 0x5d, 0x8d, 0x6, 0x48, 0x3,
    0x55, 0x57, 0xff, 0x4b, 0xc2, 0x50, 0x0, 0xfb,
    0xbe, 0xc0, 0xd8, 0x0, 0xe1, 0xcf, 0xfb, 0x4,
    0x80, 0xc0, 0x3e, 0x2f, 0xec, 0x30, 0xf, 0xfe,
    0x87, 0xf6, 0x0, 0x7f, 0xf0, 0xf, 0xfb, 0xa0,
    0x20, 0xf, 0xec, 0x10, 0x4, 0xfe, 0x20, 0x80,

    /* U+501F "借" */
    0x0, 0xff, 0xe4, 0x6a, 0x83, 0xd0, 0x1, 0x74,
    0x3, 0xcc, 0x6e, 0x7c, 0x26, 0x62, 0x3, 0x30,
    0x6, 0x89, 0xae, 0x74, 0xee, 0x49, 0x77, 0x4,
    0x1, 0x2, 0xf1, 0xb2, 0xbb, 0xab, 0x2d, 0xd0,
    0x82, 0xb8, 0x80, 0x8b, 0xc4, 0x62, 0x1, 0x18,
    0xe8, 0xc1, 0x3b, 0x8e, 0x9d, 0xc8, 0x2e, 0xe4,
    0x3, 0x78, 0x27, 0xff, 0xfa, 0x4e, 0x40, 0x34,
    0xff, 0xfc, 0x60, 0x1f, 0x9b, 0xbb, 0x80, 0x3f,
    0xe1, 0x1e, 0x0, 0xff, 0x37, 0x77, 0x0, 0x7f,
    0x9f, 0xbb, 0x80, 0x3f, 0xf9, 0xcf, 0xff, 0xc0,
    0x10,

    /* U+5021 "倡" */
    0x0, 0xca, 0x40, 0x1f, 0xfc, 0x1, 0xa6, 0x9f,
    0xff, 0x84, 0x2, 0x92, 0x40, 0x7f, 0xfd, 0xc0,
    0x18, 0x5e, 0x80, 0x2, 0x3c, 0x60, 0x1a, 0x1,
    0xc0, 0xf, 0x99, 0xbc, 0x2, 0x46, 0x10, 0x9,
    0xb7, 0x76, 0x0, 0xa, 0xc8, 0x3, 0x36, 0x67,
    0x0, 0xd, 0x24, 0x2, 0x9e, 0xcc, 0xdb, 0xe2,
    0x2b, 0x0, 0x93, 0xff, 0xf6, 0x80, 0x78, 0x7b,
    0xbd, 0x0, 0x1f, 0xfc, 0xa1, 0xee, 0xf4, 0x0,
    0x7c, 0x3f, 0xfe, 0x90, 0xf, 0xfe, 0x50, 0xff,
    0xfa, 0x40,

    /* U+5026 "倦" */
    0x0, 0xc2, 0x1, 0x84, 0xc0, 0x3f, 0xb9, 0x1d,
    0x41, 0xa0, 0x11, 0xc0, 0x39, 0xc9, 0x16, 0xcb,
    0x30, 0x14, 0x40, 0x1d, 0x36, 0x5, 0x0, 0xa4,
    0x6c, 0xa0, 0x19, 0xc5, 0x87, 0xa3, 0x46, 0xf5,
    0xb9, 0xc0, 0x7, 0x2, 0x3, 0xdc, 0x56, 0xee,
    0xce, 0x3, 0xa6, 0x3, 0x99, 0x2a, 0x66, 0x72,
    0x8a, 0xc0, 0xf, 0xc1, 0x37, 0x7c, 0x1c, 0xfa,
    0x5, 0xb8, 0x0, 0xf8, 0x20, 0xcc, 0x8b, 0x26,
    0x20, 0x1d, 0x4a, 0x3d, 0xff, 0x38, 0xe0, 0x80,
    0x63, 0x4c, 0xe, 0xff, 0x60, 0x63, 0x0, 0x71,
    0xf1, 0x80, 0x42, 0xc0, 0x34, 0x20, 0x1f, 0xe9,
    0x95, 0xa0, 0x7, 0xf8, 0x82, 0x31, 0xe8, 0xc0,
    0x3f, 0x2e, 0x7f, 0xdc, 0xa6, 0x0,

    /* U+502A "倪" */
    0x0, 0xc2, 0x1, 0xff, 0xc3, 0xf4, 0x2, 0xac,
    0x1, 0x1c, 0x1, 0x9c, 0xd3, 0x31, 0xba, 0x3e,
    0xeb, 0xc0, 0x34, 0xd8, 0x1f, 0xb8, 0x9f, 0xfb,
    0x0, 0x34, 0xb, 0x0, 0x8, 0x44, 0x1, 0x38,
    0x4, 0x8e, 0x20, 0x16, 0x76, 0x8f, 0xfa, 0xc0,
    0x3, 0x44, 0x1, 0xbb, 0xf0, 0x7f, 0xd8, 0x0,
    0x17, 0x90, 0xf, 0xfe, 0x14, 0xb8, 0x6, 0xee,
    0xf6, 0x0, 0x7e, 0xdb, 0x1d, 0xa1, 0xdd, 0x60,
    0x7, 0xc4, 0x24, 0x6a, 0x6, 0x44, 0x0, 0xfd,
    0xe8, 0x1, 0xc2, 0x40, 0x1e, 0x35, 0xa0, 0xe,
    0x59, 0x0, 0xe4, 0xd8, 0x30, 0x8, 0xc7, 0x8,
    0x3, 0x25, 0x5b, 0x80, 0x4, 0xf3, 0x9f, 0x40,
    0x7, 0xc9, 0xca, 0x1, 0xb3, 0xfe, 0x40,

    /* U+503A "债" */
    0x0, 0x8b, 0x40, 0x31, 0x70, 0x7, 0xea, 0x63,
    0xee, 0xb0, 0x7b, 0xaa, 0x0, 0xcd, 0xe7, 0xdd,
    0x60, 0xf7, 0x54, 0x1, 0x38, 0x20, 0x56, 0xeb,
    0x7, 0x76, 0x40, 0x1, 0x40, 0x5, 0x5b, 0xac,
    0x1d, 0xd9, 0x0, 0x1c, 0x20, 0xa, 0xee, 0xb0,
    0x3b, 0xb3, 0x0, 0xd8, 0x2, 0xbb, 0xbf, 0x98,
    0x31, 0x80, 0x2c, 0xed, 0xde, 0xf8, 0x0, 0x8,
    0x7, 0x56, 0xeb, 0xf7, 0x4c, 0x1, 0xff, 0x27,
    0x0, 0x7f, 0xf0, 0x89, 0xc0, 0x3f, 0xea, 0x60,
    0xbd, 0x51, 0xcc, 0x0, 0x7c, 0xe9, 0xaa, 0xdb,
    0x9c, 0x1, 0xf5, 0x6f, 0x64, 0x4, 0x6f, 0xf9,
    0x40, 0x7, 0xc1, 0x59, 0x2, 0x1, 0x92, 0xd4,

    /* U+503C "值" */
    0x0, 0xff, 0xe4, 0x62, 0x0, 0x49, 0xc0, 0x1f,
    0x90, 0xb3, 0xfe, 0xb1, 0xff, 0xc0, 0x1a, 0x26,
    0x5d, 0xd2, 0x3f, 0x76, 0x0, 0x94, 0xdc, 0x47,
    0x36, 0x88, 0xe0, 0x1, 0x51, 0x0, 0x2b, 0xf8,
    0xef, 0xb9, 0xe2, 0x0, 0xf1, 0x0, 0xd3, 0xdd,
    0xc0, 0x18, 0x68, 0x3, 0x47, 0x77, 0x0, 0x6c,
    0x70, 0xd, 0x1d, 0xdc, 0x1, 0xfe, 0x8d, 0xde,
    0x0, 0xff, 0x46, 0xef, 0x0, 0x7f, 0xb8, 0xcf,
    0x80, 0x3f, 0xc9, 0x33, 0xc0, 0x1f, 0xeb, 0xaa,
    0xe0, 0x30, 0xe, 0x3f, 0x58, 0xff, 0xe0, 0xd8,

    /* U+503E "倾" */
    0x0, 0xb0, 0x80, 0x3f, 0xf8, 0x28, 0x44, 0x30,
    0x3f, 0xff, 0x84, 0x1, 0xce, 0x3a, 0x7, 0xfe,
    0xc0, 0xdf, 0xf0, 0x80, 0x17, 0x40, 0x38, 0x50,
    0xcc, 0x20, 0x13, 0x83, 0x80, 0x66, 0xe8, 0x3e,
    0xe2, 0x80, 0xc0, 0x4, 0x3b, 0xa0, 0x5e, 0xde,
    0x40, 0x5, 0xa0, 0x80, 0x7, 0xfc, 0x6, 0x1e,
    0x20, 0x1a, 0x4c, 0x2, 0x22, 0x0, 0x7e, 0xa2,
    0x0, 0xff, 0xeb, 0x18, 0xc6, 0x0, 0x8, 0x40,
    0x3f, 0x28, 0x3, 0xb, 0xad, 0x3, 0x4, 0x3,
    0x97, 0x60, 0x11, 0x5b, 0x6d, 0x50, 0x3, 0x88,
    0x80, 0x5, 0xcb, 0x5d, 0xc4, 0x0, 0xfc, 0xb3,
    0xaa, 0xd, 0xbe, 0x1, 0x69, 0x80, 0x4b, 0x86,
    0x1, 0x1d, 0x80,

    /* U+5047 "假" */
    0x0, 0x9c, 0x40, 0x3f, 0xf8, 0x25, 0x5, 0xff,
    0x9b, 0xff, 0x18, 0x4, 0xa8, 0x21, 0xfe, 0x14,
    0xff, 0x84, 0x3, 0x5e, 0x80, 0x80, 0x46, 0x1,
    0xf1, 0x1a, 0x80, 0x7f, 0xf0, 0x60, 0x2, 0x1e,
    0xe0, 0xbf, 0xfc, 0x20, 0x3, 0x50, 0xd, 0xfe,
    0xe6, 0xee, 0xc6, 0xa, 0xe2, 0x1, 0x8, 0xcd,
    0x33, 0x88, 0x1a, 0x0, 0x37, 0xfb, 0x85, 0x3c,
    0x1c, 0x3, 0xf7, 0xfb, 0x94, 0x9f, 0x48, 0x80,
    0x1e, 0x10, 0x8, 0x88, 0xb2, 0xa0, 0x1f, 0xf,
    0xfc, 0x13, 0x65, 0x0, 0x1f, 0xbf, 0xe0, 0x61,
    0x50, 0xf, 0xc2, 0x0, 0x17, 0xda, 0x7b, 0x20,
    0xf, 0xea, 0xef, 0x5c, 0xc4, 0x80, 0x5c, 0x65,
    0xc0, 0xb, 0x91, 0x0, 0x3d, 0x80,

    /* U+504F "偏" */
    0x0, 0xca, 0x60, 0x14, 0x10, 0x7, 0xc3, 0x4e,
    0x1, 0x14, 0x80, 0x7d, 0x26, 0x9d, 0xd2, 0xa7,
    0xf7, 0x24, 0x0, 0x2f, 0x0, 0x39, 0xfd, 0xd7,
    0xb1, 0x80, 0x2c, 0x50, 0x0, 0x62, 0x3c, 0x1,
    0x32, 0x80, 0x6e, 0xff, 0xe7, 0x33, 0x4b, 0x0,
    0x4, 0x3f, 0xfe, 0x91, 0x7a, 0x0, 0xd7, 0xff,
    0xed, 0x28, 0x0, 0x8c, 0x5f, 0xcf, 0xf5, 0x78,
    0x3, 0xc2, 0x60, 0x1f, 0xfc, 0x15, 0x60, 0x21,
    0x26, 0x12, 0x0, 0xf7, 0x10, 0x79, 0x74, 0xaf,
    0x0, 0x79, 0x3c, 0x34, 0xf3, 0xd3, 0x0, 0x38,
    0x4d, 0x0, 0x3f, 0xf8, 0x6, 0xa4, 0x1, 0xef,
    0x70,

    /* U+505A "做" */
    0x0, 0xff, 0xe3, 0xe3, 0x5, 0xb0, 0x1, 0x34,
    0x3, 0xc6, 0x67, 0x0, 0xec, 0x40, 0xf, 0x52,
    0x80, 0xbf, 0x8, 0x8c, 0x48, 0xa0, 0x0, 0xb7,
    0xfb, 0x8d, 0xfa, 0x51, 0xb3, 0x70, 0x1, 0x60,
    0xe, 0xf4, 0x9f, 0xc0, 0xee, 0x16, 0x82, 0xa8,
    0x40, 0x3d, 0xe0, 0x40, 0x46, 0x13, 0x22, 0x0,
    0x8, 0x9, 0x2a, 0x9c, 0x88, 0x0, 0xe6, 0x0,
    0x3f, 0x24, 0x6d, 0x66, 0x15, 0xc0, 0x4, 0x1,
    0x9f, 0xfc, 0x4e, 0xf5, 0xf0, 0x7, 0xff, 0x0,
    0x48, 0x88, 0x1, 0xff, 0xc1, 0x72, 0x0, 0xfc,
    0xd9, 0x82, 0x6, 0x70, 0x50, 0xf, 0x92, 0x21,
    0x6f, 0x5b, 0xd0, 0x40, 0x1e, 0x24, 0x43, 0xf6,
    0x89, 0x7c, 0x80, 0x58, 0xaf, 0x0, 0x3, 0xa1,
    0x0, 0x15, 0x80,

    /* U+505C "停" */
    0x0, 0xc4, 0x1, 0x88, 0x80, 0x1f, 0xd8, 0x80,
    0x12, 0xf8, 0x7, 0xe6, 0x3d, 0xee, 0xa4, 0xbb,
    0xb3, 0x0, 0x51, 0x71, 0x99, 0xb7, 0x33, 0x30,
    0x1, 0x81, 0x85, 0x77, 0xff, 0xb4, 0xc0, 0x5,
    0x26, 0x1, 0x36, 0xef, 0x0, 0x6f, 0x20, 0xc,
    0xfb, 0xbc, 0x1, 0x86, 0x40, 0x27, 0xed, 0xde,
    0xf1, 0x0, 0x63, 0x80, 0x3b, 0xff, 0xf9, 0x80,
    0x3d, 0xbf, 0xff, 0x28, 0x7, 0x9a, 0xbb, 0xbe,
    0xc2, 0x0, 0xe8, 0x87, 0x72, 0xc3, 0xba, 0x64,
    0x0, 0xfe, 0x10, 0xf, 0xfe, 0x18, 0x80, 0x7f,
    0xf0, 0x63, 0xe9, 0xc0, 0x3e, 0x3d, 0x0, 0xa3,
    0xfd, 0x20, 0x1c,

    /* U+5065 "健" */
    0x0, 0xff, 0xe3, 0xf1, 0x14, 0x20, 0x8, 0x70,
    0xf, 0x31, 0x27, 0xed, 0x37, 0x3c, 0x77, 0x80,
    0x6a, 0xa3, 0x69, 0x7b, 0x73, 0xc7, 0x8, 0x4,
    0x86, 0x80, 0xa2, 0x5d, 0xc7, 0x8e, 0x1e, 0x10,
    0x90, 0xa, 0x3d, 0xbb, 0x8f, 0x1c, 0x3c, 0x30,
    0x22, 0xa, 0x2f, 0x76, 0xe7, 0x8e, 0x10, 0x6,
    0x70, 0x3, 0xb1, 0x7d, 0xb9, 0xe3, 0xbc, 0x0,
    0x84, 0x0, 0x73, 0x1e, 0xad, 0x69, 0xdd, 0x10,
    0x7, 0x41, 0x98, 0xaf, 0x1d, 0xb3, 0x4, 0x1,
    0xdb, 0x6a, 0xc6, 0x60, 0x13, 0x31, 0x0, 0x73,
    0xb1, 0x3f, 0x71, 0xdd, 0xdc, 0xb0, 0xe, 0x15,
    0x4, 0xcc, 0x34, 0xe6, 0x24, 0x3, 0x99, 0xaf,
    0x84, 0x2f, 0x10, 0x10, 0xc, 0x95, 0x95, 0xa3,
    0xe, 0xee, 0xff, 0x0, 0x5c, 0xd8, 0x20, 0x73,
    0x9b, 0xff, 0x70, 0x0,

    /* U+5076 "偶" */
    0x0, 0xce, 0x40, 0x1f, 0xfc, 0x12, 0x86, 0xff,
    0x77, 0xfb, 0xb9, 0xea, 0x1, 0xac, 0xd4, 0x3b,
    0x9a, 0x3d, 0xc3, 0x0, 0xc2, 0xd4, 0x1, 0xff,
    0xc1, 0x90, 0x60, 0x7, 0xf6, 0xf, 0x70, 0xc0,
    0x22, 0x71, 0x0, 0xbf, 0xb0, 0x7b, 0x86, 0x1,
    0x79, 0x80, 0x6f, 0xec, 0x1e, 0xe1, 0x80, 0x8,
    0x20, 0x0, 0x3f, 0xdc, 0xd1, 0xee, 0x7a, 0x81,
    0x6b, 0x80, 0xc, 0xf3, 0x9, 0x9e, 0x0, 0xf7,
    0x73, 0xfd, 0x1, 0xff, 0x60, 0x7, 0xd3, 0x98,
    0xf1, 0xda, 0xd0, 0xf, 0xc2, 0x46, 0x82, 0xd0,
    0x40, 0x1f, 0xd3, 0x2f, 0x82, 0x9a, 0x0, 0xfc,
    0x37, 0x52, 0xea, 0xf4, 0x1, 0xff, 0xc1, 0x1f,
    0xc4, 0x0,

    /* U+5077 "偷" */
    0x0, 0xfe, 0x10, 0xf, 0xe5, 0xd0, 0xd, 0xb8,
    0x1, 0xfb, 0x94, 0x0, 0x5a, 0xcb, 0x62, 0x1,
    0xc2, 0x94, 0xf, 0xb5, 0x49, 0xcc, 0x28, 0x6,
    0x92, 0x6e, 0xa8, 0x43, 0x32, 0x5c, 0x68, 0x80,
    0xb8, 0x35, 0xf6, 0x44, 0x6e, 0xde, 0x10, 0xb1,
    0x2, 0x3b, 0x33, 0x65, 0xda, 0x2d, 0xc0, 0x52,
    0x0, 0x14, 0x62, 0x52, 0x1c, 0x20, 0x10, 0xe1,
    0x0, 0x5b, 0x72, 0x1, 0xf8, 0x80, 0x35, 0xf7,
    0x80, 0x7f, 0xf0, 0x67, 0x34, 0x3, 0xff, 0x83,
    0x7d, 0xe0, 0x1f, 0xfc, 0x1b, 0xef, 0x0, 0x20,
    0x80, 0x7f, 0xc4, 0x0, 0xa0, 0x70, 0xf, 0xe4,
    0xd7, 0x3, 0xf1, 0x50, 0x9, 0x34, 0x31, 0x11,
    0xd2, 0x7, 0xfa, 0x20,

    /* U+507F "偿" */
    0x0, 0x92, 0x82, 0x90, 0x13, 0x80, 0x12, 0x60,
    0x1b, 0xf4, 0x3a, 0xd0, 0x2, 0x93, 0x30, 0x4,
    0x4a, 0xd7, 0x3, 0x12, 0x38, 0x8d, 0x84, 0x0,
    0xb2, 0x15, 0xad, 0xfe, 0xcf, 0xef, 0x31, 0x3,
    0x60, 0x9, 0x4c, 0xfe, 0x0, 0xb8, 0xc0, 0x15,
    0x4f, 0xff, 0x75, 0x91, 0x6, 0x40, 0x9, 0x1b,
    0xbe, 0xc4, 0x12, 0xc0, 0x8, 0x40, 0xcf, 0xe1,
    0x10, 0x6, 0x4e, 0xef, 0xf4, 0x80, 0x64, 0xff,
    0x68, 0x3f, 0xfa, 0xff, 0xd0, 0x1, 0xf7, 0x2c,
    0x0, 0xd3, 0x80, 0x7e, 0xa0, 0xa0, 0x1, 0xc4,
    0xc, 0x3, 0xd4, 0xa3, 0xdf, 0xec, 0xa3, 0xe0,
    0xf, 0x74, 0xcb, 0x3b, 0xfb, 0x30, 0xc4,

    /* U+5080 "傀" */
    0x0, 0xc8, 0x20, 0x11, 0xb8, 0x7, 0xe1, 0xb2,
    0x0, 0xa7, 0x80, 0x3f, 0x31, 0x87, 0xfc, 0xad,
    0xff, 0x28, 0x6, 0x99, 0x0, 0xff, 0xb0, 0x3f,
    0xc4, 0x1, 0x98, 0x54, 0x3, 0x38, 0x80, 0x78,
    0x64, 0x40, 0x3, 0xfe, 0xb1, 0xff, 0x10, 0x5,
    0xa2, 0x1, 0xf, 0xfa, 0x13, 0xfc, 0x40, 0x1,
    0x2b, 0x0, 0xf7, 0x10, 0x7, 0xf, 0xb0, 0x4,
    0x3f, 0xe6, 0x67, 0xf8, 0x80, 0x21, 0x0, 0x8f,
    0xfd, 0xa0, 0x5e, 0xfe, 0xa0, 0x1f, 0xd4, 0x84,
    0x7, 0x22, 0x1, 0xf8, 0x9e, 0x1, 0xcc, 0x24,
    0x3, 0xe1, 0xf9, 0x20, 0xf1, 0xf1, 0x0, 0xf2,
    0x7d, 0x30, 0x2, 0x64, 0xca, 0x60, 0x18, 0xe6,
    0x9c, 0x4, 0xfb, 0xfc, 0x6,

    /* U+5085 "傅" */
    0x0, 0xff, 0xe4, 0x62, 0x0, 0x4f, 0x45, 0xac,
    0x1, 0xca, 0x3b, 0x33, 0x5b, 0xdb, 0x4d, 0x10,
    0x5, 0x17, 0x55, 0x95, 0xaa, 0x32, 0x48, 0x0,
    0xc4, 0xc1, 0xbd, 0xc7, 0x4e, 0xe9, 0x0, 0x5,
    0x22, 0xe, 0x7b, 0xa9, 0x5d, 0xd3, 0xf8, 0xf,
    0x98, 0x4, 0x59, 0x89, 0x4c, 0xc2, 0x0, 0x10,
    0x60, 0x2, 0x2c, 0xc3, 0x26, 0x61, 0x0, 0xb,
    0xae, 0x1, 0x16, 0x61, 0x93, 0x30, 0x80, 0x10,
    0x80, 0x4d, 0x39, 0x8b, 0x9c, 0x5b, 0xb0, 0x7,
    0x1e, 0xcf, 0xfa, 0xa3, 0xda, 0xb1, 0x80, 0x31,
    0xfd, 0xc7, 0xfd, 0xc1, 0xbe, 0xc0, 0x1e, 0x69,
    0x70, 0x0, 0x81, 0x80, 0x7e, 0x2c, 0xa2, 0x1,
    0x0, 0xff, 0x8b, 0x47, 0xf8, 0xc4, 0x0,

    /* U+5088 "傈" */
    0x0, 0xd6, 0x40, 0x1f, 0xfc, 0x15, 0x57, 0xff,
    0xf8, 0x80, 0x29, 0x7d, 0xff, 0x16, 0xf0, 0x7f,
    0xc4, 0x0, 0x23, 0xa0, 0xe, 0x10, 0xf, 0xa4,
    0x4e, 0xbf, 0x8b, 0x7c, 0x3b, 0xf8, 0x0, 0xa8,
    0x60, 0x9, 0xe3, 0xdf, 0x2e, 0xc0, 0x0, 0xd8,
    0x80, 0x7f, 0xf0, 0x45, 0x2c, 0x0, 0x73, 0xe7,
    0xbe, 0x5f, 0x86, 0x0, 0xa1, 0x0, 0x4f, 0xfc,
    0xeb, 0xff, 0x68, 0x7, 0x91, 0x31, 0x32, 0x26,
    0x10, 0xc, 0x31, 0x15, 0x29, 0xd4, 0x44, 0x40,
    0x18, 0x73, 0x1e, 0x6, 0x74, 0x66, 0xc, 0x3,
    0xcb, 0xb4, 0x8d, 0xf4, 0xe0, 0x1e, 0x2c, 0x9d,
    0x40, 0x1, 0x66, 0x34, 0xc0, 0x21, 0x2a, 0xc3,
    0x0, 0xc5, 0x70, 0x60,

    /* U+508D "傍" */
    0x0, 0xc6, 0x20, 0x12, 0x30, 0x7, 0xe1, 0xc5,
    0x0, 0x8a, 0x0, 0x3f, 0x49, 0x67, 0xfd, 0x23,
    0xff, 0x60, 0x6, 0x6b, 0x8f, 0x69, 0xff, 0x70,
    0xde, 0x0, 0x50, 0x2c, 0x0, 0xed, 0x0, 0x20,
    0x20, 0x4, 0x8e, 0x21, 0xbd, 0x9, 0xdc, 0xa1,
    0xee, 0x18, 0xd1, 0x0, 0xe, 0xbf, 0xd5, 0x4f,
    0xf7, 0x8, 0xa, 0x48, 0x2, 0x54, 0x0, 0x70,
    0x1, 0x38, 0x85, 0x38, 0x3, 0x7b, 0xfd, 0x7,
    0xff, 0x31, 0x0, 0x75, 0x76, 0x6, 0x77, 0x6f,
    0x0, 0xf8, 0x5c, 0x8, 0x47, 0x80, 0x3f, 0x68,
    0x77, 0xfe, 0x10, 0xf, 0x89, 0xa7, 0xfe, 0xb0,
    0x10, 0xf, 0x27, 0xa3, 0x0, 0x58, 0x60, 0x1e,
    0x1a, 0x5b, 0x0, 0x67, 0xb4, 0x80, 0x63, 0xe1,
    0xe8, 0x0, 0xb3, 0xf9, 0x40, 0x0,

    /* U+50A3 "傣" */
    0x0, 0xce, 0x20, 0x12, 0xa8, 0x3, 0xf1, 0xc0,
    0x8, 0xdd, 0xa0, 0x1f, 0xa5, 0x99, 0xff, 0x23,
    0x77, 0x5a, 0x1, 0xa, 0xdb, 0xf7, 0x30, 0x3b,
    0xb6, 0x80, 0x52, 0x24, 0x9d, 0xcd, 0xe, 0xed,
    0x20, 0x1, 0x70, 0x2, 0x77, 0xa, 0x7b, 0xb4,
    0x80, 0x28, 0x40, 0x4c, 0xca, 0x44, 0x33, 0xe1,
    0x20, 0xa0, 0x5f, 0xea, 0x28, 0xfc, 0xdf, 0xf2,
    0x95, 0xb8, 0x26, 0x8a, 0xeb, 0x56, 0x5, 0xe2,
    0x0, 0x66, 0xe7, 0x80, 0x10, 0x39, 0xcf, 0x50,
    0xc, 0xf9, 0xd8, 0x40, 0x2b, 0x35, 0xaa, 0x1,
    0x84, 0xd6, 0x29, 0x62, 0xac, 0x48, 0x3, 0xc9,
    0x50, 0x5, 0x10, 0xb9, 0x0, 0xf0, 0xc6, 0xf4,
    0x38, 0xbf, 0x95, 0x0, 0x70, 0xe3, 0xa7, 0x2a,
    0x80, 0x6e, 0x80,

    /* U+50A8 "储" */
    0x0, 0xff, 0xe3, 0xf2, 0xa0, 0x4, 0x5e, 0x0,
    0x37, 0x0, 0x94, 0x86, 0xcc, 0xdb, 0xe1, 0xb7,
    0xc2, 0x1, 0x74, 0xa4, 0xf9, 0xfc, 0x87, 0x90,
    0xb0, 0x0, 0xd1, 0xc1, 0xb0, 0x9, 0x80, 0xdb,
    0xc0, 0x2f, 0x1, 0x33, 0x2, 0xbd, 0x6, 0x8a,
    0x38, 0x31, 0x5, 0xe6, 0xc, 0xb4, 0x80, 0x53,
    0x74, 0x3, 0x43, 0x5e, 0x40, 0xf4, 0x9, 0x95,
    0x50, 0x3a, 0x0, 0x72, 0x6a, 0xa7, 0x7f, 0x94,
    0x3, 0xe7, 0x97, 0x2f, 0xf9, 0xc, 0x3, 0xe7,
    0xd9, 0x0, 0xff, 0xe2, 0x17, 0x74, 0x80, 0x1f,
    0x1c, 0xeb, 0x97, 0x74, 0x80, 0x1e, 0x31, 0x3c,
    0x72, 0xcc, 0x90, 0x3, 0xc7, 0x92, 0x20, 0x5d,
    0xd2, 0x18, 0x5, 0xc4, 0x6, 0x0, 0x3d, 0x22,
    0xad, 0x40,

    /* U+50AC "催" */
    0x0, 0x96, 0xc3, 0xc4, 0x7, 0xc0, 0x7, 0xc0,
    0x1b, 0x8c, 0x3, 0xff, 0x82, 0x29, 0x20, 0x2,
    0x13, 0x2, 0x16, 0x0, 0xd2, 0x22, 0x1, 0xce,
    0xd0, 0xde, 0xa0, 0x8, 0x9c, 0xc0, 0x1a, 0xbf,
    0xe4, 0xdf, 0xf7, 0x0, 0x38, 0x40, 0x29, 0x30,
    0x1, 0x40, 0x6, 0x22, 0x58, 0x0, 0x95, 0xbf,
    0xcc, 0xbf, 0xf2, 0x16, 0x30, 0x3, 0x83, 0x3f,
    0xd0, 0xbf, 0xf2, 0x1, 0x0, 0x1c, 0x45, 0xbd,
    0xc8, 0x5e, 0xe4, 0x80, 0x72, 0xf9, 0xef, 0x72,
    0x17, 0xb9, 0x20, 0x1c, 0x44, 0xd, 0xee, 0x42,
    0xf7, 0x24, 0x3, 0xf6, 0xf7, 0x21, 0x7b, 0x92,
    0x1, 0xf9, 0xc0, 0x1e, 0x1, 0xff, 0xc0, 0xbf,
    0xf3, 0xaf, 0xfc, 0xa0, 0x3, 0xd0, 0x6, 0xff,
    0xfe, 0x50,

    /* U+50B2 "傲" */
    0x0, 0x84, 0x3, 0xe1, 0x0, 0xfb, 0x58, 0x17,
    0x0, 0x2d, 0x40, 0xe, 0x23, 0xfd, 0xb3, 0xdc,
    0x3, 0x40, 0xe, 0xa6, 0x8f, 0x82, 0xfe, 0x30,
    0xbb, 0x8c, 0x0, 0xd8, 0x24, 0x62, 0x44, 0x44,
    0x1a, 0x88, 0x81, 0xc4, 0x17, 0xe8, 0xfe, 0xa9,
    0x90, 0x70, 0x44, 0x80, 0x2, 0xfd, 0x1f, 0xf1,
    0x70, 0x11, 0x85, 0x31, 0x81, 0x98, 0x84, 0xf5,
    0x94, 0x0, 0x21, 0x30, 0x0, 0xfe, 0x81, 0xf5,
    0x92, 0x42, 0x0, 0x8, 0x80, 0x19, 0x69, 0x99,
    0x1, 0x7a, 0x0, 0x7d, 0xe9, 0xfe, 0x90, 0xa4,
    0xd0, 0xf, 0x8a, 0xbd, 0xc4, 0x14, 0x18, 0x3,
    0xc2, 0xa8, 0x3, 0xe1, 0xe3, 0x20, 0x1e, 0x87,
    0x10, 0x52, 0xa7, 0xf6, 0xa0, 0xc, 0x44, 0x96,
    0xf1, 0x30, 0xb1, 0xc6, 0x30, 0x6, 0x3d, 0x83,
    0x7e, 0xb5, 0x0, 0x7, 0xc,

    /* U+50BB "傻" */
    0x0, 0xc6, 0x1, 0x84, 0xc0, 0x3f, 0x26, 0x80,
    0x6b, 0x90, 0xf, 0xdc, 0xc7, 0xfb, 0xa7, 0x76,
    0xeb, 0xb0, 0x2, 0x15, 0xa0, 0x2f, 0x1b, 0xf7,
    0xba, 0x0, 0xd0, 0x24, 0x0, 0x2f, 0x8d, 0x17,
    0x0, 0xc6, 0xc0, 0x19, 0x7e, 0xff, 0x28, 0x3,
    0x72, 0x0, 0x45, 0x65, 0x7d, 0x2b, 0x40, 0x2,
    0x18, 0x0, 0x1f, 0xea, 0xe7, 0x4b, 0x66, 0x0,
    0xb4, 0x2, 0x4b, 0xee, 0x18, 0x37, 0xe5, 0x8,
    0x8, 0x5, 0x9d, 0x93, 0x0, 0x2f, 0xe4, 0x1,
    0xe8, 0x1c, 0x24, 0xdd, 0x7d, 0x40, 0x80, 0x74,
    0x4a, 0x2e, 0xea, 0x6, 0x40, 0x3e, 0x8d, 0x9e,
    0xda, 0x8c, 0x20, 0xf, 0xc4, 0xbe, 0x1, 0x5a,
    0x8, 0x7, 0xf, 0x73, 0x3b, 0x6b, 0x7f, 0xb1,
    0x40, 0x7, 0xc3, 0xd9, 0x28, 0x1, 0x35, 0x6a,
    0x80,

    /* U+50CF "像" */
    0x0, 0xfc, 0x20, 0x1f, 0xf7, 0x28, 0x3e, 0x8,
    0xc0, 0x1f, 0x30, 0x29, 0xc0, 0x67, 0xf2, 0x80,
    0x7a, 0x24, 0xf6, 0x77, 0x48, 0xaa, 0x0, 0xe8,
    0x13, 0xc1, 0x8e, 0xe2, 0xa7, 0x7e, 0x0, 0x11,
    0xc5, 0xa8, 0x3b, 0x96, 0xbd, 0xcb, 0x0, 0xd,
    0x18, 0x12, 0x85, 0xdc, 0xf7, 0x69, 0x0, 0xb,
    0xf8, 0x5, 0xba, 0x45, 0xf9, 0x97, 0xf0, 0x2,
    0x40, 0x23, 0x88, 0x4b, 0x39, 0x4, 0xc0, 0x7,
    0xab, 0x38, 0x1, 0x73, 0xa7, 0x40, 0x1e, 0x93,
    0xce, 0xc0, 0x3, 0x10, 0x7, 0xd9, 0xfd, 0x5a,
    0x61, 0xa, 0x60, 0x1e, 0xc8, 0xbf, 0xf2, 0x80,
    0xc6, 0x98, 0x6, 0x1b, 0xce, 0xc2, 0x5e, 0x7,
    0x99, 0x0, 0x61, 0xfe, 0x78, 0xe1, 0x70, 0x3,
    0xd0, 0x0, 0xf8, 0x10, 0x1, 0x3f, 0x80, 0x1c,

    /* U+50DA "僚" */
    0x0, 0xce, 0x20, 0x13, 0x20, 0x7, 0xf1, 0xc0,
    0x4, 0x32, 0x1, 0xfe, 0x93, 0xef, 0xf7, 0x5,
    0xff, 0xe8, 0x0, 0x85, 0x7e, 0xfa, 0xc2, 0x79,
    0x23, 0xa6, 0x40, 0x14, 0x11, 0xfd, 0xc2, 0x30,
    0xc4, 0xa4, 0x90, 0x0, 0xd8, 0x42, 0x90, 0xa8,
    0x0, 0x6b, 0x58, 0x60, 0x3c, 0x20, 0x9, 0x10,
    0xcd, 0xd9, 0x42, 0x80, 0x6, 0x10, 0x10, 0xa3,
    0x5b, 0xbb, 0x1, 0x30, 0xb, 0x48, 0x27, 0x4e,
    0xb7, 0x77, 0x8e, 0xf0, 0x7, 0x8, 0x2, 0xb7,
    0x77, 0x80, 0x8, 0x3, 0xe1, 0xad, 0xef, 0xdc,
    0x30, 0xf, 0xe9, 0xdd, 0x50, 0xee, 0xa0, 0x3,
    0xf1, 0xd8, 0x80, 0x61, 0xb5, 0x0, 0xf1, 0xed,
    0x10, 0x6, 0x2d, 0xa3, 0x0, 0xe3, 0xd4, 0x9f,
    0xb4, 0x0, 0x1d, 0x98, 0x4, 0x98, 0x6, 0x13,
    0xfe, 0xa0, 0x9, 0x0, 0x0,

    /* U+50E7 "僧" */
    0x0, 0xc2, 0x0, 0x10, 0xc, 0x42, 0x1, 0xde,
    0xa1, 0xb0, 0x1, 0x74, 0x0, 0x66, 0x35, 0xf,
    0x50, 0x2, 0x8c, 0x80, 0x68, 0xb4, 0xfd, 0x3e,
    0xfb, 0x3e, 0xd0, 0x4, 0xb, 0x1, 0xde, 0xe1,
    0xf3, 0xd8, 0x1, 0x1c, 0x40, 0x27, 0xf0, 0x2,
    0x80, 0x80, 0xd1, 0x80, 0x62, 0x91, 0x3, 0x90,
    0x0, 0xbf, 0x80, 0x47, 0xd7, 0xa7, 0x1d, 0x40,
    0x9, 0x0, 0x93, 0xfb, 0xaf, 0xee, 0xb4, 0x3,
    0xcf, 0xfd, 0xdb, 0xf8, 0x3, 0xf2, 0xf7, 0x6b,
    0x0, 0xfe, 0x5d, 0xdd, 0x40, 0x1f, 0xcb, 0xbb,
    0xa8, 0x3, 0xf9, 0x2e, 0xf4, 0x80, 0x7f, 0x2c,
    0x46, 0xb0, 0xc, 0x7c, 0x0, 0x7b, 0x33, 0xcd,
    0xc0,

    /* U+50F3 "僳" */
    0x0, 0x8a, 0x0, 0x3f, 0xf8, 0x54, 0x75, 0xff,
    0xfc, 0xc0, 0x13, 0x6d, 0x7f, 0x96, 0xbc, 0xf3,
    0xfc, 0xc0, 0x4, 0x17, 0x0, 0xf9, 0xc0, 0x3b,
    0xc8, 0x5f, 0xf9, 0x6f, 0x8e, 0xbb, 0xcc, 0x11,
    0x2, 0x0, 0x7e, 0x6b, 0xe3, 0xce, 0x20, 0x5,
    0x0, 0x7f, 0xf0, 0xca, 0x40, 0x27, 0xf6, 0xaf,
    0x3d, 0xf2, 0x0, 0x61, 0x80, 0x1e, 0x13, 0xe8,
    0xff, 0x7, 0xcc, 0x3, 0xcc, 0x84, 0x1, 0x44,
    0x80, 0x7d, 0x98, 0x1f, 0xb3, 0xd4, 0x9d, 0x70,
    0xe, 0xef, 0xc1, 0x1, 0x39, 0xcf, 0x60, 0xe,
    0x20, 0xe6, 0xb2, 0xd8, 0x42, 0x10, 0xe, 0x9d,
    0xba, 0x0, 0x1e, 0x56, 0xa0, 0x7, 0x76, 0xb8,
    0x6, 0x2c, 0xb6,

    /* U+50F5 "僵" */
    0x0, 0x85, 0xc0, 0x3f, 0xf8, 0x4d, 0x97, 0xdd,
    0xfc, 0xa0, 0x15, 0x75, 0xf7, 0x7f, 0x28, 0x0,
    0xc9, 0x43, 0xee, 0xd9, 0xf7, 0x6e, 0x60, 0xa,
    0x48, 0x2, 0xcd, 0x51, 0xdd, 0x18, 0x4, 0x6a,
    0x20, 0x11, 0xaf, 0x1a, 0xa8, 0x40, 0x2f, 0x20,
    0x8, 0xfe, 0x30, 0x62, 0x0, 0x60, 0x22, 0x80,
    0x3, 0xde, 0x65, 0x79, 0x8b, 0x23, 0x1d, 0x10,
    0x1, 0x17, 0xf8, 0x40, 0x39, 0x23, 0xb9, 0x31,
    0xdc, 0x83, 0x20, 0xf, 0x17, 0xfa, 0xc3, 0xfc,
    0xc2, 0x1, 0xf8, 0x45, 0xe6, 0x22, 0x70, 0xf,
    0xee, 0xe2, 0x8f, 0x70, 0x80, 0x3e, 0x1f, 0xbb,
    0x6f, 0xdd, 0xb9, 0xc0, 0x39, 0x7f, 0xff, 0xce,

    /* U+50FB "僻" */
    0x0, 0xa4, 0xc0, 0x3c, 0xb0, 0x1, 0xc2, 0xc3,
    0xff, 0x80, 0x25, 0x0, 0xe6, 0x32, 0xf, 0xe0,
    0x13, 0x2, 0x43, 0x0, 0xae, 0xc0, 0x10, 0x82,
    0x7c, 0x9c, 0x78, 0x0, 0xcc, 0x82, 0x1, 0x95,
    0x5f, 0x89, 0x40, 0xf, 0x1, 0x0, 0x3c, 0x0,
    0x3a, 0xc1, 0x90, 0x18, 0xc4, 0x3, 0x7c, 0x9,
    0xfa, 0x91, 0x87, 0x49, 0x81, 0x93, 0xbd, 0x76,
    0x8a, 0x3e, 0x38, 0x60, 0x3, 0x15, 0x55, 0x1f,
    0x83, 0xfe, 0x30, 0xc, 0x40, 0xe, 0x41, 0x0,
    0xff, 0x79, 0x11, 0xe, 0xff, 0x7, 0xfc, 0x1,
    0xc8, 0xe0, 0x16, 0x75, 0x8f, 0x70, 0x3, 0x39,
    0x68, 0x88, 0x1c, 0x5c, 0x4, 0x40, 0x1b, 0x14,
    0x5b, 0x88, 0x3, 0xfd, 0x76, 0x7, 0xff, 0x18,
    0x7, 0xed, 0x21, 0x68, 0x0, 0xc7, 0xc0, 0x10,

    /* U+5112 "儒" */
    0x0, 0x88, 0xc0, 0x3f, 0xf8, 0x51, 0x7d, 0xff,
    0xf8, 0xc0, 0x21, 0x5a, 0xef, 0xf8, 0x3b, 0xfe,
    0x30, 0xa, 0x51, 0x7b, 0xb0, 0x7f, 0x75, 0x60,
    0x1, 0x6e, 0xf8, 0xee, 0x83, 0xfb, 0x98, 0xe0,
    0x8, 0x11, 0x51, 0xdd, 0x94, 0x12, 0xec, 0xbe,
    0xa, 0xc2, 0x4, 0x6, 0x66, 0x0, 0x19, 0x84,
    0xc3, 0x64, 0xc0, 0xb, 0x32, 0x37, 0x49, 0x93,
    0x0, 0x21, 0x80, 0x17, 0xfd, 0xcf, 0x7e, 0xeb,
    0xfc, 0x1, 0xd7, 0xff, 0x50, 0xff, 0xf0, 0x7,
    0xbb, 0xaa, 0x1e, 0xec, 0xc0, 0x1e, 0x1c, 0xd2,
    0xf6, 0x67, 0x28, 0x7, 0xe3, 0x1, 0xf, 0x0,
    0xff, 0xea, 0xda, 0xa8, 0x0,

    /* U+5121 "儡" */
    0x0, 0x9d, 0x0, 0x3f, 0xf8, 0x30, 0x11, 0xfd,
    0xcf, 0xee, 0x7c, 0x80, 0x4c, 0x28, 0xd, 0xd8,
    0x19, 0xce, 0x1, 0xa9, 0xc0, 0x3f, 0xf8, 0x8,
    0x78, 0x0, 0x7d, 0xf0, 0xfd, 0x60, 0xa, 0x40,
    0x33, 0xef, 0x87, 0xeb, 0x0, 0x20, 0xc8, 0x2,
    0x6e, 0xc0, 0xce, 0x70, 0x1, 0xd0, 0x80, 0x23,
    0xfb, 0x9f, 0xdc, 0xf9, 0xa, 0x40, 0x6, 0x6f,
    0x6f, 0x7, 0x6f, 0x6e, 0x8, 0x4, 0x3a, 0x5a,
    0x60, 0x7a, 0x5a, 0x40, 0x1f, 0x8c, 0x3, 0xfe,
    0xd3, 0xd1, 0x2, 0xd3, 0xd0, 0xf, 0x69, 0xe9,
    0x1, 0x69, 0xe8, 0x7, 0xac, 0xec, 0x80, 0xac,
    0xec, 0x3, 0xd3, 0xb2, 0x20, 0x33, 0xb2, 0x0,

    /* U+513F "儿" */
    0x0, 0xff, 0xe4, 0x72, 0x0, 0x6f, 0x30, 0xf,
    0xff, 0xf8, 0x7, 0xff, 0x4, 0x5c, 0x3, 0xff,
    0x82, 0x20, 0x20, 0x1f, 0xfc, 0x15, 0x2, 0x0,
    0xff, 0xe0, 0xe1, 0x80, 0x7f, 0x20, 0x4, 0x2f,
    0x40, 0x1f, 0xd0, 0xa0, 0xb, 0x26, 0x0, 0xfe,
    0x11, 0x4, 0xaf, 0x0, 0x7c, 0x84, 0x64, 0xa8,
    0xf6, 0x60, 0x1e, 0x78, 0xdc, 0x61, 0x4e, 0x40,
    0xf, 0xa3, 0xfe, 0x90,

    /* U+5141 "允" */
    0x0, 0xf1, 0x98, 0x3, 0xff, 0x82, 0x3b, 0x40,
    0x1f, 0xfc, 0x18, 0x39, 0x0, 0x18, 0x7, 0xf1,
    0xb7, 0x0, 0x13, 0x8, 0x3, 0xe1, 0xd8, 0x30,
    0x2, 0x37, 0x88, 0x7, 0xb5, 0x1c, 0x3, 0x40,
    0x50, 0x7, 0x59, 0x85, 0xe6, 0xf7, 0xf1, 0x23,
    0x80, 0x72, 0x93, 0x3c, 0xe8, 0x5f, 0xd4, 0x88,
    0x5, 0x75, 0x3, 0x88, 0x60, 0xe0, 0xbe, 0x20,
    0x1e, 0x22, 0x0, 0x78, 0x40, 0x3c, 0x42, 0xe0,
    0x1f, 0xfc, 0x1a, 0x32, 0x0, 0xfb, 0xc, 0x2,
    0x57, 0x90, 0xf, 0xc4, 0x1, 0x3d, 0x4a, 0x80,
    0x64, 0x22, 0x20, 0x92, 0x7d, 0x51, 0x80, 0x33,
    0x46, 0xea, 0xd8, 0x53, 0x35, 0x40, 0x3a, 0x7f,
    0xf4, 0x80,

    /* U+5143 "元" */
    0x0, 0x9, 0x17, 0xfc, 0x1, 0xaf, 0x77, 0xfd,
    0x0, 0x1a, 0xbf, 0xff, 0xd4, 0x1, 0xff, 0xd7,
    0xee, 0xff, 0xe1, 0x8, 0x6e, 0xd4, 0x31, 0xba,
    0x24, 0xdd, 0xc2, 0x6, 0x73, 0x3, 0x99, 0x98,
    0x8c, 0xf0, 0x7, 0x30, 0x8, 0x7, 0xff, 0x7,
    0x50, 0x3, 0xff, 0x82, 0x2f, 0xc0, 0x1f, 0xb0,
    0xc0, 0x2a, 0x25, 0x0, 0xfc, 0x20, 0x2, 0xb5,
    0xe0, 0xe, 0x32, 0x13, 0x22, 0x6, 0x6, 0x10,
    0x6, 0xe5, 0xde, 0xc6, 0x10, 0xfb, 0x20, 0xe,
    0x4e, 0xff, 0xa4, 0x0,

    /* U+5144 "兄" */
    0x0, 0x27, 0xff, 0xfb, 0x80, 0x38, 0x77, 0x7f,
    0x40, 0x7, 0xc4, 0x5f, 0xc0, 0x1f, 0xfd, 0xb1,
    0x1f, 0xc6, 0x1, 0xe1, 0xee, 0xfd, 0x20, 0x1c,
    0x9d, 0xc1, 0x9e, 0xe0, 0xc7, 0x73, 0xc0, 0x38,
    0x46, 0x51, 0x11, 0x90, 0x8c, 0x1, 0xe4, 0x3,
    0x0, 0xff, 0xe0, 0xf2, 0x80, 0x7e, 0x66, 0x0,
    0x4e, 0xb2, 0x1, 0xfb, 0xbc, 0xa, 0xa2, 0x8c,
    0x3, 0x69, 0x14, 0x9c, 0x38, 0xd8, 0xa0, 0x1a,
    0x9f, 0x76, 0x16, 0x1e, 0xc3, 0x0, 0xe7, 0xff,
    0xda, 0x20,

    /* U+5145 "充" */
    0x0, 0xf9, 0x84, 0x3, 0xff, 0x85, 0xb4, 0x1,
    0xff, 0xc2, 0x85, 0x10, 0xf, 0xbb, 0xff, 0xb0,
    0x7b, 0xff, 0x70, 0x3, 0x33, 0x11, 0xe6, 0x57,
    0x99, 0x68, 0x0, 0x8c, 0xd6, 0x1a, 0x66, 0x1a,
    0x43, 0x38, 0x3, 0x3b, 0x78, 0x80, 0xb, 0x26,
    0x40, 0x1d, 0x30, 0xb7, 0x54, 0xbc, 0xf0, 0x6a,
    0x0, 0xc6, 0x84, 0xaf, 0xba, 0x24, 0xdc, 0x46,
    0x0, 0xaa, 0xe5, 0x91, 0xd8, 0xfc, 0xcd, 0xec,
    0x1, 0xe7, 0xe0, 0xf, 0x8, 0x7, 0x90, 0x98,
    0x3, 0xe8, 0x10, 0x8, 0x65, 0x44, 0x3, 0xe6,
    0x20, 0x2, 0xe0, 0xd0, 0x4, 0x3e, 0x44, 0x31,
    0x20, 0xda, 0x4c, 0x0, 0xd4, 0xdb, 0xac, 0x61,
    0xf, 0xe9, 0x0, 0xe6, 0xff, 0xd2, 0x0,

    /* U+5146 "兆" */
    0x0, 0xe4, 0xe0, 0x7, 0x20, 0x7, 0x8a, 0x0,
    0x3f, 0xd4, 0x80, 0x2, 0x58, 0x0, 0xfc, 0xca,
    0xa0, 0xb, 0x9c, 0xc0, 0x3c, 0x31, 0x42, 0x1,
    0x1a, 0xf8, 0x7, 0xa9, 0xd4, 0x3, 0xae, 0x0,
    0x3d, 0xf2, 0x1, 0xe1, 0x40, 0xe, 0xf0, 0xf,
    0xc7, 0x36, 0x60, 0x10, 0xd5, 0x90, 0x4, 0xd9,
    0x80, 0x56, 0x0, 0xbb, 0xc7, 0x58, 0x1, 0x89,
    0xd2, 0xda, 0x1, 0x86, 0xa9, 0x2, 0x15, 0x2,
    0x86, 0xe0, 0x1e, 0x5e, 0x10, 0x8, 0xe9, 0xc4,
    0x3, 0xea, 0x30, 0x3, 0xe2, 0x40, 0x6, 0xc2,
    0x21, 0xa0, 0x2, 0xa6, 0x54, 0x1, 0xa5, 0xf7,
    0x58, 0xa6, 0x17, 0xcc, 0x1, 0xcf, 0xff, 0xac,
    0x0,

    /* U+5148 "先" */
    0x0, 0x8a, 0x40, 0x13, 0x20, 0xf, 0xf2, 0xa8,
    0x3, 0xff, 0x85, 0x47, 0xfe, 0x66, 0x7f, 0xed,
    0x0, 0xca, 0x79, 0xba, 0x55, 0x6e, 0xef, 0x0,
    0xd7, 0x6, 0x44, 0x33, 0x11, 0x70, 0x4, 0x2e,
    0xc0, 0x1f, 0xfc, 0x14, 0xc5, 0x5c, 0x44, 0x55,
    0xf0, 0x2, 0x23, 0x55, 0xb3, 0x2e, 0xa2, 0x30,
    0x3, 0x77, 0x5, 0x6e, 0x99, 0x77, 0x70, 0x7,
    0x10, 0x28, 0x7, 0xff, 0x6, 0xd0, 0x40, 0x3e,
    0x30, 0xc, 0x8d, 0xe0, 0x1f, 0xb4, 0xc0, 0xf,
    0x70, 0x80, 0x19, 0x88, 0x86, 0x24, 0x1d, 0x54,
    0x70, 0xd, 0x65, 0xba, 0xc5, 0x10, 0xcd, 0x50,
    0xe, 0x3e, 0xff, 0xa8, 0x0,

    /* U+5149 "光" */
    0x0, 0x84, 0x2, 0xa8, 0x0, 0x88, 0x80, 0x1a,
    0x34, 0x3, 0xf4, 0xc8, 0x3, 0x49, 0x28, 0x7,
    0x89, 0x24, 0x3, 0xc, 0xc0, 0x7, 0xa5, 0x88,
    0x3, 0x98, 0x44, 0x1, 0x84, 0x20, 0x3, 0x11,
    0xf, 0x8c, 0x84, 0x88, 0x72, 0x64, 0x40, 0x1d,
    0xdf, 0x22, 0xee, 0xf8, 0x87, 0xff, 0xd, 0x7f,
    0x99, 0x9f, 0xf8, 0x80, 0x30, 0x89, 0xc0, 0x3f,
    0xf8, 0x2e, 0x24, 0x1, 0xff, 0xc1, 0xa7, 0x0,
    0xfc, 0xc2, 0x1, 0x51, 0x40, 0x7, 0xeb, 0x50,
    0x5d, 0x4c, 0x10, 0xc, 0x45, 0x19, 0x31, 0x42,
    0xf9, 0x0, 0x6d, 0x5d, 0xd6, 0x29, 0x13, 0x60,
    0x40, 0x39, 0x3b, 0xfe, 0xa0,

    /* U+514B "克" */
    0x0, 0xfa, 0xa0, 0x3, 0xf6, 0xff, 0xf2, 0xbf,
    0xff, 0x70, 0x3, 0xf7, 0x79, 0x17, 0x77, 0xb0,
    0x0, 0x45, 0xe1, 0x22, 0xf8, 0x2, 0x1f, 0xfc,
    0xaf, 0xff, 0x88, 0x3, 0xdb, 0xdd, 0xed, 0x0,
    0xfc, 0x42, 0x3e, 0x20, 0xf, 0xc4, 0x5f, 0x80,
    0x3f, 0x6e, 0xfe, 0x0, 0xf0, 0xff, 0x8d, 0xff,
    0xc1, 0x7f, 0xe2, 0x0, 0xf0, 0x9e, 0x0, 0x7c,
    0x40, 0x18, 0x68, 0xd0, 0x3, 0xef, 0x40, 0x27,
    0xf6, 0xe0, 0x8, 0x4c, 0x88, 0x64, 0xc3, 0xb5,
    0x3a, 0x40, 0x13, 0xc6, 0xeb, 0x14, 0x87, 0xb5,
    0xc0, 0x3a, 0x7f, 0xf5, 0x0,

    /* U+514D "免" */
    0x0, 0xe2, 0x10, 0xf, 0xfe, 0x8, 0xe4, 0x80,
    0x7f, 0xf0, 0x6c, 0x5f, 0xfe, 0xe0, 0xf, 0xd0,
    0x9d, 0xff, 0x14, 0x80, 0x7d, 0x4f, 0x6, 0x44,
    0xa0, 0x42, 0x28, 0x2, 0xb5, 0x8, 0xcc, 0x6a,
    0x9e, 0xe6, 0x34, 0xc0, 0x1d, 0x5, 0xdd, 0x49,
    0x77, 0x60, 0xc, 0xa6, 0x1, 0xb9, 0x80, 0x3f,
    0xc6, 0x89, 0x81, 0x13, 0x0, 0x73, 0x94, 0x44,
    0x6d, 0x73, 0x10, 0x30, 0xc, 0x79, 0x95, 0xe,
    0x87, 0x66, 0x46, 0x1, 0xe2, 0x89, 0x0, 0xf0,
    0x80, 0x72, 0x62, 0x38, 0x7, 0xad, 0x80, 0xb,
    0x76, 0x9a, 0x0, 0x98, 0x46, 0x73, 0xa, 0xb3,
    0xd7, 0x0, 0x96, 0xbb, 0xa1, 0x50, 0xae, 0x82,
    0x0, 0xd5, 0xff, 0xb0, 0x0,

    /* U+5151 "兑" */
    0x0, 0x88, 0x3, 0xc6, 0x1, 0xf6, 0x30, 0x6,
    0x5c, 0x10, 0xf, 0x54, 0x88, 0x5, 0x72, 0x20,
    0x1c, 0x2c, 0x68, 0x22, 0x92, 0x41, 0x0, 0xc9,
    0xda, 0x75, 0xdc, 0x63, 0xde, 0x50, 0xc, 0x3f,
    0xff, 0x84, 0x3, 0xff, 0xae, 0x3f, 0xff, 0x84,
    0x3, 0x26, 0xe9, 0xcf, 0x74, 0x33, 0xba, 0x50,
    0xc, 0x44, 0x15, 0x22, 0x1, 0x91, 0x0, 0x3e,
    0x7c, 0x0, 0xff, 0xe0, 0x49, 0xa8, 0x7, 0xda,
    0x40, 0x76, 0xfe, 0x1, 0x88, 0x44, 0x64, 0x75,
    0x83, 0xe4, 0x1, 0x34, 0x77, 0x31, 0x46, 0xfa,
    0x84, 0x3, 0x47, 0xfe, 0xa0,

    /* U+5154 "兔" */
    0x0, 0xe3, 0x0, 0xff, 0xe1, 0x47, 0x8, 0x0,
    0x40, 0x3f, 0x8d, 0xcb, 0xbf, 0xdc, 0xc0, 0x1f,
    0xe, 0xc7, 0xfc, 0xe4, 0xc0, 0x1e, 0x1c, 0x25,
    0x11, 0x2b, 0xc8, 0x8e, 0x0, 0x1f, 0x91, 0xef,
    0x72, 0x82, 0xfb, 0xaf, 0x0, 0xa4, 0x6f, 0xfe,
    0x1b, 0xff, 0xac, 0x2, 0x37, 0x30, 0xc, 0x2c,
    0x1, 0xfe, 0x11, 0x90, 0x0, 0x23, 0x10, 0x7,
    0xab, 0xb9, 0x61, 0xbd, 0xd4, 0x80, 0x76, 0xff,
    0xc3, 0x23, 0x93, 0x2f, 0xe0, 0xf, 0xa4, 0xd8,
    0x0, 0x97, 0x20, 0x1e, 0x1a, 0x7f, 0x0, 0x8b,
    0x48, 0xf0, 0x40, 0xe3, 0x87, 0xc8, 0x0, 0xa2,
    0x2a, 0x73, 0x3, 0xc2, 0xbb, 0x8, 0x1, 0xa7,
    0xba, 0xb6, 0x13, 0xfa, 0x40, 0xd, 0x1f, 0xfd,
    0x20,

    /* U+515A "党" */
    0x0, 0xd, 0x10, 0x3, 0x90, 0x0, 0x36, 0x20,
    0x18, 0x43, 0xc0, 0x3d, 0x0, 0x20, 0x11, 0x9b,
    0x81, 0x4c, 0x4c, 0xcc, 0xce, 0x33, 0x0, 0x37,
    0x52, 0x11, 0xc5, 0x5d, 0x65, 0x1b, 0xa0, 0xb,
    0x77, 0xfe, 0xa0, 0xe, 0x4f, 0xff, 0xc6, 0x1,
    0xb8, 0xc0, 0x7f, 0xfc, 0x0, 0x4e, 0x0, 0xff,
    0xe4, 0x8e, 0xef, 0x80, 0x3f, 0x2e, 0x23, 0x75,
    0x17, 0x61, 0x80, 0x78, 0x4d, 0x74, 0xc8, 0x4c,
    0xc0, 0x1f, 0xa4, 0x58, 0x3, 0xec, 0x30, 0x27,
    0xd4, 0xf0, 0x0, 0x88, 0xc8, 0xa3, 0x1, 0xdc,
    0xbd, 0x20, 0x2, 0x96, 0x6e, 0xc8, 0x63, 0xf6,
    0xc0, 0x18, 0x77, 0xff, 0x58, 0x0,

    /* U+515C "兜" */
    0x0, 0xfa, 0xc, 0x3, 0xf8, 0x67, 0x84, 0x9c,
    0x80, 0xc, 0xd0, 0x80, 0xb, 0x83, 0xeb, 0x43,
    0xf9, 0x77, 0x52, 0x40, 0x1a, 0x44, 0x2f, 0xf8,
    0x86, 0xec, 0x20, 0x1f, 0xfc, 0xca, 0xee, 0x18,
    0x7, 0xff, 0x2, 0xbb, 0x86, 0x1, 0xf0, 0x83,
    0x63, 0x80, 0x7f, 0xd6, 0x15, 0x21, 0x7f, 0xe3,
    0x2f, 0xf0, 0x80, 0x5b, 0x78, 0xb7, 0x9f, 0xe8,
    0x4d, 0xd8, 0xc0, 0xa, 0x80, 0x8, 0x0, 0xa5,
    0x88, 0xa0, 0xf, 0x28, 0x18, 0x7, 0xc6, 0x1,
    0x8a, 0x1c, 0x3, 0xf6, 0x98, 0xb, 0xe3, 0xc0,
    0x6, 0x32, 0x21, 0x89, 0x7, 0xd4, 0x50, 0x6,
    0x68, 0xdd, 0x63, 0x8, 0x76, 0xb0, 0x7, 0x47,
    0xfe, 0x90,

    /* U+5162 "兢" */
    0x0, 0x93, 0x80, 0x3d, 0xe4, 0x1, 0xf, 0xfa,
    0xc7, 0xfd, 0x17, 0xfe, 0xd, 0xff, 0x20, 0xf7,
    0x28, 0x7b, 0x91, 0x5d, 0xc0, 0xbe, 0xe2, 0x0,
    0x8c, 0x2, 0x20, 0x11, 0x81, 0x84, 0x40, 0x9,
    0xfb, 0x1f, 0xf1, 0x37, 0xf8, 0x37, 0xf4, 0x2,
    0x7f, 0xf8, 0x2, 0x4f, 0xfa, 0x40, 0x3f, 0xf9,
    0xf, 0xff, 0x0, 0x49, 0xdd, 0x48, 0x5, 0x2e,
    0xde, 0x1a, 0x4d, 0x45, 0xe3, 0xb8, 0x1, 0x8,
    0x80, 0x6, 0x0, 0x37, 0x10, 0x31, 0x0, 0x8b,
    0x80, 0x26, 0xe, 0x20, 0x8, 0x48, 0x5, 0x10,
    0x21, 0xfa, 0x2b, 0x80, 0x11, 0x40, 0x41, 0x92,
    0x15, 0x5c, 0x2, 0x80, 0x15, 0xc, 0xcf, 0xc0,
    0xba, 0x90, 0x9e, 0x0, 0x5b, 0x9a, 0x3e, 0x20,
    0xd, 0x1a, 0x40, 0xa, 0xfe, 0x30,

    /* U+5165 "入" */
    0x0, 0xff, 0xe4, 0xe, 0x98, 0x7, 0xff, 0x4,
    0x53, 0xc, 0x3, 0xff, 0x83, 0x2d, 0xa2, 0x1,
    0xff, 0xc1, 0x93, 0xa0, 0xf, 0xfe, 0x11, 0x22,
    0x0, 0x3f, 0xf8, 0x8, 0xb, 0x0, 0x1f, 0xfc,
    0xd, 0x3b, 0x35, 0x0, 0xff, 0xb, 0x50, 0xbd,
    0x80, 0x7f, 0xa0, 0x58, 0x20, 0x20, 0x3, 0xf1,
    0xb5, 0x80, 0x52, 0xe4, 0x1, 0xe1, 0xd3, 0x50,
    0x9, 0xcb, 0x80, 0x38, 0x70, 0xf4, 0x3, 0xbc,
    0xec, 0x2, 0x5e, 0xf, 0x10, 0xe, 0x2b, 0x4d,
    0x21, 0x85, 0xd2, 0x0, 0xf9, 0x34, 0xc, 0x76,
    0x80, 0x3f, 0xc5, 0xa2,

    /* U+5168 "全" */
    0x0, 0xf8, 0x48, 0x3, 0xff, 0x85, 0x58, 0x1,
    0xff, 0xc1, 0x86, 0x2b, 0x0, 0xff, 0xa5, 0xb3,
    0xf, 0x82, 0x1, 0xf0, 0xd3, 0xe0, 0x86, 0x6,
    0x10, 0x7, 0x27, 0x8f, 0x90, 0x5, 0x89, 0xb0,
    0x0, 0x2b, 0xb2, 0xf2, 0xa2, 0x76, 0xab, 0x69,
    0x98, 0xb4, 0xbb, 0xfd, 0x54, 0xff, 0x87, 0xdc,
    0x45, 0x25, 0x37, 0x73, 0x25, 0xde, 0x1a, 0x20,
    0xf, 0xfe, 0x3d, 0x7f, 0xce, 0xbf, 0xf8, 0x3,
    0xd7, 0xdd, 0x32, 0x77, 0x60, 0xf, 0x8, 0xff,
    0x80, 0x38, 0x47, 0xff, 0x82, 0x0, 0xbe, 0xee,
    0x64, 0xee, 0xef, 0x0,

    /* U+516B "八" */
    0x0, 0xfe, 0x12, 0x0, 0xfe, 0x2d, 0x10, 0x4,
    0x58, 0x7, 0xf3, 0x10, 0x80, 0x38, 0x80, 0x3f,
    0x84, 0x40, 0x11, 0x30, 0x7, 0xf1, 0x10, 0x2,
    0x62, 0x0, 0xfe, 0xd5, 0x0, 0x8c, 0xc, 0x3,
    0xf2, 0x60, 0x6, 0x34, 0x0, 0xf8, 0x44, 0xe0,
    0x1a, 0xec, 0x1, 0xf3, 0x11, 0x0, 0x32, 0x99,
    0x0, 0x7a, 0xa8, 0x1, 0xc4, 0x76, 0x1, 0xc8,
    0x4c, 0x1, 0xe9, 0x62, 0x0, 0x86, 0x98, 0x40,
    0x3c, 0xa9, 0xc0, 0x16, 0x94, 0x80, 0x7e, 0x93,
    0xa0, 0x31, 0xd0, 0xf, 0xe2, 0xc4, 0x41, 0xe8,
    0x80, 0x7f, 0x8f, 0x90,

    /* U+516C "公" */
    0x0, 0xea, 0x20, 0x1, 0xd8, 0x7, 0xf3, 0xa1,
    0x0, 0xd, 0x58, 0x3, 0xe1, 0x88, 0x0, 0x6b,
    0x92, 0x0, 0xf4, 0x13, 0x0, 0x65, 0x4e, 0x0,
    0xe5, 0x69, 0x0, 0x10, 0x5, 0x45, 0x40, 0x12,
    0x53, 0xa0, 0xe, 0xb8, 0x0, 0x75, 0x68, 0x1,
    0x2b, 0x0, 0xb, 0x17, 0x0, 0x8e, 0x90, 0x83,
    0x68, 0x0, 0x6b, 0x60, 0x1c, 0xbc, 0x40, 0x1d,
    0xe8, 0xa0, 0x7, 0x10, 0xf, 0xce, 0x54, 0x1,
    0x66, 0x80, 0x7c, 0x71, 0x42, 0x1, 0x51, 0x40,
    0x7, 0x16, 0xab, 0x1a, 0x2b, 0x31, 0x5d, 0x0,
    0x34, 0x8a, 0xee, 0x54, 0x56, 0x9, 0xd0, 0x80,
    0x51, 0x7b, 0xdf, 0xdb, 0x97, 0x58, 0x12, 0x1,
    0x1a, 0x10, 0x80, 0x7d, 0x90, 0x0,

    /* U+516D "六" */
    0x0, 0xf8, 0xc0, 0x3f, 0xf8, 0x49, 0x84, 0x1,
    0xff, 0xc1, 0x43, 0x80, 0xf, 0xfe, 0x15, 0x28,
    0x80, 0x7c, 0x67, 0xe5, 0x82, 0x33, 0xe0, 0x1c,
    0xcf, 0xa3, 0x33, 0xc4, 0x3f, 0xff, 0xfc, 0x22,
    0x0, 0xff, 0x8, 0x7, 0xf3, 0x70, 0x80, 0x7,
    0x94, 0x3, 0xf4, 0x38, 0x80, 0x5, 0xec, 0x40,
    0x3d, 0x3, 0x0, 0x1a, 0xe, 0x80, 0x38, 0x9e,
    0x4, 0x3, 0xb9, 0x18, 0x3, 0x71, 0x38, 0x7,
    0x8d, 0xe0, 0x40, 0x12, 0x7c, 0x1, 0xfa, 0x2,
    0xc0, 0x52, 0x4c, 0x3, 0xfa, 0xd8, 0x7, 0x58,
    0x3, 0xfc, 0xb8, 0x0,

    /* U+5170 "兰" */
    0x0, 0x85, 0x0, 0x3c, 0xa4, 0x1, 0xe5, 0xb3,
    0x0, 0xc5, 0x4c, 0x1, 0xe4, 0x7e, 0x0, 0xd0,
    0xc8, 0x1, 0xf4, 0x38, 0x80, 0x15, 0x20, 0x3,
    0x9f, 0xfe, 0x5e, 0xff, 0x50, 0xf7, 0xf9, 0xc0,
    0xd, 0x99, 0xff, 0xc0, 0x60, 0x0, 0x99, 0xff,
    0xf0, 0x4, 0x3, 0xff, 0x8e, 0x46, 0x7f, 0xe1,
    0x0, 0xd7, 0x99, 0xfe, 0x40, 0xd, 0x3f, 0xff,
    0xe5, 0x0, 0xff, 0xeb, 0xf, 0x77, 0xff, 0x8,
    0x7, 0x77, 0xff, 0x84, 0x0,

    /* U+5171 "共" */
    0x0, 0xcb, 0xa0, 0x1a, 0x28, 0x3, 0xff, 0x98,
    0x60, 0x1c, 0x20, 0x1e, 0x6f, 0xf4, 0x97, 0xfe,
    0x65, 0xff, 0x68, 0x1, 0xbb, 0x92, 0x5d, 0xd9,
    0x93, 0xb9, 0x80, 0x10, 0x88, 0xc0, 0x47, 0xf8,
    0x3, 0xff, 0x8c, 0x23, 0x18, 0x8, 0xff, 0x0,
    0xf7, 0x52, 0x5d, 0xd9, 0x93, 0xba, 0x71, 0xee,
    0xff, 0xe1, 0x38, 0x8, 0xc1, 0x8a, 0x22, 0x3c,
    0x41, 0x18, 0x3, 0x17, 0xa2, 0x0, 0x5, 0x15,
    0x20, 0x1c, 0xfa, 0xf2, 0x1, 0x97, 0x53, 0x4,
    0x1, 0x13, 0x72, 0x1, 0xe2, 0xc0, 0xd0, 0x4,
    0x7a, 0x0, 0x7e, 0x1c, 0xc0, 0x0,

    /* U+5173 "关" */
    0x0, 0xc2, 0x1, 0xe3, 0x0, 0xf8, 0xb8, 0x80,
    0x30, 0xe3, 0x0, 0x78, 0x9b, 0x80, 0x34, 0x9b,
    0x0, 0x7d, 0x0, 0x20, 0x2, 0x7f, 0x0, 0xf7,
    0x7f, 0x1f, 0x7f, 0xb4, 0x33, 0xfc, 0x20, 0x16,
    0x6e, 0xe4, 0x3d, 0xde, 0x10, 0x8, 0x8b, 0xce,
    0x45, 0xc0, 0x1f, 0xc6, 0x1, 0xfd, 0xdf, 0xfc,
    0xa9, 0xff, 0xe0, 0x6, 0x67, 0x58, 0x2, 0x73,
    0x38, 0x0, 0x46, 0x7b, 0x1, 0xac, 0xcf, 0x80,
    0x3c, 0xcf, 0x32, 0xb, 0x0, 0xfe, 0x99, 0x3b,
    0x6, 0x36, 0x18, 0x6, 0x18, 0xe7, 0xa8, 0x0,
    0xe, 0x3e, 0x52, 0x0, 0x3d, 0xa7, 0xd4, 0x3,
    0xd, 0xd3, 0x50, 0x87, 0xf3, 0x88, 0x7, 0xcb,
    0x9c, 0x20,

    /* U+5174 "兴" */
    0x0, 0xf2, 0x0, 0x7f, 0xf0, 0x86, 0xcc, 0x3,
    0xa6, 0x40, 0xd, 0x70, 0x0, 0xac, 0x0, 0x62,
    0x6c, 0x0, 0x44, 0x8, 0x1, 0x28, 0x20, 0x14,
    0x12, 0x80, 0x15, 0x20, 0x0, 0x62, 0xe0, 0x2,
    0x59, 0x0, 0xde, 0xa2, 0x0, 0x93, 0x0, 0x4a,
    0xa0, 0x6, 0x45, 0x20, 0x3, 0xa8, 0x32, 0xd8,
    0x7, 0xa8, 0xc0, 0x39, 0x68, 0x40, 0x22, 0xff,
    0xfe, 0xcb, 0xff, 0x88, 0x9b, 0xbf, 0xfc, 0x22,
    0x2, 0x29, 0x60, 0x8b, 0x4b, 0x91, 0x40, 0x19,
    0x63, 0xc0, 0x37, 0x53, 0x0, 0x72, 0xd4, 0x28,
    0x6, 0x5a, 0x96, 0x0, 0xa2, 0xa1, 0xc0, 0x3c,
    0xb5, 0x2c, 0x0, 0x3b, 0x70, 0xf, 0xcb, 0x3a,
    0x0,

    /* U+5175 "兵" */
    0x0, 0xf1, 0x1a, 0x33, 0xd6, 0x10, 0x7, 0x37,
    0xfb, 0x75, 0x35, 0xa5, 0x40, 0x1f, 0x17, 0xfb,
    0xb7, 0x2a, 0x18, 0x80, 0x3c, 0x20, 0x1f, 0xfc,
    0x31, 0x1f, 0xf0, 0x7, 0x8b, 0xbb, 0xf9, 0x40,
    0x38, 0xff, 0xf9, 0x23, 0xfc, 0xa0, 0x1f, 0xfd,
    0x62, 0x27, 0x9, 0x17, 0x3f, 0x11, 0x40, 0x7b,
    0xa7, 0x2d, 0xde, 0x36, 0xdd, 0x8c, 0xdf, 0xfa,
    0xbf, 0xf5, 0x7f, 0xe3, 0x0, 0x86, 0xec, 0x60,
    0x3, 0x8d, 0x40, 0xe, 0x7f, 0xf, 0x30, 0x1,
    0xea, 0xdd, 0x8, 0x3, 0x26, 0xec, 0x20, 0x1d,
    0x1a, 0xf6, 0x0, 0xee, 0x28, 0x7, 0xe2, 0xda,
    0x0,

    /* U+5176 "其" */
    0x0, 0x8b, 0xc0, 0x3d, 0xe4, 0x1, 0xa3, 0x3c,
    0x33, 0x3c, 0x1f, 0x92, 0x0, 0xb9, 0xa0, 0x99,
    0xf0, 0x54, 0xd0, 0x0, 0xd5, 0x40, 0xab, 0xe0,
    0x55, 0x18, 0x7, 0xbf, 0xfc, 0x1, 0xfe, 0xee,
    0xf0, 0x7, 0xf8, 0x47, 0x80, 0x3f, 0xef, 0xfe,
    0xe0, 0xf, 0xf7, 0xff, 0x80, 0x3c, 0x44, 0x70,
    0x22, 0xf0, 0x39, 0x10, 0xb, 0x75, 0x41, 0xbb,
    0xe0, 0xad, 0xd1, 0x13, 0xfe, 0xe6, 0xbf, 0xf5,
    0xc7, 0x7f, 0xc4, 0x0, 0x39, 0xe3, 0x60, 0x3,
    0xf7, 0x2d, 0x0, 0x2d, 0xc0, 0xda, 0x20, 0x1,
    0xcf, 0x1d, 0xd8, 0x1, 0xdf, 0x24, 0x1, 0xe1,
    0x8e, 0xa0,

    /* U+5177 "具" */
    0x0, 0xa7, 0xff, 0xf6, 0x80, 0x7c, 0xff, 0xfe,
    0xa0, 0xf, 0xc2, 0x3f, 0x18, 0x7, 0xe7, 0xcc,
    0xf4, 0x0, 0x7e, 0x6d, 0xdf, 0x58, 0x7, 0xe7,
    0xee, 0xf5, 0x0, 0x7e, 0x7e, 0xef, 0x50, 0x7,
    0xe7, 0xee, 0xf5, 0x0, 0x7e, 0x7e, 0xef, 0x50,
    0x7, 0x11, 0xc, 0x48, 0xbe, 0x2, 0x20, 0x16,
    0xe9, 0x5b, 0x77, 0xd0, 0x5b, 0xa3, 0x2f, 0xfa,
    0x53, 0xbf, 0xdc, 0x71, 0xff, 0x18, 0x0, 0xf2,
    0x38, 0x40, 0x3, 0x17, 0xce, 0x0, 0x1c, 0xc2,
    0x7a, 0x80, 0x64, 0xcb, 0x9d, 0x11, 0x47, 0x40,
    0x80, 0x7c, 0xbd, 0x22,

    /* U+5178 "典" */
    0x0, 0xe8, 0x90, 0x7, 0x88, 0x7, 0xc8, 0x91,
    0x11, 0x14, 0x11, 0x23, 0x0, 0xd7, 0x32, 0x45,
    0x98, 0x8, 0x9a, 0x90, 0xe, 0xfd, 0x67, 0xdd,
    0x6, 0x6b, 0x0, 0x7f, 0xf2, 0xb3, 0x9d, 0xbb,
    0x81, 0xfc, 0xe0, 0x1e, 0xbd, 0x55, 0x6e, 0x82,
    0xb5, 0x40, 0x3c, 0xe6, 0x46, 0x70, 0x29, 0x90,
    0x7, 0xff, 0x1d, 0xf4, 0x3f, 0x59, 0xf7, 0x41,
    0x9a, 0xcb, 0xa2, 0xb3, 0x73, 0xd, 0x53, 0x2a,
    0x59, 0xab, 0x91, 0x24, 0x43, 0xc2, 0xa9, 0x10,
    0xd, 0xee, 0x88, 0x0, 0x1d, 0xe2, 0xe8, 0x80,
    0x17, 0xcf, 0x24, 0x40, 0xb4, 0xba, 0x0, 0x38,
    0x63, 0x15, 0xc0, 0xba, 0x44, 0x3, 0xf1, 0xe3,
    0x0,

    /* U+5179 "兹" */
    0x0, 0x85, 0x0, 0x3c, 0xa2, 0x1, 0xe2, 0xb3,
    0x0, 0xc9, 0x46, 0x1, 0xe3, 0x6f, 0x0, 0xd3,
    0x22, 0x0, 0xdf, 0xf3, 0x1f, 0xfe, 0x29, 0xff,
    0x88, 0x37, 0x56, 0x39, 0xbb, 0x9d, 0x37, 0x62,
    0x2, 0x27, 0x21, 0x91, 0x66, 0xe2, 0x28, 0x2,
    0x34, 0xb0, 0x51, 0x8, 0x55, 0x3, 0x0, 0x6e,
    0xa1, 0x4a, 0x33, 0x35, 0x4, 0xd0, 0x5, 0x67,
    0xb5, 0x49, 0xd, 0x28, 0xa6, 0xe0, 0x8, 0x5f,
    0x9d, 0x58, 0x11, 0x1c, 0xb2, 0x40, 0x15, 0x49,
    0x1c, 0x89, 0x54, 0x6a, 0xb9, 0x0, 0x63, 0xbc,
    0x58, 0x0, 0x3b, 0x53, 0xf0, 0x4, 0x5b, 0x46,
    0x66, 0x26, 0xae, 0x22, 0x94, 0x7, 0x46, 0xfe,
    0xb, 0xe4, 0xb7, 0x21, 0x64, 0x6, 0xb3, 0xb9,
    0x92, 0x95, 0xbf, 0xd9, 0x60, 0x0,

    /* U+517B "养" */
    0x0, 0xce, 0xa0, 0x19, 0x24, 0x3, 0xf1, 0x50,
    0x80, 0x53, 0xc0, 0x1c, 0x9b, 0xa8, 0xc, 0xdd,
    0x71, 0x4e, 0xe9, 0x80, 0x9, 0xff, 0x6f, 0xb2,
    0x66, 0xe7, 0xf9, 0xc0, 0x30, 0x8e, 0x51, 0x1e,
    0x1, 0x0, 0x92, 0x22, 0xe1, 0x38, 0x8c, 0xa0,
    0x19, 0xae, 0xd4, 0xf, 0x77, 0xce, 0x0, 0x1f,
    0xfd, 0xc4, 0xff, 0xff, 0x0, 0xff, 0xb4, 0xcd,
    0xdf, 0xee, 0x54, 0xdf, 0xf0, 0xb, 0x5e, 0xa9,
    0x88, 0x0, 0x97, 0x72, 0x94, 0x1, 0x47, 0xd6,
    0x1, 0xe6, 0xfd, 0xe0, 0x1c, 0x81, 0x41, 0x0,
    0xf0, 0xbd, 0x80, 0x61, 0x86, 0x0, 0xff, 0xe0,
    0x26, 0x14, 0x0, 0x7f, 0xc3, 0x2b, 0x80, 0x1f,
    0xfc, 0x1, 0xd8, 0x0, 0xe3, 0xf0, 0xe,

    /* U+517C "兼" */
    0x0, 0xc4, 0x1, 0xe2, 0x0, 0xf9, 0x74, 0xc0,
    0x30, 0xe4, 0x0, 0x61, 0x12, 0x37, 0x8, 0xea,
    0x29, 0x11, 0x0, 0x33, 0xb8, 0xc5, 0xdd, 0x90,
    0xfb, 0x98, 0x0, 0xdf, 0xfa, 0x8f, 0xfc, 0x1b,
    0xff, 0x68, 0x5, 0x7f, 0xea, 0x3f, 0xf0, 0x6f,
    0xfa, 0x0, 0x35, 0xff, 0xa8, 0xff, 0xc1, 0xbe,
    0xc0, 0x18, 0xcf, 0x68, 0x99, 0x81, 0xc, 0x88,
    0x60, 0x3f, 0xf9, 0x4b, 0xfc, 0x17, 0xea, 0x9e,
    0x22, 0xcc, 0xd0, 0x79, 0x80, 0xfc, 0x76, 0xc1,
    0x0, 0x67, 0x72, 0x8f, 0xb8, 0x19, 0xcc, 0x1,
    0xd9, 0xce, 0x7, 0xdc, 0x0, 0x37, 0xc0, 0x6,
    0x1b, 0x58, 0x0, 0xd4, 0x76, 0x40, 0x1, 0x9e,
    0x2c, 0x20, 0xc, 0xd7, 0x9b, 0x42, 0x36, 0xc8,
    0x7, 0xe7, 0xed, 0x10,

    /* U+517D "兽" */
    0x0, 0xe1, 0x0, 0xff, 0xe1, 0x45, 0x0, 0x69,
    0xb0, 0xf, 0x8, 0xa9, 0x50, 0x44, 0xad, 0x2,
    0x20, 0xd, 0xfb, 0x2b, 0xff, 0x72, 0x46, 0x68,
    0x7, 0x7d, 0xdc, 0xed, 0x77, 0x40, 0x7, 0xbb,
    0x76, 0x76, 0xdd, 0xac, 0x3, 0xdd, 0xbb, 0x3b,
    0x6e, 0xd6, 0x1, 0xc5, 0xdb, 0xb2, 0x2e, 0xed,
    0xe, 0x1, 0xb3, 0x77, 0xfd, 0x60, 0x2, 0xee,
    0xff, 0xe1, 0x11, 0x3b, 0xbf, 0xf8, 0x44, 0x0,
    0x4f, 0xff, 0xf2, 0x80, 0x71, 0x7f, 0xfe, 0x20,
    0xf, 0x15, 0x57, 0xe2, 0x0, 0xf1, 0x4c, 0xfe,
    0x20, 0x8,

    /* U+5180 "冀" */
    0xa, 0xdd, 0xba, 0xc0, 0x7e, 0xaf, 0x2d, 0x40,
    0x15, 0xbb, 0x40, 0x6, 0xf9, 0xcb, 0xf4, 0x6,
    0x8b, 0xd9, 0x0, 0xda, 0xea, 0xc8, 0xe1, 0x46,
    0x68, 0x70, 0x0, 0xaa, 0xa2, 0x16, 0x86, 0x19,
    0xcd, 0x2a, 0xad, 0xe6, 0x11, 0x2, 0x50, 0x6,
    0x2c, 0xde, 0x54, 0xcc, 0x94, 0xc0, 0x38, 0xae,
    0xe5, 0x4b, 0xb9, 0x40, 0x3e, 0xcc, 0x98, 0xf3,
    0x26, 0x0, 0xe4, 0xd1, 0xc4, 0x8e, 0x4d, 0x8,
    0x80, 0x4, 0xf9, 0xd0, 0x9d, 0xd9, 0x67, 0xbe,
    0x40, 0xf, 0xba, 0xa2, 0xdd, 0xc9, 0x3b, 0xa9,
    0x1, 0xdd, 0xa4, 0xf7, 0x72, 0xce, 0xec, 0xc3,
    0xba, 0xfa, 0x3b, 0xdd, 0x79, 0xa5, 0xe6, 0xb0,
    0x4e, 0xc8, 0x7b, 0x0, 0xb, 0x64, 0x73, 0x4,
    0x17, 0xb6, 0xe4, 0x1, 0xc6, 0xfb, 0xc4,

    /* U+5185 "内" */
    0x0, 0xf3, 0x60, 0x7, 0xff, 0x20, 0xfb, 0xba,
    0x4f, 0xbb, 0xb1, 0xc6, 0xab, 0x31, 0xd5, 0x66,
    0x10, 0x14, 0x4c, 0xa, 0x89, 0xb4, 0x3, 0xe4,
    0x20, 0xf, 0xf8, 0xc9, 0xf0, 0x40, 0x3f, 0xb9,
    0xb1, 0xf0, 0x40, 0x3e, 0xb0, 0x90, 0xb6, 0xc2,
    0x0, 0xc7, 0xad, 0x80, 0x15, 0xb7, 0x98, 0x4,
    0x2b, 0xa2, 0x1, 0xae, 0x4c, 0x2, 0x28, 0x0,
    0xf9, 0x0, 0x3f, 0xe1, 0x33, 0x68, 0x80, 0x7f,
    0x1e, 0x6a, 0xd0,

    /* U+5188 "冈" */
    0x4f, 0xff, 0xfe, 0x7, 0x0, 0xee, 0xff, 0xa0,
    0x2, 0x22, 0xf9, 0xa0, 0x88, 0x1, 0xa1, 0xc0,
    0x34, 0xe8, 0x7, 0xaa, 0x64, 0x0, 0x60, 0x70,
    0xf, 0x16, 0x25, 0xc, 0x48, 0x7, 0xe2, 0xc7,
    0xf5, 0x40, 0xf, 0xe1, 0xa1, 0x0, 0xff, 0x92,
    0x25, 0x68, 0x3, 0xf2, 0x5c, 0xb6, 0x2b, 0x80,
    0x79, 0xae, 0x18, 0xa, 0xe0, 0x80, 0x30, 0xdc,
    0xb8, 0x4, 0x98, 0x40, 0x18, 0x75, 0x80, 0x30,
    0x88, 0xb4, 0xc0, 0x3f, 0x8f, 0x74, 0xb6,

    /* U+5189 "冉" */
    0x0, 0xf9, 0xb0, 0x3, 0xfc, 0x45, 0xb8, 0x48,
    0xb8, 0x3, 0x26, 0xee, 0x72, 0xdd, 0xdc, 0x1,
    0xc3, 0xff, 0x49, 0xff, 0xd4, 0x1, 0xff, 0xca,
    0x1f, 0xfa, 0x4f, 0xfe, 0xa0, 0xf, 0xf, 0x75,
    0x5, 0xdd, 0x40, 0x7, 0xc2, 0x3f, 0x88, 0x3,
    0x21, 0x82, 0x25, 0xe2, 0x89, 0x60, 0xa1, 0xc,
    0xd0, 0xcc, 0xc8, 0x13, 0x33, 0x94, 0xa8, 0xec,
    0x8e, 0xef, 0xeb, 0x3d, 0x70, 0xf, 0xfe, 0x71,
    0x9b, 0x40, 0x3f, 0xf8, 0x3d, 0x8d, 0x40, 0x0,

    /* U+518C "册" */
    0x0, 0x27, 0xfe, 0x41, 0xff, 0xda, 0x1, 0xc5,
    0xba, 0x10, 0xb, 0x36, 0x40, 0x3e, 0x22, 0x0,
    0x62, 0x21, 0x80, 0x7f, 0xf6, 0x4, 0x80, 0x44,
    0x2, 0x60, 0x62, 0x60, 0x20, 0x3d, 0x25, 0xdc,
    0x1a, 0xd0, 0xde, 0x92, 0xe8, 0x1f, 0x84, 0xff,
    0xd, 0xe0, 0x77, 0xc9, 0x7c, 0x0, 0x3c, 0x80,
    0x33, 0x88, 0x80, 0xc0, 0x38, 0xb8, 0x3, 0x11,
    0x0, 0x3f, 0x39, 0x80, 0x6f, 0x50, 0xf, 0x8c,
    0x90, 0x3, 0x26, 0x0, 0x7d, 0x2a, 0x2, 0x20,
    0xc2, 0x50, 0x12, 0x0, 0xcd, 0x61, 0xbc, 0x5f,
    0x0, 0x9d, 0x34, 0x1, 0x60, 0x86, 0x7e, 0x3b,
    0x81, 0x3f, 0x9c, 0x0,

    /* U+518D "再" */
    0x8, 0xff, 0xff, 0xe0, 0x80, 0x27, 0xbb, 0x9c,
    0xfb, 0xbc, 0x0, 0x11, 0xf7, 0x80, 0x8f, 0x80,
    0x23, 0xff, 0xd0, 0x7f, 0xfa, 0x80, 0x3d, 0xbb,
    0x39, 0xee, 0xcc, 0x1, 0xe1, 0x22, 0xbc, 0x8,
    0xa1, 0x0, 0xf0, 0xff, 0xd0, 0x7f, 0xf3, 0x80,
    0x7d, 0xdd, 0x39, 0xf7, 0x4e, 0x1, 0xe1, 0x1d,
    0xe0, 0x23, 0x0, 0x62, 0xec, 0x1e, 0xea, 0xf,
    0xba, 0x75, 0xe9, 0x2c, 0x90, 0xcc, 0xb7, 0x59,
    0x93, 0x26, 0x40, 0x12, 0x89, 0x17, 0xe1, 0x11,
    0x8, 0x7, 0xf8, 0x8a, 0x0, 0xff, 0xe0, 0xee,
    0x9f, 0x80, 0x0,

    /* U+5192 "冒" */
    0x1f, 0xee, 0xff, 0x78, 0x5, 0xfd, 0xdf, 0xb0,
    0x3, 0xb7, 0xbb, 0xda, 0x1, 0xed, 0xee, 0xf6,
    0x80, 0x7b, 0x37, 0x7d, 0x80, 0x10, 0xc8, 0xe6,
    0xef, 0xb0, 0xe4, 0x0, 0xd7, 0x99, 0xfb, 0x58,
    0x2, 0x59, 0xee, 0xf4, 0x98, 0x7, 0x4c, 0xfe,
    0x0, 0xf4, 0xcf, 0xe0, 0xf, 0x74, 0x47, 0xb8,
    0x3, 0xdd, 0x33, 0xed, 0x0, 0xf3, 0x19, 0xf9,
    0x40, 0x3d, 0x9d, 0xde, 0xc1, 0x0, 0x0,

    /* U+5195 "冕" */
    0x0, 0x77, 0x37, 0x7f, 0x7a, 0x80, 0x6d, 0xdf,
    0xe2, 0x0, 0xf5, 0x5d, 0xf9, 0x40, 0x3e, 0xd3,
    0x3f, 0x30, 0x7, 0x49, 0x1b, 0x5c, 0xce, 0x3b,
    0x70, 0x9, 0xce, 0x87, 0xb3, 0x2b, 0x6, 0x20,
    0x9, 0xf6, 0x7f, 0x75, 0xe7, 0xc0, 0x18, 0xb6,
    0x2, 0x7b, 0xad, 0x1a, 0xee, 0x18, 0x1d, 0x3a,
    0xf7, 0x41, 0x5f, 0xdc, 0x10, 0x0, 0xbf, 0x89,
    0x10, 0xc4, 0x44, 0x50, 0x7, 0x10, 0x4c, 0xb4,
    0x6b, 0x26, 0x48, 0x20, 0x12, 0xdd, 0xbc, 0x69,
    0xda, 0xee, 0x36, 0x0, 0xa, 0xdd, 0xa9, 0x0,
    0x40, 0x24, 0xb4, 0xfe, 0x9d, 0xe5, 0xc, 0x7f,
    0xfa, 0xad, 0x37, 0xf1, 0x84, 0x0, 0xbd, 0xff,
    0x98,

    /* U+5197 "冗" */
    0xe, 0xff, 0xff, 0xe0, 0x28, 0x2, 0x37, 0x7f,
    0xc2, 0x1, 0x11, 0x7f, 0xc0, 0x1f, 0xfc, 0x6f,
    0x50, 0x33, 0xf8, 0x1, 0xea, 0x2, 0x0, 0xdc,
    0xdd, 0xd8, 0x60, 0x20, 0x1e, 0xae, 0xec, 0x1,
    0xff, 0xcc, 0x11, 0x0, 0x7f, 0xf0, 0x4, 0x18,
    0x3, 0xff, 0x80, 0xc2, 0x40, 0x1f, 0x14, 0x80,
    0xe, 0x20, 0x1, 0xf9, 0x9c, 0x1f, 0x19, 0x80,
    0x1e, 0x43, 0xc2, 0x58, 0x84, 0x80, 0x79, 0x63,
    0x1e, 0x57, 0xdc, 0x3, 0xea, 0xff, 0x94,

    /* U+5199 "写" */
    0xef, 0xff, 0xfe, 0x2, 0x85, 0x74, 0xc7, 0x77,
    0xc2, 0x0, 0x11, 0x7f, 0x8, 0xfc, 0x61, 0x88,
    0xa, 0x23, 0xf0, 0x62, 0x90, 0x0, 0xdf, 0xbb,
    0xcc, 0x20, 0x11, 0x87, 0x7f, 0xf9, 0x80, 0x32,
    0x90, 0x8, 0xfc, 0x1, 0xbc, 0xbb, 0xbe, 0xd0,
    0xd, 0x3f, 0xff, 0x3b, 0x0, 0x4, 0x8b, 0xf0,
    0x11, 0x0, 0x17, 0xbb, 0xf8, 0x9b, 0x80, 0x15,
    0xff, 0xf8, 0x8d, 0x40, 0x3f, 0x8, 0xce, 0x6,
    0x1, 0xfa, 0x3b, 0x93, 0x40, 0x1f, 0xd3, 0xfe,
    0xe5, 0x0, 0x80,

    /* U+519B "军" */
    0xef, 0xff, 0xfe, 0x6, 0x85, 0xff, 0xb6, 0xbb,
    0xff, 0xa4, 0x0, 0xe0, 0x5, 0x81, 0x0, 0xe3,
    0xb, 0x21, 0x15, 0xa0, 0x8f, 0x9e, 0x14, 0xbb,
    0x86, 0xdd, 0xde, 0x5, 0x3, 0xf5, 0x7f, 0xd5,
    0xff, 0xc4, 0x1, 0x23, 0xc0, 0x1, 0x40, 0x3f,
    0x59, 0xe6, 0x3c, 0x33, 0x33, 0x80, 0x53, 0x51,
    0xb, 0x8, 0x8c, 0xa0, 0x13, 0x22, 0x60, 0x44,
    0xc4, 0x6, 0x89, 0xe0, 0x44, 0xf7, 0xcc, 0xf4,
    0x4, 0xcf, 0xb3, 0x77, 0xb0, 0x37, 0x7c, 0x1,
    0xff, 0xc2,

    /* U+519C "农" */
    0x0, 0xfc, 0x40, 0x1f, 0xfc, 0x21, 0xd2, 0x0,
    0xfc, 0x45, 0xcc, 0x2, 0x45, 0xc0, 0x4, 0xdc,
    0xcd, 0x1, 0xb9, 0x96, 0xe0, 0x4, 0x3d, 0xd6,
    0x85, 0x77, 0x6b, 0x0, 0xfd, 0x1, 0x80, 0x1f,
    0x93, 0xc0, 0xc, 0xcb, 0x70, 0xc, 0xbe, 0x1,
    0x8, 0x2c, 0x7a, 0x1a, 0x80, 0x23, 0xc0, 0x3a,
    0x2a, 0x8, 0x2a, 0xa, 0xdb, 0x44, 0x0, 0xda,
    0xa0, 0x40, 0x7, 0x3d, 0x1f, 0x30, 0xb, 0x6b,
    0x44, 0x3, 0x58, 0x48, 0x80, 0x6b, 0x70, 0xf,
    0x2a, 0xb4, 0x80, 0x3f, 0xe3, 0xa, 0x5c, 0x30,
    0xf, 0xe, 0x57, 0x68, 0x85, 0xa6, 0x48, 0x80,
    0x4c, 0xa, 0x5b, 0xc2, 0x0, 0xaa, 0x3b, 0x80,
    0x27, 0xcd, 0x83, 0x0, 0xe5, 0xe6,

    /* U+51A0 "冠" */
    0xb, 0xff, 0xff, 0xe0, 0x48, 0x4, 0xfd, 0xdf,
    0xe5, 0x0, 0x8f, 0x44, 0x7f, 0x88, 0x9c, 0x0,
    0x88, 0x6e, 0xe7, 0x0, 0xdb, 0x6e, 0x1, 0x4c,
    0xf2, 0xa9, 0x9a, 0x1b, 0x60, 0x9, 0x13, 0x8a,
    0x62, 0x20, 0x78, 0x0, 0x19, 0xfd, 0x9d, 0xd0,
    0xe7, 0x1, 0x76, 0xe7, 0x6e, 0x72, 0x68, 0x7,
    0x8b, 0x6c, 0xf6, 0x57, 0x51, 0xe0, 0x3, 0xf3,
    0x80, 0x74, 0x10, 0x7, 0xda, 0x40, 0x1c, 0x54,
    0x2, 0x1, 0xcb, 0x80, 0x1e, 0xaf, 0x23, 0xe2,
    0x8, 0x5, 0x1, 0x61, 0x1a, 0xfb, 0x10, 0x48,
    0xdb, 0xc0, 0xe, 0x1d, 0xde, 0xa8, 0x3, 0xe2,
    0x0, 0xe, 0x7f, 0xfb, 0x9c, 0x0,

    /* U+51A4 "冤" */
    0xe, 0xff, 0xff, 0xe0, 0x18, 0x5, 0x7d, 0xc7,
    0xbe, 0xef, 0x0, 0x73, 0x8b, 0x38, 0x8, 0x80,
    0x46, 0x0, 0xda, 0x4b, 0x3, 0x5d, 0xd0, 0x80,
    0x2c, 0xc0, 0x6, 0xd5, 0x3d, 0xcf, 0x2a, 0x10,
    0x2, 0x0, 0xb, 0x20, 0x27, 0xfd, 0xc7, 0x5f,
    0xf2, 0x0, 0xd, 0x19, 0x9f, 0xee, 0xc, 0xff,
    0x84, 0x2, 0x18, 0x10, 0x8, 0xc0, 0xc0, 0x3f,
    0xcf, 0x76, 0xf0, 0xbb, 0xc2, 0x1, 0xd5, 0x4f,
    0xf0, 0x2a, 0x67, 0x72, 0xd4, 0x3, 0x12, 0x20,
    0x89, 0x62, 0x87, 0x6c, 0x20, 0x1e, 0x79, 0xa1,
    0x0, 0x34, 0x78, 0x78, 0x0, 0xdf, 0xaa, 0xd4,
    0x0, 0xa4, 0xfc, 0xa2, 0x9, 0x98, 0x8d, 0x40,
    0x3, 0x4e, 0xf6, 0x54, 0x82, 0x7d, 0xb0, 0x6,
    0x8f, 0xfe, 0x70,

    /* U+51AC "冬" */
    0x0, 0xf3, 0x90, 0x7, 0xff, 0x5, 0xe4, 0x80,
    0x3f, 0xf8, 0x9, 0x3, 0xff, 0xd0, 0x1, 0xe3,
    0xa5, 0xee, 0xd0, 0x14, 0x1, 0xc9, 0x8e, 0x88,
    0x11, 0x2c, 0x51, 0x0, 0x66, 0xba, 0x9c, 0xb7,
    0x8b, 0xb2, 0x80, 0x73, 0xe2, 0x81, 0x4c, 0x3c,
    0x20, 0x7, 0x84, 0xc1, 0xb6, 0x62, 0x13, 0xac,
    0x20, 0x19, 0xef, 0xee, 0xb9, 0xdd, 0xd5, 0x1d,
    0xb2, 0x21, 0xb9, 0xba, 0x4c, 0x73, 0x7, 0xed,
    0xa0, 0x10, 0xa7, 0x20, 0x39, 0xdc, 0xe8, 0x12,
    0x79, 0x0, 0xf9, 0x6b, 0xec, 0xcc, 0x1, 0xf1,
    0xfe, 0x41, 0x82, 0xd9, 0x0, 0x7c, 0x7d, 0x25,
    0xbf, 0x4a, 0x1, 0xfc, 0x2b, 0x5d, 0x67, 0x78,
    0x1, 0xff, 0xc0, 0x49, 0xed, 0x0, 0xc0,

    /* U+51AF "冯" */
    0x1, 0x0, 0xff, 0xe0, 0x9f, 0x10, 0x17, 0xff,
    0xe2, 0x3, 0x59, 0x2, 0xdd, 0xf5, 0x81, 0x80,
    0x2d, 0x10, 0x4, 0xa6, 0x45, 0x38, 0x8, 0x0,
    0x56, 0x0, 0x10, 0x60, 0x13, 0x88, 0x6, 0x88,
    0x0, 0x46, 0x1, 0x11, 0x0, 0x31, 0x20, 0x10,
    0x8, 0x5, 0xcc, 0x1, 0xf3, 0x1, 0x9f, 0x1,
    0x90, 0x0, 0x88, 0x2, 0x2d, 0xdc, 0xa9, 0x8a,
    0x0, 0xb9, 0x5, 0xee, 0xf8, 0xc4, 0x5, 0xbc,
    0x48, 0xbe, 0x2, 0x20, 0x31, 0x24, 0xee, 0xfc,
    0x42, 0xa1, 0x36, 0x11, 0xff, 0xf3, 0x0, 0xb0,
    0x30, 0x7, 0x84, 0x7, 0x94, 0x1b, 0xc0, 0x3e,
    0xff, 0x73, 0xc0, 0x0, 0x40, 0x3e, 0xef, 0xf6,
    0x90, 0x0,

    /* U+51B0 "冰" */
    0x0, 0xfe, 0xe4, 0x0, 0xe2, 0xd4, 0x0, 0xff,
    0xe0, 0x95, 0xda, 0x0, 0x3c, 0x20, 0x1e, 0x6d,
    0x2, 0x33, 0x84, 0x30, 0x1, 0x34, 0x1, 0x14,
    0x5e, 0x64, 0xe0, 0x80, 0xee, 0x80, 0xe, 0x9f,
    0xf0, 0xa8, 0x15, 0x4e, 0x10, 0x6, 0x10, 0x1,
    0x89, 0x82, 0xa7, 0x90, 0x6, 0x2e, 0x10, 0xa6,
    0x0, 0x79, 0x98, 0x3, 0xa1, 0x44, 0x4d, 0x40,
    0x1, 0xb9, 0x0, 0xc8, 0xb0, 0x14, 0xa6, 0x1,
    0x32, 0xb8, 0x5, 0x2e, 0x50, 0xb6, 0x1, 0xdb,
    0x14, 0x6, 0x10, 0x4d, 0xa2, 0x1, 0xc7, 0x68,
    0x66, 0xd0, 0x2e, 0x30, 0x34, 0x10, 0x9, 0x38,
    0xc0, 0x3e, 0xdb, 0x45, 0x0, 0xff, 0xe0, 0x77,
    0xd8, 0x80, 0x70,

    /* U+51B2 "冲" */
    0x0, 0xfe, 0xe4, 0x0, 0xc3, 0xcc, 0x1, 0xff,
    0xc0, 0x1b, 0x98, 0x3, 0x3c, 0x26, 0x7c, 0xb,
    0x6a, 0x1d, 0x99, 0x4, 0x66, 0x5a, 0x0, 0x4d,
    0x0, 0x57, 0xf8, 0x6f, 0xfd, 0x60, 0x1f, 0xfd,
    0x6c, 0x10, 0xd3, 0x30, 0x99, 0xe0, 0xa, 0x4,
    0x40, 0xf9, 0x80, 0x8c, 0xc4, 0x0, 0x9, 0xe4,
    0x1, 0x5f, 0xe1, 0xbf, 0xf5, 0x98, 0x4a, 0x20,
    0x35, 0x40, 0x3c, 0x9a, 0xa9, 0x20, 0x1f, 0xfc,
    0x4, 0xa2, 0x0, 0xff, 0xe0, 0xa, 0x80, 0x7f,
    0xf0, 0x40,

    /* U+51B3 "决" */
    0x6, 0x10, 0xf, 0x79, 0x80, 0x7b, 0x34, 0x3,
    0xff, 0x85, 0x41, 0x40, 0x9f, 0xf0, 0x67, 0xfb,
    0x0, 0x36, 0xb0, 0xa6, 0xeb, 0x2, 0xb6, 0x0,
    0x38, 0x70, 0x40, 0x8a, 0x6, 0x22, 0x0, 0x7f,
    0xf0, 0x44, 0x3, 0xff, 0x82, 0x60, 0x11, 0x80,
    0x78, 0xc7, 0xfe, 0xd0, 0xdf, 0x93, 0xf6, 0x0,
    0xe, 0x1f, 0x74, 0xe2, 0x1b, 0xdd, 0x30, 0x2,
    0x50, 0x84, 0x65, 0x93, 0x51, 0x18, 0x0, 0x2f,
    0xe0, 0x13, 0x1b, 0x4c, 0x84, 0x3, 0x41, 0xa0,
    0x1, 0x26, 0xc5, 0x55, 0xa2, 0x0, 0x26, 0xf0,
    0x4, 0x5c, 0x28, 0x2, 0x83, 0x10, 0xa, 0xcc,
    0x2d, 0xad, 0xc0, 0x21, 0xc4, 0xb3, 0x4, 0x0,
    0x57, 0x20, 0x7, 0xa7, 0x8c,

    /* U+51B5 "况" */
    0x6, 0x50, 0x0, 0xff, 0xfe, 0x40, 0x1, 0xd3,
    0x80, 0x5b, 0xbe, 0x10, 0x9, 0x6e, 0x14, 0x0,
    0x45, 0xe0, 0xe, 0x48, 0x10, 0xf, 0xfe, 0x13,
    0xa0, 0x7, 0xff, 0x18, 0xcf, 0xc2, 0x1, 0xc6,
    0x20, 0xc, 0xcf, 0x0, 0x7b, 0x9c, 0x7e, 0x8b,
    0xf4, 0x3f, 0xc8, 0x1, 0x31, 0xb0, 0x0, 0xd8,
    0x3, 0xf0, 0xc5, 0x80, 0x58, 0x40, 0x1f, 0xac,
    0x94, 0x2, 0x4d, 0x0, 0xe4, 0x12, 0x5e, 0x0,
    0xa0, 0xd0, 0x3, 0xb9, 0xb, 0x88, 0x6, 0x5f,
    0x80, 0x31, 0xb, 0x88, 0x8, 0x3, 0x4b, 0x4c,
    0x0, 0x44, 0xde, 0x4, 0x0, 0xd9, 0x64, 0x1,
    0xb7, 0xfd, 0xa0,

    /* U+51B6 "冶" */
    0x0, 0xfc, 0x28, 0x1, 0xf5, 0x10, 0x7, 0x5c,
    0x0, 0x7c, 0x58, 0x40, 0x11, 0xaf, 0x81, 0x0,
    0x74, 0x27, 0x0, 0x50, 0xa6, 0x18, 0xe0, 0x1d,
    0x4e, 0x20, 0xcb, 0x60, 0xd, 0x85, 0x0, 0xeb,
    0x12, 0x9a, 0x10, 0x11, 0x35, 0x10, 0x7, 0xb0,
    0x2f, 0xfd, 0xda, 0xe3, 0x20, 0x1e, 0x8a, 0xcd,
    0xef, 0xf7, 0x78, 0x80, 0x62, 0x6, 0x71, 0x3,
    0x22, 0x8e, 0x80, 0x37, 0xa8, 0xee, 0xfd, 0x80,
    0x19, 0x4d, 0x40, 0x1f, 0xfd, 0x60, 0x1d, 0x12,
    0x1, 0xff, 0xc1, 0x63, 0x70, 0xf, 0xfe, 0x0,
    0xc4, 0x0, 0x31, 0x8, 0xe2, 0x0, 0xca, 0xc0,
    0x1b, 0x7b, 0xb4, 0x80, 0x40,

    /* U+51B7 "冷" */
    0x0, 0xfe, 0x41, 0x0, 0xf4, 0x88, 0x7, 0x15,
    0xc8, 0x7, 0x8a, 0x80, 0x3b, 0x8d, 0x88, 0x3,
    0xa9, 0x14, 0x2, 0x91, 0xd8, 0xf1, 0x0, 0xc2,
    0xf2, 0x0, 0xa7, 0xf1, 0x64, 0xc1, 0x0, 0xd1,
    0x83, 0xa9, 0xa3, 0x61, 0x2f, 0xe8, 0x1, 0xda,
    0x3e, 0x66, 0xb, 0xa, 0x9a, 0x10, 0xd, 0xb8,
    0x20, 0xa, 0x80, 0x3, 0xf0, 0x80, 0x5, 0x5,
    0x3f, 0xee, 0xcf, 0xf5, 0x80, 0x66, 0x90, 0x4d,
    0xde, 0xb0, 0xf0, 0xd, 0x54, 0x0, 0x11, 0x74,
    0xb2, 0x0, 0x48, 0x4c, 0x1, 0x41, 0x6, 0x34,
    0x80, 0x6f, 0x51, 0x0, 0xbb, 0x74, 0x16, 0x1,
    0x8d, 0x24, 0x3, 0x36, 0x83, 0x88, 0x6, 0x3b,
    0x30, 0xe, 0x2d, 0xd, 0x0, 0xe4, 0x0, 0xfd,
    0x7a, 0x1, 0x80,

    /* U+51BB "冻" */
    0x0, 0xfc, 0x80, 0x1f, 0x98, 0x3, 0x86, 0xcc,
    0x3, 0xeb, 0x80, 0x12, 0x23, 0x0, 0x91, 0x70,
    0x3, 0x9c, 0xdb, 0x75, 0x1, 0xbb, 0xe1, 0x3,
    0x7f, 0x7f, 0xe0, 0xcf, 0xff, 0x8, 0x2, 0x38,
    0x0, 0xe4, 0x6b, 0x80, 0x1f, 0x88, 0x1, 0x76,
    0x0, 0xff, 0xe0, 0xb1, 0x29, 0x10, 0x48, 0xa1,
    0x0, 0xf6, 0x6, 0xe4, 0x16, 0x64, 0xe0, 0x11,
    0xe8, 0x57, 0xf7, 0x28, 0xfb, 0xa6, 0x0, 0xa1,
    0x40, 0x12, 0xc0, 0x1a, 0x8c, 0x2, 0x34, 0x90,
    0x36, 0x40, 0xd, 0x9a, 0x1, 0x7b, 0x8, 0x73,
    0x10, 0x6, 0x62, 0x90, 0x33, 0x40, 0x38, 0xc8,
    0x96, 0x80, 0x5e, 0xe2, 0x7c, 0x20, 0xf8, 0xf,
    0xad, 0x60, 0x3, 0xe1,

    /* U+51C0 "净" */
    0x0, 0xf8, 0xc8, 0x3, 0xe2, 0x80, 0xc, 0x38,
    0x80, 0x1f, 0x1b, 0x30, 0x2, 0x80, 0x9f, 0xf8,
    0x40, 0x21, 0xb9, 0x10, 0x46, 0xcf, 0xf3, 0x28,
    0x80, 0x65, 0x3b, 0x3b, 0x52, 0x13, 0x6e, 0x11,
    0x0, 0x6e, 0x8f, 0x25, 0xee, 0x60, 0x5f, 0x60,
    0x6, 0x22, 0x66, 0xff, 0xb8, 0x3f, 0xd6, 0x1,
    0xf2, 0x2a, 0xce, 0xa, 0xac, 0x35, 0x0, 0xed,
    0x99, 0xa8, 0x26, 0x4a, 0x32, 0x20, 0x4, 0xd9,
    0xcc, 0xb4, 0x33, 0x12, 0x58, 0x20, 0x8, 0x50,
    0xaf, 0xf7, 0x7, 0xfa, 0xc0, 0x31, 0x9a, 0x42,
    0xf7, 0x58, 0x1b, 0xaa, 0x0, 0xde, 0xc2, 0x2,
    0x45, 0x1, 0x11, 0x70, 0x0, 0x66, 0xb0, 0x8,
    0x44, 0xa0, 0x18, 0x40, 0x7, 0xc4, 0x1, 0x2f,
    0x5a, 0x80, 0x7c, 0x20, 0x19, 0x3f, 0xd4, 0x1,
    0xe0,

    /* U+51C4 "凄" */
    0x6, 0x0, 0xf3, 0x60, 0x7, 0xd0, 0x83, 0xdd,
    0xa4, 0xfb, 0xb8, 0x1, 0x72, 0x3d, 0xda, 0x8f,
    0xbb, 0x80, 0xa, 0xa, 0x5d, 0xd5, 0x1f, 0x73,
    0xf4, 0x3, 0x72, 0x97, 0x75, 0x47, 0xdc, 0xa0,
    0xe, 0x34, 0xdd, 0xd6, 0x7b, 0xab, 0x2f, 0x40,
    0x9, 0x37, 0x75, 0x9e, 0xea, 0xcb, 0xd0, 0x0,
    0x20, 0x5d, 0xd5, 0x1f, 0x72, 0xc4, 0x3, 0x52,
    0x97, 0x72, 0x87, 0xbb, 0x60, 0x4, 0x28, 0x8f,
    0xfa, 0xc7, 0xbf, 0xf9, 0x1, 0xd0, 0x7f, 0xc6,
    0xdf, 0xea, 0x1e, 0xff, 0x20, 0x57, 0x0, 0xd,
    0xdd, 0x71, 0x54, 0x10, 0x8, 0xcc, 0xa0, 0x3,
    0x89, 0x54, 0x2a, 0x82, 0x0, 0x1e, 0x1, 0x77,
    0xfd, 0x98, 0xdd, 0xe, 0xa8, 0x0, 0xc0, 0xb3,
    0xf2, 0x8, 0x0, 0x73, 0xea, 0x0,

    /* U+51C6 "准" */
    0x0, 0xf9, 0x80, 0x54, 0x3, 0xd8, 0x40, 0x12,
    0xd8, 0x1d, 0x18, 0x7, 0x37, 0x0, 0x5d, 0x40,
    0x4b, 0x40, 0x1d, 0x66, 0xc0, 0x49, 0x59, 0x87,
    0x5c, 0xc8, 0x0, 0x2f, 0x61, 0x61, 0x31, 0x3,
    0xb8, 0x88, 0x2, 0x9c, 0x36, 0x4, 0x48, 0xcc,
    0x89, 0x0, 0x42, 0x1a, 0xc0, 0x45, 0x19, 0x14,
    0x20, 0x19, 0x16, 0xc3, 0x32, 0x18, 0xcc, 0x48,
    0x6, 0x4b, 0x0, 0x77, 0x45, 0x5d, 0xc8, 0x0,
    0x87, 0x84, 0x0, 0x23, 0x18, 0x8c, 0x1, 0xa4,
    0xc4, 0x1, 0xdd, 0xd, 0x77, 0x24, 0x2, 0x79,
    0x0, 0xbf, 0xe2, 0xbf, 0xf4, 0x80, 0x20, 0x54,
    0x3, 0xff, 0x80, 0x2f, 0x0, 0x1b, 0xfe, 0x2b,
    0xff, 0x90, 0x71, 0x80, 0x37, 0x77, 0xe4,

    /* U+51C9 "凉" */
    0x0, 0xfe, 0x91, 0x0, 0xf6, 0x18, 0x7, 0x91,
    0x80, 0x3c, 0x9c, 0x3, 0x99, 0x8e, 0x33, 0x2b,
    0x0, 0x49, 0xa8, 0xcc, 0xeb, 0xa9, 0x9b, 0xc0,
    0x2, 0xd0, 0xa, 0x89, 0xfc, 0x1, 0x52, 0x0,
    0xf7, 0x7d, 0x80, 0x18, 0xa4, 0x2, 0xff, 0xea,
    0x0, 0xff, 0xe5, 0x48, 0x80, 0x3f, 0xfa, 0x80,
    0x39, 0x5c, 0x45, 0xdd, 0x23, 0x77, 0x30, 0x3,
    0x73, 0x0, 0x31, 0x44, 0x4, 0x54, 0x80, 0x11,
    0xa5, 0x3, 0x2, 0x0, 0x6f, 0xb1, 0x0, 0x4a,
    0x11, 0x26, 0x0, 0x39, 0x16, 0x0, 0x56, 0x2,
    0x95, 0x42, 0x27, 0x0, 0xa0, 0x80, 0x78, 0xc2,
    0x28, 0x2f, 0x8a, 0xc0, 0x7, 0x60,

    /* U+51CB "凋" */
    0x6, 0x0, 0xb7, 0xff, 0xf6, 0x85, 0x68, 0x80,
    0x2b, 0xb9, 0x1b, 0xdc, 0xa0, 0x6, 0x36, 0x8,
    0x8, 0xd4, 0x2, 0x30, 0x5, 0x68, 0x20, 0xd,
    0xe2, 0xce, 0x40, 0xe, 0x90, 0xb, 0x78, 0xb3,
    0x90, 0x3, 0xf1, 0x55, 0xa, 0x6a, 0x0, 0x39,
    0x40, 0x5, 0x32, 0xc8, 0x9a, 0x0, 0xc5, 0x44,
    0x6e, 0x45, 0xe0, 0xd, 0x8, 0x42, 0x5b, 0x9b,
    0xae, 0x30, 0x8, 0xd6, 0x8, 0x4, 0x3f, 0x30,
    0x80, 0x1b, 0xd4, 0xd5, 0x0, 0x13, 0x54, 0x50,
    0x9, 0xe, 0xc2, 0xf4, 0x1, 0xd3, 0x2d, 0x30,
    0x2, 0x60, 0xb1, 0x30, 0x22, 0xc, 0xc2, 0x23,
    0x0, 0x18, 0x7d, 0x0, 0x20, 0x40, 0x1d, 0xc9,
    0xa0, 0xa, 0x50, 0x3, 0xd9, 0xfc, 0xe0,

    /* U+51CC "凌" */
    0x7, 0x0, 0xfa, 0xdc, 0x3, 0xd7, 0x20, 0x5,
    0xff, 0x92, 0x3f, 0xe0, 0xb, 0x98, 0xc1, 0x7f,
    0xe4, 0x8f, 0xf8, 0x2, 0x26, 0xf1, 0x44, 0xcf,
    0xc8, 0x98, 0x2, 0xb9, 0x58, 0x8c, 0xb, 0x11,
    0x80, 0x22, 0x54, 0xcd, 0x79, 0xcc, 0x3d, 0xe6,
    0x0, 0x3c, 0xff, 0xac, 0x41, 0x5d, 0xc5, 0x0,
    0x85, 0x7, 0xb1, 0x35, 0x0, 0x67, 0x4c, 0x2,
    0x78, 0x19, 0x3f, 0x18, 0xee, 0x7a, 0x30, 0x5,
    0x74, 0xb, 0xe5, 0x5d, 0xcb, 0x6, 0x0, 0x90,
    0x99, 0x6a, 0xed, 0x4a, 0x97, 0x42, 0x1, 0x7b,
    0x2, 0xf2, 0xa4, 0xd5, 0xd9, 0x40, 0x23, 0x4b,
    0x0, 0x96, 0xa5, 0x4e, 0xe0, 0xc0, 0x7, 0x64,
    0x19, 0xd3, 0xbd, 0x59, 0xa5, 0xbe, 0x40, 0x80,
    0xd, 0xfc, 0x71, 0x0, 0x1d, 0x76, 0x90,

    /* U+51CF "减" */
    0x0, 0xff, 0xe2, 0xa8, 0x7, 0xf7, 0x9e, 0x10,
    0x3, 0xe0, 0x3, 0xf8, 0xbe, 0x0, 0x16, 0xc6,
    0x5f, 0xfe, 0xe, 0xc5, 0x50, 0xc, 0xc8, 0x7,
    0xbb, 0x8a, 0xfb, 0x8a, 0x0, 0x7a, 0x0, 0x2d,
    0x55, 0x22, 0xe3, 0x20, 0x1f, 0x2c, 0x45, 0x6c,
    0xc4, 0x50, 0xf, 0x84, 0xcf, 0xda, 0xa0, 0x18,
    0x44, 0x66, 0xfe, 0xe5, 0xf7, 0x1e, 0xc0, 0x25,
    0xa6, 0x60, 0x1f, 0x60, 0x12, 0x91, 0x80, 0x53,
    0xc6, 0x20, 0x1c, 0xc5, 0x0, 0x11, 0x92, 0xf9,
    0x1, 0xf6, 0x82, 0x2, 0x91, 0x84, 0x30, 0x26,
    0x1, 0xf7, 0xec, 0x93, 0xb5, 0x8a, 0xca, 0x1a,
    0x17, 0x84, 0xde, 0x5d, 0xbf, 0x47, 0x84, 0xe0,
    0x4, 0xc8, 0xf0, 0x99, 0xd9, 0x40, 0x27, 0x60,
    0x8, 0xa8, 0x40, 0x15, 0xa0,

    /* U+51D1 "凑" */
    0x0, 0xfe, 0x61, 0x0, 0xe1, 0x90, 0xf, 0xc,
    0x80, 0x78, 0x56, 0x80, 0x7f, 0xee, 0xe, 0xff,
    0xa4, 0x1, 0xca, 0xa1, 0xff, 0x9d, 0x7f, 0xf4,
    0x80, 0xa, 0x24, 0x27, 0x74, 0xeb, 0xbb, 0x88,
    0x2, 0x7c, 0x9, 0xd8, 0x1f, 0xdd, 0xc4, 0x1,
    0xd3, 0xba, 0xa1, 0xdd, 0xf0, 0x80, 0x68, 0xf1,
    0x3d, 0xff, 0x3, 0x7f, 0x84, 0x3, 0xd, 0x14,
    0xb3, 0x54, 0x90, 0x60, 0x12, 0xec, 0xb6, 0x63,
    0xee, 0x33, 0xd, 0xe6, 0x0, 0xe4, 0xbf, 0x29,
    0x90, 0x6d, 0x9e, 0x69, 0x81, 0x25, 0x12, 0x77,
    0x34, 0x3f, 0xba, 0x20, 0x5, 0x91, 0x82, 0xf5,
    0x85, 0xbd, 0x77, 0x4, 0x5, 0xac, 0x2, 0x7a,
    0xa2, 0x74, 0xea, 0x80, 0x6, 0x98, 0x13, 0xf3,
    0x54, 0x1f, 0x62, 0x20, 0x2, 0x80, 0x13, 0xac,
    0x80, 0x32, 0xec, 0x0,

    /* U+51DB "凛" */
    0x0, 0xfc, 0x4a, 0x1, 0xff, 0xc2, 0x1a, 0x10,
    0xf, 0x6a, 0x84, 0x77, 0x5a, 0x3f, 0xdd, 0x68,
    0x2, 0x69, 0x23, 0x6a, 0xbf, 0x68, 0x1, 0x2e,
    0xc3, 0x1a, 0x45, 0xeb, 0x10, 0x9, 0x34, 0x43,
    0x7, 0x7f, 0xd4, 0xc0, 0x1e, 0x20, 0xb, 0xc0,
    0x46, 0x0, 0xff, 0x1d, 0x45, 0xdb, 0x84, 0x3,
    0xda, 0x79, 0xf7, 0x55, 0xa1, 0x80, 0x33, 0x81,
    0xa1, 0x9f, 0xdc, 0x20, 0x2, 0x89, 0x2, 0x88,
    0xf9, 0x40, 0x2e, 0x64, 0xaf, 0xdd, 0x66, 0xeb,
    0x32, 0xe1, 0x31, 0x90, 0xad, 0x1b, 0xe2, 0xbc,
    0x5d, 0xe1, 0x3d, 0x0, 0x3e, 0xda, 0x1, 0x81,
    0x76, 0xb0, 0x7, 0xb1, 0x6f, 0xcd, 0x41, 0x70,
    0x40,

    /* U+51DD "凝" */
    0x0, 0xff, 0xe2, 0x90, 0x1, 0xa8, 0x19, 0xdd,
    0xff, 0xc2, 0x19, 0x20, 0x4, 0xed, 0x37, 0xff,
    0x8d, 0xc4, 0x31, 0xe4, 0x57, 0xad, 0xc6, 0xe2,
    0x5e, 0x0, 0x5, 0xa0, 0x2e, 0x66, 0x84, 0xa2,
    0x6f, 0x0, 0xc7, 0x28, 0x3f, 0xe2, 0x41, 0xaa,
    0x40, 0x7, 0x8c, 0xb7, 0x26, 0x59, 0x89, 0x1d,
    0x50, 0xc, 0xc1, 0xdf, 0xe9, 0xde, 0x2c, 0x16,
    0x0, 0x1a, 0x4e, 0xa5, 0xf9, 0xc9, 0x80, 0xa9,
    0x80, 0x27, 0x74, 0x4e, 0x20, 0xe6, 0x2, 0x74,
    0x0, 0x15, 0xbd, 0xf3, 0xaf, 0xf0, 0x80, 0x3f,
    0xc6, 0x12, 0x85, 0xdc, 0x9, 0xfd, 0x40, 0x1c,
    0xc1, 0x8b, 0xf8, 0x1, 0x8e, 0x17, 0x1, 0x80,
    0x31, 0xb2, 0x1, 0xcf, 0x67, 0xae, 0x48, 0x90,
    0x81, 0x48, 0x16, 0xd1, 0x15, 0x25, 0xa9, 0xbc,
    0xe0, 0x11, 0x7a, 0x0, 0x21, 0xc0, 0xef, 0xfc,
    0xe0,

    /* U+51E0 "几" */
    0x0, 0xdd, 0xff, 0xed, 0x0, 0xfe, 0x8d, 0xdc,
    0xe0, 0x1f, 0xe3, 0x22, 0xdc, 0x1, 0xff, 0xdd,
    0x10, 0xf, 0xfe, 0x23, 0x80, 0x7f, 0xf0, 0x44,
    0x4, 0x3, 0xff, 0x82, 0xa0, 0x40, 0x1f, 0xfc,
    0x1c, 0x30, 0xf, 0xe2, 0x0, 0xcd, 0x40, 0x1f,
    0xdc, 0xa0, 0x7, 0x6, 0x0, 0xfe, 0x10, 0x2,
    0xc5, 0x80, 0x78, 0xcf, 0x13, 0x8d, 0x42, 0x80,
    0x79, 0x3, 0x30, 0x84, 0x3a, 0xe0, 0x1f, 0xf,
    0x7f, 0xac, 0x0,

    /* U+51E1 "凡" */
    0x0, 0x8f, 0xff, 0xee, 0x0, 0xfe, 0xcc, 0xe8,
    0x0, 0xff, 0x19, 0xf8, 0x3, 0xff, 0x9c, 0x54,
    0x1, 0xff, 0xc0, 0x70, 0x27, 0xb0, 0xf, 0xfe,
    0x0, 0x86, 0x35, 0x0, 0x7f, 0x88, 0xc0, 0x7d,
    0x60, 0x3, 0xfb, 0xdc, 0x0, 0x57, 0x80, 0x1f,
    0xc9, 0xa0, 0x12, 0x20, 0x3, 0x10, 0x4, 0x84,
    0xc0, 0x1f, 0xdc, 0xa0, 0xf, 0x51, 0x0, 0xff,
    0xe0, 0x3a, 0x40, 0x7, 0xc2, 0x44, 0x37, 0x38,
    0xb2, 0x0, 0xf2, 0x16, 0xe9, 0x8, 0xf1, 0x0,
    0x3f, 0x6f, 0xfa, 0xc0,

    /* U+51E4 "凤" */
    0x0, 0x67, 0xff, 0xf9, 0x0, 0x3a, 0x3b, 0xbf,
    0x8, 0x7, 0x88, 0x47, 0xf0, 0x7, 0xe2, 0x44,
    0xe3, 0x0, 0xf8, 0x41, 0x26, 0x75, 0x78, 0x7,
    0xf3, 0x6e, 0xe5, 0xb0, 0x30, 0xe, 0x31, 0x2a,
    0x10, 0x34, 0x50, 0xf, 0x85, 0xc8, 0xfc, 0xa5,
    0x48, 0x0, 0x20, 0x10, 0x81, 0x4, 0xcb, 0x56,
    0x0, 0x2, 0x1, 0x94, 0x4, 0x0, 0xa2, 0xe,
    0x0, 0x73, 0x0, 0x8d, 0x0, 0x5, 0x8d, 0x54,
    0x40, 0x21, 0x30, 0x5, 0xe0, 0x46, 0xcc, 0x2c,
    0xd0, 0x77, 0x20, 0xc, 0xca, 0x69, 0x8e, 0x0,
    0x6c, 0x4, 0x77, 0x2, 0xa1, 0x1e, 0x18, 0x6,
    0x20, 0x35, 0x50, 0x35, 0x80, 0x7f, 0xd7, 0x20,

    /* U+51ED "凭" */
    0x0, 0xc4, 0x1, 0xff, 0xc2, 0x3d, 0x32, 0x35,
    0x68, 0xbe, 0xe0, 0x80, 0x6e, 0x87, 0xe8, 0xfb,
    0x4f, 0xce, 0x10, 0xa, 0xc9, 0xd3, 0x2e, 0x91,
    0x50, 0x80, 0x22, 0xd5, 0x12, 0xff, 0xcc, 0xcf,
    0xfc, 0x60, 0x94, 0x5, 0xdd, 0x99, 0x7b, 0xb1,
    0x94, 0xb8, 0x0, 0x47, 0x1, 0x88, 0xe0, 0xf,
    0x3f, 0xfc, 0xcc, 0xff, 0xb8, 0x2, 0x29, 0x7,
    0xff, 0xfd, 0xc0, 0x10, 0xbd, 0x66, 0x7a, 0x40,
    0x3f, 0x33, 0x22, 0x32, 0x90, 0x7, 0xe2, 0xc4,
    0x4d, 0xc0, 0x1f, 0x98, 0x5c, 0x3, 0xf4, 0x38,
    0xc, 0x4d, 0x8, 0x7, 0x38, 0x88, 0xc0, 0x78,
    0xf1, 0x40, 0x39, 0xb, 0xb8, 0xaa, 0x1e, 0xb3,
    0x0, 0xf1, 0xf7, 0xfb, 0x88,

    /* U+51EF "凯" */
    0xd2, 0x1e, 0x5, 0x80, 0xff, 0xc2, 0x1, 0xff,
    0x77, 0x80, 0x7f, 0xf0, 0x44, 0x3, 0xdb, 0xc3,
    0xd4, 0x1, 0xfd, 0xbf, 0xf7, 0x7c, 0x8, 0x7,
    0xc4, 0x67, 0xc0, 0x1f, 0xdd, 0xdd, 0x84, 0x60,
    0x1f, 0x66, 0xee, 0x10, 0x11, 0x0, 0x78, 0x91,
    0x30, 0x83, 0x98, 0x7, 0xae, 0xa6, 0x62, 0x2,
    0x70, 0xf, 0xa3, 0x77, 0x16, 0x68, 0x7, 0xf8,
    0xd8, 0x11, 0x40, 0x34, 0x9, 0x56, 0xff, 0xb9,
    0x8c, 0x80, 0x23, 0x43, 0x24, 0x9f, 0xc8, 0xa9,
    0x0, 0x97, 0x4, 0xa6, 0x10, 0x2, 0xd4, 0x0,
    0xab, 0xb4, 0x0,

    /* U+51F0 "凰" */
    0x0, 0x67, 0xff, 0xf9, 0x80, 0x3a, 0xbf, 0xdc,
    0x79, 0xff, 0x20, 0x7, 0x84, 0x0, 0x46, 0x60,
    0xf, 0xfb, 0x75, 0xc5, 0xba, 0xf0, 0xf, 0x84,
    0x1, 0x53, 0x34, 0x0, 0x7f, 0xde, 0x45, 0x80,
    0x3f, 0x9c, 0x13, 0x33, 0x0, 0x4, 0x40, 0x18,
    0x87, 0xfa, 0x22, 0x9d, 0x0, 0xfc, 0xf9, 0x9f,
    0x49, 0x80, 0x63, 0x15, 0xee, 0x87, 0x3b, 0x92,
    0x3e, 0x1, 0x2a, 0x6, 0x6e, 0x83, 0xf7, 0x43,
    0xe2, 0x80, 0xc, 0xc0, 0x66, 0xe0, 0x76, 0xe8,
    0x48, 0x9e, 0x0, 0x47, 0x0, 0x84, 0x4, 0x2,
    0x45, 0x70, 0x67, 0x1f, 0xfc, 0x1b, 0xff, 0x32,
    0x30, 0x34, 0x87, 0xff, 0xf3, 0xd5, 0x0,

    /* U+51F3 "凳" */
    0x0, 0xfc, 0x66, 0x1, 0x40, 0xc, 0x9d, 0xdb,
    0xd0, 0x39, 0x30, 0x80, 0x32, 0x36, 0x72, 0xb2,
    0x1d, 0xdb, 0x9e, 0xd4, 0x2, 0xbf, 0xc5, 0x17,
    0x77, 0x17, 0x67, 0x28, 0x0, 0x6c, 0xef, 0x34,
    0x89, 0xbd, 0x5, 0xe6, 0x5, 0xc5, 0x17, 0xd3,
    0x3b, 0xe6, 0xb, 0x48, 0x9d, 0x44, 0x19, 0x9e,
    0x60, 0x8e, 0x20, 0x10, 0x1, 0x6e, 0x66, 0xd7,
    0x10, 0xf, 0x26, 0x9e, 0x66, 0x39, 0x60, 0xd,
    0x57, 0x68, 0x1d, 0xbb, 0x60, 0xfd, 0xda, 0x80,
    0x11, 0x1b, 0x3a, 0x21, 0xf9, 0x11, 0x80, 0x4,
    0x66, 0x8c, 0xdd, 0xd9, 0x46, 0x62, 0x0, 0xe6,
    0x9e, 0xec, 0xc0, 0x12, 0x88, 0x0, 0xa8, 0x1c,
    0x3, 0x8c, 0x1, 0x2a, 0x3d, 0x87, 0x82, 0x1,
    0xb1, 0x7f, 0xc2, 0x83, 0x9d, 0x22, 0x1, 0xcb,
    0xff, 0x68, 0x0,

    /* U+51F6 "凶" */
    0x0, 0xff, 0x20, 0x80, 0x62, 0x70, 0xe, 0x1b,
    0x50, 0x0, 0xa0, 0x54, 0x80, 0x68, 0x54, 0x14,
    0x44, 0x96, 0x25, 0x0, 0xd, 0xec, 0x16, 0x80,
    0x21, 0xc6, 0xb1, 0xe9, 0x10, 0xf, 0x87, 0x1f,
    0xc1, 0xc0, 0x3f, 0xd6, 0x22, 0x0, 0xff, 0x34,
    0x50, 0xd8, 0x7, 0xe6, 0x9a, 0x5f, 0x59, 0x0,
    0xf5, 0x4d, 0x28, 0x16, 0xb3, 0x0, 0x34, 0xbe,
    0xa8, 0x4, 0x72, 0xa0, 0x1a, 0x74, 0x80, 0x39,
    0x8c, 0x2, 0x2e, 0xef, 0xf5, 0x2, 0x66, 0xef,
    0xfa, 0x40,

    /* U+51F8 "凸" */
    0x0, 0xdf, 0xfe, 0x40, 0xf, 0xd7, 0xbb, 0x8,
    0x7, 0xf3, 0x11, 0x40, 0x1f, 0xfd, 0x51, 0x44,
    0x80, 0x3c, 0x68, 0x83, 0x2b, 0x99, 0x11, 0x80,
    0x45, 0x53, 0x5c, 0x3, 0xbb, 0x8, 0x5, 0x9b,
    0xab, 0x0, 0xff, 0xf0, 0x91, 0x7f, 0xc0, 0x1,
    0xdd, 0xff, 0x40, 0x0, 0x7f, 0xff, 0xd4, 0x0,

    /* U+51F9 "凹" */
    0x3f, 0xfd, 0xc0, 0xc, 0xff, 0xca, 0x3, 0xba,
    0x90, 0xd, 0x3b, 0xa1, 0x0, 0x88, 0xa0, 0xc,
    0x64, 0x43, 0x0, 0xff, 0xeb, 0x9, 0x98, 0x40,
    0x3f, 0x9c, 0x77, 0x46, 0x20, 0x1f, 0x8f, 0xbb,
    0x20, 0x7, 0xff, 0x54, 0x4c, 0xff, 0xe0, 0xb,
    0x77, 0xfc, 0x20, 0x1, 0xee, 0xff, 0x10, 0x0,

    /* U+51FA "出" */
    0x1, 0x10, 0x5, 0xcc, 0x1, 0x9, 0x80, 0x22,
    0x0, 0x1f, 0x9f, 0x40, 0x3f, 0xfc, 0x2d, 0xbb,
    0xc, 0x6e, 0xd0, 0x1, 0x55, 0xcc, 0xc2, 0xf3,
    0x35, 0x50, 0xe, 0x11, 0x30, 0x7a, 0x26, 0xc5,
    0x64, 0x0, 0xff, 0x1e, 0x80, 0x7f, 0xf8, 0x3f,
    0xf0, 0xcf, 0xfe, 0x40, 0x4c, 0xcf, 0xf8, 0xc0,

    /* U+51FB "击" */
    0x0, 0xf4, 0xd0, 0x7, 0xff, 0x26, 0xff, 0xf3,
    0x2f, 0xfe, 0xd0, 0x4, 0xe6, 0x65, 0x4c, 0xcd,
    0xc0, 0x2, 0x33, 0xe1, 0x33, 0xe0, 0x33, 0xf9,
    0x8c, 0xfd, 0xb9, 0x9c, 0xa7, 0x99, 0xee, 0xff,
    0xe6, 0x5f, 0xff, 0x4, 0xd0, 0x7, 0xe9, 0x90,
    0x7, 0xff, 0x85, 0x7f, 0xe6, 0x5f, 0xf9, 0x80,
    0x2b, 0xcc, 0xfe, 0x40, 0x0,

    /* U+51FD "函" */
    0x0, 0xff, 0xe1, 0xa7, 0xff, 0xf1, 0x80, 0x49,
    0xdd, 0xda, 0xc1, 0x26, 0x0, 0x10, 0x11, 0xcb,
    0xeb, 0xac, 0x4, 0x18, 0xa6, 0x1, 0x55, 0x30,
    0x98, 0x71, 0x0, 0x17, 0x80, 0x11, 0x83, 0xd0,
    0x80, 0x68, 0x6b, 0x0, 0xa, 0x56, 0x80, 0x7a,
    0xbc, 0xc6, 0xa9, 0xe2, 0x1, 0xf6, 0xf0, 0x38,
    0x20, 0x7, 0x93, 0x43, 0x47, 0x31, 0xe, 0x1,
    0x8a, 0xa2, 0x40, 0x22, 0xc9, 0x30, 0x8, 0xb9,
    0x62, 0xc5, 0x80, 0xb0, 0xc0, 0x3d, 0x7d, 0x84,
    0x0, 0x20, 0xd, 0x5d, 0xcd, 0xbd, 0xee, 0xe1,
    0xf, 0xcd, 0xdf, 0xf0, 0x0,

    /* U+51FF "凿" */
    0x0, 0x29, 0x83, 0x50, 0x3, 0xc4, 0x18, 0x80,
    0x30, 0xe8, 0x80, 0x79, 0x6c, 0xc0, 0x32, 0x49,
    0x80, 0x7b, 0x7c, 0x40, 0x11, 0xfe, 0x8d, 0x95,
    0xff, 0x7, 0x3e, 0xff, 0x86, 0x72, 0xb2, 0x97,
    0x32, 0x97, 0xcb, 0xac, 0x11, 0x5, 0x1a, 0xbb,
    0x8c, 0xd5, 0xa6, 0x30, 0x60, 0x1e, 0x82, 0x7,
    0x72, 0x80, 0x7e, 0x5d, 0x8b, 0xf9, 0x6d, 0xc0,
    0xf, 0x97, 0x76, 0x3b, 0xdd, 0x60, 0x7, 0xc7,
    0xdd, 0x1d, 0xf7, 0x24, 0x3, 0xe3, 0xee, 0x8e,
    0xfb, 0x92, 0x1, 0xff, 0x5b, 0x0, 0x7f, 0xbf,
    0xf4, 0x67, 0xfd, 0x40, 0x18, 0xfb, 0xbf, 0xd2,
    0x1, 0x0,

    /* U+5200 "刀" */
    0x9, 0xff, 0xff, 0xe0, 0x38, 0x5d, 0xf1, 0x2d,
    0xdf, 0x10, 0x0, 0x91, 0x30, 0x6a, 0x27, 0x0,
    0x7e, 0x22, 0x0, 0x78, 0x40, 0x38, 0x40, 0x40,
    0x38, 0xcc, 0x1, 0xca, 0x8, 0x1, 0xc2, 0x1,
    0xec, 0x30, 0xf, 0x84, 0x3, 0x95, 0x0, 0x38,
    0x41, 0xc0, 0x32, 0x95, 0x0, 0x71, 0x81, 0x0,
    0x43, 0x6c, 0x40, 0x1c, 0xc0, 0x20, 0x1, 0xd3,
    0x90, 0xf, 0x18, 0x80, 0x13, 0x7, 0xc0, 0x21,
    0x44, 0xa9, 0xc0, 0x69, 0xf0, 0x80, 0x21, 0xab,
    0xb0, 0xc0, 0xf, 0x50, 0x80, 0x77, 0x7f, 0xb0,
    0x40,

    /* U+5201 "刁" */
    0x1f, 0xff, 0xfe, 0x1, 0x8d, 0xdf, 0xfa, 0x80,
    0x41, 0x13, 0xfc, 0xe0, 0x1f, 0xe2, 0x0, 0xc6,
    0x1, 0xf3, 0xe9, 0x0, 0x80, 0x80, 0x71, 0x64,
    0xd9, 0x3, 0x80, 0x79, 0xf5, 0xbd, 0x0, 0x2,
    0x20, 0x8, 0xb2, 0x26, 0x84, 0x2, 0x33, 0x0,
    0x1f, 0x5f, 0x98, 0x3, 0xb8, 0x40, 0xe2, 0x6c,
    0x40, 0x3c, 0x4c, 0x7, 0xcc, 0x1, 0xf9, 0xc8,
    0x0, 0x20, 0x1c, 0x89, 0x39, 0x58, 0x7, 0xee,
    0xbb, 0x43, 0x98, 0x7, 0xea, 0xff, 0xa0, 0x0,

    /* U+5203 "刃" */
    0x7, 0xff, 0xff, 0xe0, 0x0, 0x1b, 0x33, 0x82,
    0x33, 0x29, 0x0, 0x84, 0xcf, 0x10, 0x21, 0x9c,
    0x40, 0x18, 0x74, 0x0, 0x40, 0x40, 0x18, 0x40,
    0x27, 0x60, 0x2, 0x88, 0x80, 0x21, 0x0, 0xd5,
    0x80, 0xc, 0x40, 0xc, 0x66, 0x0, 0x31, 0x30,
    0x1, 0x7c, 0x3, 0x8, 0x80, 0x15, 0x41, 0x5,
    0x4, 0x0, 0xde, 0xe0, 0xc, 0x40, 0x4, 0x30,
    0x80, 0x61, 0x10, 0x7, 0x51, 0xc0, 0x7, 0x11,
    0x0, 0x35, 0x2e, 0x88, 0x7, 0x2f, 0x0, 0x17,
    0x53, 0xc, 0x0, 0x26, 0x67, 0x14, 0x0, 0x7a,
    0x79, 0x80, 0x45, 0x98, 0x87, 0x20, 0x5, 0x48,
    0x80, 0x63, 0xff, 0xa0, 0x0,

    /* U+5206 "分" */
    0x0, 0xc3, 0xa6, 0x0, 0x1d, 0x10, 0xf, 0xd6,
    0x6, 0x0, 0x16, 0x80, 0xf, 0x89, 0x60, 0x3,
    0x4b, 0x20, 0x7, 0xa4, 0xd4, 0x3, 0x14, 0x50,
    0x80, 0x69, 0x5d, 0x0, 0xf3, 0x96, 0x8, 0x2,
    0x59, 0x84, 0x67, 0xf4, 0x86, 0x8, 0x8a, 0x9f,
    0x33, 0xf5, 0x62, 0x8, 0xad, 0x7f, 0xe0, 0xcf,
    0xfa, 0x84, 0x52, 0x1, 0xe4, 0x3, 0x0, 0x8c,
    0xc0, 0x1f, 0xb9, 0x0, 0x30, 0x88, 0x3, 0xe2,
    0x58, 0x0, 0xdc, 0xc0, 0x1e, 0x2c, 0x63, 0x0,
    0xc4, 0x60, 0x1c, 0xd8, 0x92, 0x0, 0x32, 0x44,
    0x60, 0x6, 0xa8, 0x85, 0x0, 0x5b, 0xab, 0x45,
    0x0, 0xd5, 0xcc, 0x1, 0xbb, 0xfd, 0x60, 0x18,

    /* U+5207 "切" */
    0x0, 0x1f, 0x0, 0x7f, 0xf1, 0xff, 0xff, 0x20,
    0x7, 0xdd, 0xc8, 0x2e, 0xe8, 0x1c, 0x3, 0x1b,
    0x50, 0x88, 0x18, 0x46, 0x1, 0x29, 0xe1, 0xdd,
    0x80, 0x3f, 0xc2, 0xa3, 0xd6, 0xe0, 0xf, 0x10,
    0x0, 0x81, 0x94, 0x58, 0x7, 0x8f, 0x40, 0x6,
    0x1, 0xff, 0x29, 0x80, 0x61, 0x0, 0xf2, 0x0,
    0x89, 0x40, 0x2, 0x1, 0x9c, 0x1b, 0x68, 0xa4,
    0x84, 0x0, 0xc2, 0x1, 0x70, 0xdc, 0x71, 0xbd,
    0x0, 0x46, 0x60, 0xb, 0x6b, 0x54, 0x2c, 0x9c,
    0x2, 0xf6, 0x0, 0x9d, 0x40, 0x69, 0x3c, 0x8,
    0xcc, 0xf8, 0x1, 0xe6, 0x7c, 0x20, 0x7c, 0xc1,
    0x30, 0x7, 0x9f, 0x48, 0x0, 0xbf, 0xec, 0x10,

    /* U+520A "刊" */
    0xb, 0xff, 0xf3, 0x0, 0x64, 0xe0, 0x9d, 0xd1,
    0xb6, 0xe9, 0xc2, 0xcc, 0x3, 0x11, 0x41, 0xc4,
    0x41, 0x4, 0x70, 0xf, 0xfe, 0xa8, 0xc4, 0x45,
    0x91, 0x7, 0x0, 0xf1, 0x9e, 0x6, 0x33, 0x68,
    0x7, 0x8a, 0xee, 0x2a, 0xbb, 0x50, 0x7, 0xff,
    0x8b, 0x90, 0x3, 0xff, 0x82, 0x20, 0x1f, 0xfc,
    0x21, 0x33, 0x60, 0x7, 0x38, 0x7, 0x1e, 0x61,
    0xa4, 0x3, 0x5b, 0x80, 0x62, 0xff, 0x73, 0x80,

    /* U+5211 "刑" */
    0xb, 0xff, 0xf8, 0x80, 0x24, 0xe0, 0xac, 0xd,
    0xd3, 0x26, 0x93, 0x40, 0x6, 0x12, 0x2, 0x27,
    0x9, 0x7, 0x10, 0x7, 0xff, 0x59, 0x98, 0xe,
    0xd8, 0xec, 0x80, 0x1e, 0xaa, 0x5, 0xd2, 0x9d,
    0x18, 0x7, 0xb3, 0x83, 0x31, 0x29, 0x8e, 0x1,
    0xf3, 0x8, 0x7, 0xff, 0x4, 0x94, 0x3, 0xff,
    0x83, 0xa6, 0x1, 0xe8, 0xa0, 0xc, 0x2b, 0x40,
    0x1f, 0xfc, 0xb, 0x42, 0x0, 0xf8, 0x88, 0x60,
    0x2d, 0x40, 0x1f, 0xa7, 0x66, 0x43, 0x82, 0x1,
    0x3d, 0x0, 0x57, 0xfc, 0xe0,

    /* U+5212 "划" */
    0x0, 0xf, 0x8d, 0x38, 0x7, 0x97, 0x40, 0x2,
    0x7, 0x15, 0x40, 0x5, 0x18, 0x7, 0xc2, 0x58,
    0x40, 0x7, 0x70, 0x7, 0x85, 0x15, 0xc2, 0x94,
    0x3, 0x93, 0x7c, 0x62, 0x1a, 0x3a, 0xc0, 0x1c,
    0xb3, 0xaa, 0xdb, 0x7e, 0x66, 0x0, 0xe1, 0x42,
    0xd5, 0x2, 0x90, 0xf, 0xf1, 0x98, 0x39, 0x10,
    0x1, 0xfc, 0x81, 0x27, 0x20, 0x1f, 0xf1, 0xb4,
    0x90, 0x7, 0xf8, 0xc8, 0x18, 0xc, 0x75, 0x0,
    0x39, 0xb2, 0x45, 0xc1, 0x10, 0x1, 0xc3, 0x97,
    0x8f, 0x10, 0x6c, 0x70, 0x22, 0x84, 0x57, 0x86,
    0xc, 0xf0, 0x24, 0x4d, 0xd4, 0xd0, 0x38, 0x80,
    0x51, 0xd4, 0x5, 0xfe, 0xe6,

    /* U+5217 "列" */
    0xf, 0xff, 0xc4, 0x1, 0x27, 0x6, 0xe9, 0x93,
    0x77, 0x15, 0x98, 0x6, 0x22, 0x26, 0x91, 0x60,
    0x57, 0x0, 0xe2, 0x20, 0xaa, 0x98, 0xc0, 0x3f,
    0x28, 0xe7, 0x72, 0x10, 0x3, 0xf4, 0xdd, 0xe3,
    0x40, 0xf, 0x9c, 0xd4, 0x0, 0x24, 0x60, 0x1f,
    0x4c, 0xad, 0x41, 0x90, 0x3, 0xf7, 0xa7, 0x54,
    0xcb, 0xc0, 0x3f, 0x8, 0x2e, 0x39, 0x20, 0x7,
    0xfc, 0xe3, 0x0, 0x16, 0x20, 0x7, 0x8e, 0xe5,
    0x0, 0x22, 0x0, 0xe1, 0x9c, 0x86, 0x0, 0xe2,
    0x21, 0x80, 0x19, 0x31, 0xc0, 0x3d, 0x3b, 0x2c,
    0xf, 0xa6, 0x1, 0xf5, 0xff, 0x40,

    /* U+5218 "刘" */
    0x0, 0xc4, 0x1, 0xff, 0xc2, 0xc5, 0x0, 0xf9,
    0x74, 0x3, 0x4f, 0x80, 0x6a, 0x20, 0x8, 0xfb,
    0xa8, 0x5e, 0xe8, 0x10, 0x40, 0x23, 0xcc, 0xb7,
    0x4a, 0xf8, 0x1, 0xf1, 0x1, 0x14, 0xb8, 0x40,
    0x1f, 0x1e, 0xa0, 0x18, 0xa0, 0x7, 0xe3, 0x9b,
    0x34, 0x31, 0x0, 0xfe, 0x69, 0xca, 0xa0, 0x7,
    0xfc, 0xce, 0x4a, 0x1, 0xff, 0xc0, 0x51, 0xe0,
    0xf, 0xfa, 0x3, 0xc2, 0x80, 0x1c, 0x60, 0x1c,
    0xcf, 0xc3, 0xea, 0x60, 0x1f, 0x4c, 0xa8, 0xc0,
    0xb4, 0xc0, 0x4, 0x4d, 0x1, 0x5c, 0x50, 0x8,
    0x80, 0x2f, 0xd6, 0xa1, 0xc3, 0x0, 0xfd, 0xbf,
    0xce,

    /* U+5219 "则" */
    0x3, 0xff, 0xf7, 0x0, 0x64, 0xe0, 0x0, 0xf7,
    0x6a, 0x0, 0x26, 0x80, 0x78, 0x4e, 0x85, 0x80,
    0x3f, 0xe1, 0x50, 0xf, 0xff, 0x73, 0x98, 0x7,
    0xff, 0x4, 0x44, 0x1, 0xfe, 0x14, 0xc, 0x40,
    0x17, 0x0, 0xf8, 0xa8, 0x5b, 0x14, 0xa4, 0x1a,
    0x80, 0x3d, 0xac, 0xcb, 0x90, 0x1, 0x38, 0x6,
    0x2c, 0x19, 0x2f, 0x5b, 0x0, 0x19, 0xb0, 0x1,
    0xcb, 0xa0, 0x1, 0xcd, 0x0, 0x6e, 0x34, 0x86,
    0x48, 0x7, 0x30, 0x3, 0xbf, 0x9c,

    /* U+521A "刚" */
    0xdf, 0xff, 0x88, 0x2, 0xd4, 0xa, 0xee, 0xb7,
    0x80, 0x5, 0xa0, 0x18, 0x4c, 0x45, 0xc4, 0x20,
    0x3, 0x0, 0xc5, 0x82, 0x22, 0x30, 0xf, 0xc5,
    0x30, 0xee, 0x0, 0xff, 0x3b, 0xaf, 0x40, 0x3f,
    0xe8, 0x24, 0x0, 0xff, 0x84, 0xc, 0x3, 0xfe,
    0x95, 0x90, 0xf, 0xf2, 0xaa, 0xd4, 0x40, 0x3f,
    0xc, 0x78, 0xb2, 0x80, 0xb, 0x80, 0x37, 0xb2,
    0x4, 0xa0, 0x7, 0xee, 0xa0, 0x8, 0x44, 0x0,
    0x11, 0x18, 0x4, 0x20, 0x3f, 0xc8, 0x41, 0x5c,
    0x4b, 0xa8, 0x0, 0x1f, 0xf5, 0x80, 0x2f, 0xf0,
    0x40,

    /* U+521B "创" */
    0x0, 0xff, 0xe3, 0xcd, 0x80, 0x7d, 0xc8, 0x1,
    0x1b, 0x2a, 0x80, 0x27, 0x10, 0xe, 0x1e, 0x9d,
    0xb5, 0x0, 0x49, 0x0, 0x61, 0xc7, 0x63, 0xda,
    0x40, 0xf, 0x17, 0xb5, 0x0, 0xe, 0xac, 0x40,
    0x39, 0xdc, 0x19, 0x9b, 0xb0, 0x40, 0x39, 0x65,
    0x6e, 0x21, 0x6c, 0x60, 0x1f, 0xc8, 0x91, 0x8,
    0x7, 0xff, 0x4, 0x9c, 0x3, 0xfe, 0x23, 0xc3,
    0x0, 0xff, 0x9f, 0xc6, 0x80, 0x12, 0x40, 0x1f,
    0x2e, 0x51, 0xe0, 0x38, 0x80, 0x79, 0x40, 0x24,
    0x10, 0x11, 0x10, 0x80, 0x53, 0x2f, 0xfa, 0xac,
    0x1f, 0xb4, 0xd0, 0x0, 0xff, 0xfc, 0xc0, 0xdf,
    0xec, 0x0,

    /* U+521D "初" */
    0x0, 0x12, 0x80, 0x7f, 0xf0, 0xa8, 0xc0, 0x91,
    0x3e, 0x20, 0x1, 0x3a, 0x5, 0x4c, 0xae, 0xa6,
    0x57, 0x47, 0xba, 0x5a, 0xc8, 0xdd, 0xd, 0xee,
    0x93, 0xca, 0x66, 0x47, 0x0, 0x84, 0x40, 0x18,
    0x51, 0xa, 0xf0, 0x1, 0x98, 0x0, 0xe2, 0x1,
    0x5a, 0xa, 0x80, 0x81, 0x80, 0x79, 0x94, 0xfc,
    0x0, 0xa2, 0x20, 0x0, 0x98, 0x24, 0x83, 0x22,
    0x81, 0xa8, 0x6, 0x14, 0xb9, 0x19, 0x74, 0xd,
    0x30, 0x8, 0xdd, 0x65, 0x80, 0xad, 0xc5, 0x6c,
    0x2, 0x11, 0x98, 0x2, 0x53, 0x93, 0x30, 0x0,
    0x40, 0xc0, 0x3c, 0x4d, 0x20, 0x11, 0x0, 0x80,
    0x70, 0xe3, 0xa8, 0x91, 0x24, 0xc0, 0x3c, 0xa9,
    0x20, 0x7b, 0xa4, 0x80, 0xd, 0xc8, 0x8a, 0x0,
    0x17, 0xfb, 0x90, 0x0,

    /* U+5220 "删" */
    0x0, 0x7f, 0xce, 0xdf, 0xf0, 0x80, 0x7, 0x80,
    0x2f, 0x60, 0x3, 0x78, 0x1, 0x9c, 0x3, 0xc2,
    0x0, 0x10, 0x10, 0x7, 0x80, 0x7f, 0xf5, 0x5c,
    0x18, 0xf7, 0xd, 0x85, 0xc0, 0x3b, 0x3, 0x19,
    0xdc, 0xd8, 0x18, 0x1, 0xd4, 0x14, 0xb5, 0x45,
    0xa1, 0xb0, 0xf, 0x8, 0x6, 0xf0, 0xf, 0xc6,
    0x60, 0xb, 0xc4, 0x3, 0xf0, 0x88, 0x2, 0x13,
    0x0, 0x9e, 0x40, 0x25, 0x50, 0x4, 0xac, 0x1,
    0x8, 0x80, 0x2d, 0xc0, 0x1f, 0x23, 0x1, 0x0,
    0x88, 0x0, 0xeb, 0xcf, 0xce, 0x9e, 0x62, 0x1b,
    0x8e, 0x18, 0x1d, 0xc6, 0x94, 0xfc, 0x0, 0x6f,
    0xc8,

    /* U+5224 "判" */
    0x4, 0x30, 0x7b, 0x1, 0x60, 0xc, 0xba, 0x5,
    0xc0, 0x1a, 0x74, 0x25, 0x0, 0x33, 0x3, 0x0,
    0x5, 0xe0, 0x10, 0x40, 0x3a, 0x0, 0x25, 0x63,
    0x0, 0xfa, 0x62, 0xe5, 0x25, 0x24, 0x3, 0xea,
    0x99, 0x21, 0xcc, 0xa8, 0x3, 0xe3, 0x44, 0x13,
    0x22, 0xc, 0x3, 0xfc, 0x20, 0x1f, 0xe4, 0xff,
    0x99, 0x7f, 0xe1, 0x0, 0xe4, 0xee, 0x68, 0x4f,
    0x74, 0x20, 0x1e, 0x11, 0x20, 0x38, 0x8c, 0x18,
    0xa0, 0x1c, 0x30, 0xe2, 0x1, 0x84, 0x3, 0x87,
    0x4a, 0x0, 0x38, 0x4c, 0xda, 0x20, 0xcf, 0xa0,
    0x1f, 0x66, 0x1a, 0x81, 0xec, 0x40, 0x3c, 0x3f,
    0xee, 0x60,

    /* U+5228 "刨" */
    0x0, 0x88, 0x3, 0xff, 0x82, 0x3a, 0x20, 0x1f,
    0x93, 0x80, 0xc, 0x1f, 0xdd, 0x84, 0xf8, 0x3,
    0xa6, 0xb7, 0x70, 0x88, 0x3, 0xd4, 0x48, 0x44,
    0x32, 0x0, 0xf9, 0x54, 0x7d, 0xd1, 0x80, 0x7e,
    0x59, 0x1f, 0xf1, 0x1, 0x80, 0x7e, 0x50, 0xf,
    0x8, 0x7, 0xe1, 0x88, 0x10, 0x31, 0x80, 0x7f,
    0x7f, 0xa0, 0x88, 0x20, 0x1f, 0x85, 0xdc, 0xd9,
    0x28, 0x1, 0xff, 0xf, 0xec, 0x99, 0xb0, 0x3,
    0xf8, 0x8a, 0x80, 0x20, 0xc, 0x22, 0x31, 0x1d,
    0x64, 0x2, 0x46, 0x0, 0x25, 0xce, 0xec, 0xb6,
    0xf, 0xb2, 0xc0, 0xa, 0xff, 0xed, 0x20, 0x6f,
    0xe8,

    /* U+5229 "利" */
    0x0, 0xf8, 0x40, 0x3f, 0x8d, 0x5e, 0xb6, 0xc0,
    0x39, 0x38, 0x36, 0x36, 0x8b, 0x68, 0x12, 0x80,
    0x3b, 0x6e, 0x1b, 0xc0, 0x21, 0x70, 0xf, 0xfe,
    0x38, 0xee, 0xc9, 0x3b, 0xa7, 0x0, 0xf0, 0xcc,
    0xac, 0x1e, 0x64, 0xa0, 0x1f, 0x22, 0x3c, 0xd,
    0x10, 0x40, 0x1f, 0x89, 0xc9, 0x68, 0x3, 0xfd,
    0x12, 0xd0, 0x38, 0x20, 0x1f, 0x32, 0x38, 0x2,
    0xd8, 0xc0, 0x3c, 0x73, 0xa0, 0x1a, 0x89, 0x70,
    0x3, 0x1d, 0x18, 0x7, 0xc2, 0x1, 0xca, 0x1,
    0xfc, 0x64, 0x60, 0x1f, 0xfc, 0xc, 0xd9, 0x90,
    0x6, 0xb7, 0x0, 0xef, 0xf7, 0x38,

    /* U+522B "别" */
    0x4, 0xff, 0xf0, 0x80, 0x64, 0xe0, 0x1, 0x77,
    0x5a, 0x1, 0x51, 0x0, 0x70, 0x8e, 0x20, 0x9,
    0x4, 0x3, 0xff, 0x90, 0x55, 0x58, 0x3, 0xf9,
    0xa4, 0x8c, 0xb6, 0x4, 0x3, 0xe2, 0x78, 0x69,
    0x77, 0x0, 0x7c, 0x37, 0x6c, 0xd, 0xbb, 0x18,
    0x7, 0x87, 0xfd, 0x63, 0x1e, 0xae, 0x1, 0xf2,
    0x20, 0x11, 0x20, 0x70, 0xf, 0xea, 0xc0, 0x0,
    0x88, 0x30, 0xc0, 0x39, 0x8d, 0x80, 0x40, 0xc0,
    0x80, 0x39, 0xa6, 0x84, 0x4e, 0x22, 0x0, 0x11,
    0xc, 0xa, 0xec, 0x8b, 0xd3, 0x0, 0x16, 0xea,
    0x64, 0x5a, 0x80, 0x9f, 0xe6, 0x0, 0xbf, 0xdc,
    0xe0,

    /* U+522E "刮" */
    0x0, 0xf8, 0x40, 0x3f, 0x9, 0xab, 0xd7, 0x68,
    0x80, 0x6e, 0x44, 0x64, 0x64, 0xef, 0x60, 0x86,
    0x18, 0x4, 0x9b, 0x72, 0x64, 0x1, 0x88, 0x3,
    0xff, 0x8f, 0x1f, 0xf1, 0x57, 0xfc, 0x20, 0x1d,
    0x1d, 0xd1, 0x4f, 0x74, 0x20, 0x1e, 0x11, 0x80,
    0xc4, 0x60, 0xf, 0x88, 0xcc, 0x4, 0x66, 0x10,
    0xf, 0xbf, 0x74, 0x73, 0xb8, 0xe0, 0x1f, 0xab,
    0xbb, 0x18, 0x7, 0xff, 0x17, 0x8c, 0x3, 0xff,
    0x91, 0x7f, 0xf8, 0xc0, 0x2, 0x66, 0x10, 0xa,
    0x77, 0x71, 0x0, 0xb, 0x30, 0x88, 0xd, 0x62,
    0x2d, 0xac, 0x7, 0xfe, 0xb0,

    /* U+5230 "到" */
    0xe, 0xff, 0xf9, 0x0, 0x2d, 0x40, 0xef, 0x64,
    0xfc, 0xef, 0x4d, 0x30, 0xe, 0x16, 0x90, 0x86,
    0x0, 0xfe, 0xb6, 0x20, 0x98, 0x30, 0xf, 0x95,
    0x49, 0xbf, 0xa1, 0xe0, 0x1f, 0x3b, 0xa2, 0x73,
    0xfc, 0xc2, 0x1, 0xe2, 0x85, 0x1f, 0x0, 0x50,
    0x80, 0x78, 0x91, 0x1a, 0x28, 0x90, 0x7, 0xc9,
    0x32, 0x62, 0x99, 0x80, 0x3e, 0x6d, 0xd5, 0x9e,
    0xec, 0x1, 0xff, 0xc4, 0x51, 0x0, 0xf8, 0x89,
    0x39, 0xe7, 0x4, 0x1, 0xaf, 0xbe, 0x54, 0x67,
    0x4c, 0x8, 0x86, 0x0, 0xda, 0xee, 0x5c, 0x29,
    0x0, 0x33, 0x49, 0x41, 0x90, 0x40, 0x3e, 0xef,
    0xc1,

    /* U+5236 "制" */
    0x0, 0x42, 0x97, 0x80, 0x7c, 0x5e, 0x1, 0x31,
    0xb0, 0x11, 0x40, 0xf, 0x20, 0xc, 0x83, 0x36,
    0x1b, 0xb1, 0x80, 0x7d, 0x10, 0xfd, 0xf, 0xf8,
    0xc0, 0x3f, 0xa, 0xa8, 0x15, 0x64, 0x0, 0xf9,
    0xf7, 0xac, 0x3b, 0xb0, 0x7, 0xd7, 0x77, 0x5,
    0xdd, 0x40, 0x1f, 0x1c, 0xcc, 0x13, 0x31, 0x0,
    0x7c, 0xc9, 0xc6, 0x1d, 0xc7, 0x60, 0xf, 0xcc,
    0xf4, 0xe, 0xe2, 0x0, 0x8, 0x7, 0xff, 0xf,
    0x88, 0x3, 0xfe, 0x10, 0xf, 0xfe, 0x9, 0xf8,
    0x28, 0x11, 0xa0, 0x4, 0xb6, 0x1, 0x1f, 0xe8,
    0x83, 0xe4, 0xb0, 0x7, 0x17, 0x80, 0x72, 0xff,
    0xa4, 0x0,

    /* U+5237 "刷" */
    0x1, 0xff, 0xf8, 0xc0, 0xc0, 0xf8, 0x2, 0xee,
    0xe1, 0x3, 0xd0, 0xf, 0x8, 0xf0, 0x7, 0xf8,
    0x8b, 0x80, 0x3f, 0xd9, 0x96, 0xe0, 0x7, 0xfb,
    0xb9, 0xe3, 0xdc, 0x30, 0xf, 0x18, 0x57, 0x78,
    0xf7, 0x10, 0x3, 0xe1, 0x15, 0xe8, 0xe1, 0x0,
    0x7c, 0x26, 0x2, 0x40, 0x4e, 0x1, 0xf3, 0x8,
    0x7, 0xff, 0x4, 0x98, 0x3, 0xe3, 0xe0, 0xd,
    0x98, 0x0, 0xd2, 0x8e, 0x1, 0xc2, 0x8f, 0xa,
    0x0, 0x8e, 0x30, 0x13, 0x40, 0x19, 0x13, 0x10,
    0x0, 0x88, 0x0, 0x59, 0x2c, 0xc, 0x1, 0xf,
    0x0, 0x63, 0xfe, 0x80,

    /* U+5238 "券" */
    0x0, 0xc2, 0x0, 0x48, 0x0, 0x8, 0x7, 0xcb,
    0x80, 0xd, 0x20, 0x6, 0xc0, 0x7, 0x95, 0x9c,
    0x1f, 0x1, 0x86, 0x0, 0x3b, 0x74, 0xb5, 0xa3,
    0x1b, 0x27, 0xb8, 0x1, 0xbb, 0x9b, 0xc2, 0xbb,
    0xd9, 0xbd, 0xe0, 0x18, 0xce, 0x73, 0x83, 0x3f,
    0x0, 0x5f, 0xfa, 0xc3, 0x7f, 0xfe, 0x0, 0x6e,
    0xac, 0x57, 0x76, 0xc2, 0x5d, 0xd8, 0x0, 0x4d,
    0x49, 0x44, 0x51, 0xe3, 0xc9, 0x90, 0x15, 0xd8,
    0xd7, 0xff, 0xb8, 0x9f, 0xa8, 0xc8, 0xfb, 0x36,
    0x83, 0x77, 0x7, 0xe9, 0x90, 0x40, 0x88, 0xb0,
    0xc8, 0xa3, 0x1, 0x29, 0x10, 0xc, 0xad, 0xe0,
    0x11, 0x1, 0x0, 0x71, 0xcd, 0x49, 0x81, 0xd,
    0x10, 0x7, 0x1e, 0x1e, 0x30, 0x3, 0x79, 0xe0,
    0x3, 0x8f, 0xe8, 0xc0, 0x2f, 0xf7, 0x28, 0x6,

    /* U+5239 "刹" */
    0x1, 0x50, 0x8, 0xb0, 0x80, 0x32, 0xe8, 0x14,
    0xea, 0x96, 0x51, 0x5, 0x90, 0x6, 0x3c, 0x9b,
    0xd7, 0x60, 0x2, 0x88, 0x7, 0x24, 0x1c, 0x3c,
    0x80, 0x7e, 0xba, 0xa7, 0x1f, 0x93, 0x80, 0x7d,
    0xde, 0xd7, 0xc3, 0x6e, 0x1, 0xf6, 0x44, 0xa3,
    0xcc, 0xc0, 0x1f, 0x7f, 0xce, 0x3f, 0xf0, 0x7,
    0xcc, 0x8a, 0x6c, 0x44, 0x60, 0xf, 0xd2, 0x80,
    0x15, 0x0, 0x7e, 0x45, 0x70, 0x2, 0x22, 0x3,
    0x8c, 0x2, 0x1a, 0xb0, 0xd, 0xc, 0x1, 0xe1,
    0xb5, 0x11, 0x0, 0xb, 0xc0, 0x2, 0x2d, 0x10,
    0x50, 0xf6, 0xc0, 0x0, 0x80, 0x2b, 0x9a, 0xc0,
    0x2e, 0xf6, 0x0, 0xeb, 0xfe, 0x70,

    /* U+523A "刺" */
    0x0, 0xd1, 0x0, 0xf, 0x93, 0x86, 0xaa, 0x55,
    0x55, 0x43, 0x66, 0x1, 0xb3, 0x26, 0x66, 0x64,
    0xa, 0xe0, 0x10, 0xbb, 0xc4, 0x47, 0x78, 0x40,
    0x3d, 0x7d, 0xc6, 0x67, 0x73, 0x40, 0x3f, 0x4f,
    0xbb, 0xbe, 0xc0, 0x3f, 0xf9, 0xc6, 0xf, 0xc,
    0x1, 0xf4, 0x3a, 0xa1, 0xa7, 0xd0, 0x7, 0xc4,
    0x16, 0x6b, 0xce, 0x1, 0xfd, 0xac, 0x8d, 0x17,
    0x1, 0xc8, 0x1, 0x16, 0x34, 0x0, 0x17, 0x78,
    0x3, 0xc2, 0xb4, 0x1, 0x89, 0x80, 0x4, 0x43,
    0x3a, 0x40, 0x3f, 0xa7, 0x66, 0x80, 0x34, 0x40,
    0x3, 0xaf, 0xf9, 0xc0,

    /* U+523B "刻" */
    0x0, 0xc2, 0x20, 0xf, 0xfe, 0xb, 0x60, 0x7,
    0xc9, 0xc1, 0x55, 0x61, 0x65, 0x51, 0x8b, 0x0,
    0x36, 0x60, 0x91, 0xab, 0x30, 0x40, 0x60, 0x19,
    0x98, 0x6d, 0x2c, 0x4e, 0x80, 0x1f, 0x43, 0xc8,
    0x1d, 0x98, 0x7, 0xce, 0xe1, 0xdd, 0x64, 0x10,
    0x7, 0xcb, 0x53, 0xc0, 0x8e, 0x60, 0x1f, 0x12,
    0xab, 0xc6, 0xcf, 0xc, 0x3, 0xe5, 0xf6, 0xc0,
    0xe9, 0x30, 0xf, 0x4d, 0x45, 0x6, 0x3b, 0x0,
    0x7d, 0x7c, 0xc3, 0x86, 0x1, 0x17, 0x0, 0x62,
    0x15, 0xf5, 0xe6, 0xb0, 0x0, 0x80, 0x63, 0xcb,
    0xb4, 0x8e, 0x3c, 0x80, 0x88, 0x80, 0x12, 0xbe,
    0xa0, 0x16, 0xc8, 0x5f, 0x43, 0x5, 0x48, 0x80,
    0x61, 0x0, 0x57, 0xf4, 0x0,

    /* U+523D "刽" */
    0x0, 0xe5, 0x0, 0xff, 0xe0, 0xbd, 0x18, 0x7,
    0x8f, 0x80, 0x24, 0x99, 0x6a, 0x80, 0xb, 0x0,
    0x39, 0x2a, 0x8d, 0x96, 0xe0, 0x24, 0x1, 0x9e,
    0xec, 0x80, 0x5f, 0x50, 0x1, 0xc9, 0x31, 0x93,
    0x34, 0x59, 0xb8, 0x6, 0x4f, 0x5e, 0xee, 0x5b,
    0x70, 0xe, 0x12, 0x77, 0xe3, 0x0, 0xfb, 0x33,
    0xf3, 0x0, 0x7a, 0x64, 0xa7, 0x33, 0x94, 0x3,
    0xca, 0xa2, 0x75, 0x33, 0x29, 0x80, 0x7c, 0x49,
    0x20, 0xb2, 0x40, 0x7c, 0x1, 0xd0, 0xc2, 0x2,
    0x92, 0x1, 0xf4, 0x2b, 0xff, 0xc0, 0x88, 0x2,
    0x22, 0x80, 0x32, 0xb7, 0xbf, 0x6e, 0x5c, 0x27,
    0x62, 0x41, 0x14, 0xc4, 0x2, 0x63, 0xb, 0xfe,
    0x70,

    /* U+5241 "剁" */
    0x0, 0x1f, 0xfe, 0x90, 0xe, 0x4e, 0x0, 0x87,
    0xfc, 0xc0, 0x11, 0x58, 0x7, 0x29, 0x80, 0x4,
    0x2, 0x15, 0x0, 0xed, 0x40, 0xf, 0xfe, 0x4,
    0x24, 0x0, 0x3d, 0xe9, 0x0, 0x3c, 0x58, 0x2f,
    0x4f, 0x5c, 0xa0, 0x1e, 0xe7, 0x4d, 0x64, 0x0,
    0xfe, 0x99, 0x94, 0xe6, 0x64, 0x0, 0xf6, 0xeb,
    0x80, 0xb, 0xba, 0x50, 0xf, 0xdc, 0x26, 0xb0,
    0x1, 0xfd, 0x4c, 0xd7, 0xb3, 0x0, 0xf8, 0x3,
    0x4b, 0xd0, 0x0, 0xb6, 0xc0, 0x3c, 0x6b, 0x82,
    0x1, 0x1e, 0x80, 0x4, 0x88, 0x7, 0x82, 0x1,
    0xf9, 0xb6, 0x18, 0x3, 0x45, 0x0, 0x73, 0xff,
    0x40,

    /* U+5242 "剂" */
    0x0, 0xff, 0xe3, 0xc5, 0x80, 0x7c, 0x5c, 0xc,
    0xd7, 0xa4, 0x33, 0x14, 0x8, 0x3, 0x77, 0x5e,
    0xe3, 0x38, 0x49, 0xe0, 0x1a, 0x0, 0x13, 0x0,
    0x74, 0xe0, 0x1f, 0x48, 0x7d, 0x3f, 0x0, 0x7f,
    0xd, 0x93, 0x85, 0x8, 0x7, 0x86, 0x37, 0x55,
    0xbe, 0x5e, 0x80, 0x1c, 0x21, 0xca, 0xe0, 0x15,
    0x28, 0x7, 0xa0, 0xd0, 0x0, 0x68, 0x81, 0x0,
    0xfe, 0x10, 0xf, 0x8, 0x7, 0x18, 0x80, 0x79,
    0x30, 0x3, 0xa9, 0x0, 0x3f, 0xf8, 0xe, 0xeb,
    0x0, 0xf8, 0x44, 0xe0, 0x57, 0x82, 0x1, 0xf5,
    0x75, 0xc9, 0x61, 0x0, 0x45, 0xc0, 0x15, 0xff,
    0x38,

    /* U+5243 "剃" */
    0x0, 0xff, 0xe2, 0xa5, 0x80, 0x5c, 0x60, 0x18,
    0xf8, 0x0, 0x8e, 0xc0, 0xe8, 0x60, 0x56, 0x1,
    0xab, 0xce, 0x7e, 0x17, 0xc8, 0x54, 0x3, 0x5f,
    0x73, 0x7, 0xb8, 0x20, 0x1f, 0x8, 0xe0, 0x11,
    0x0, 0x7e, 0x4e, 0xe6, 0x8f, 0x70, 0x40, 0x3e,
    0x24, 0xec, 0x1e, 0xe7, 0x90, 0x7, 0xb8, 0xc9,
    0xc0, 0x8a, 0x0, 0xfc, 0x9f, 0x63, 0xfe, 0xd5,
    0x0, 0xf4, 0x6f, 0x0, 0xee, 0x8d, 0x80, 0x3e,
    0x1d, 0x80, 0x8, 0x84, 0xf8, 0x3, 0x1e, 0x42,
    0x80, 0x90, 0x90, 0x7, 0xf, 0xf3, 0x0, 0x27,
    0x18, 0x0, 0x24, 0xa0, 0x38, 0x60, 0x14, 0x74,
    0x80, 0x27, 0x61, 0x80, 0x31, 0x70, 0x7, 0x47,
    0xf4, 0x0,

    /* U+524A "削" */
    0x18, 0x1, 0xf1, 0x8, 0x50, 0xd, 0xc8, 0x2c,
    0x80, 0x10, 0xbb, 0xb, 0x0, 0x73, 0x70, 0x4,
    0xc8, 0x65, 0x0, 0x1d, 0x58, 0x60, 0x1, 0x80,
    0xf, 0xdd, 0x3a, 0x1d, 0x3a, 0x1, 0xfd, 0x3d,
    0xd5, 0x0, 0x7f, 0xf0, 0x84, 0x3, 0xfd, 0x3d,
    0xd5, 0x80, 0x7f, 0xab, 0xfe, 0xc0, 0xf, 0xf5,
    0xee, 0xdc, 0x1, 0xfe, 0x9e, 0xea, 0xc0, 0x7,
    0xe0, 0x1e, 0x23, 0x39, 0x40, 0x21, 0x0, 0xfe,
    0x16, 0x0, 0x84, 0xcc, 0x2e, 0x1, 0x8f, 0xa9,
    0xc0, 0xb, 0x98, 0x33, 0x6, 0x28, 0x1f, 0xfa,
    0x40, 0x9, 0xfe, 0xc0,

    /* U+524D "前" */
    0x0, 0x89, 0x0, 0x3c, 0x86, 0x1, 0xe1, 0xb3,
    0x0, 0xc3, 0x6a, 0x1, 0xe3, 0x7f, 0x0, 0xd0,
    0x6c, 0x1, 0x17, 0xfc, 0xe7, 0xff, 0x98, 0xff,
    0xe2, 0x26, 0xef, 0xff, 0x8, 0x80, 0x84, 0x78,
    0x8, 0xba, 0xc8, 0x0, 0x59, 0xdd, 0x6c, 0x82,
    0xe0, 0xb, 0x8, 0x6, 0xdd, 0xa4, 0x3, 0xff,
    0x81, 0x33, 0x58, 0x7, 0xff, 0x3, 0x32, 0x60,
    0xf, 0xfe, 0x2, 0xad, 0xa0, 0x1f, 0xfc, 0xe,
    0xea, 0x0, 0x3f, 0xf8, 0x1d, 0xd4, 0x0, 0x1e,
    0x80, 0x3f, 0xef, 0x0, 0x13, 0x92, 0x80, 0x7c,
    0x9e, 0xda, 0x0, 0x5d, 0xb5, 0x10, 0x1, 0x78,
    0x27, 0xf3, 0x0, 0x13, 0xfd, 0x40, 0x0,

    /* U+5250 "剐" */
    0x2f, 0xff, 0x70, 0x6, 0xe3, 0x0, 0x7f, 0xeb,
    0x0, 0x15, 0x80, 0x7f, 0xf0, 0x54, 0x3, 0xb7,
    0x75, 0x0, 0x7c, 0x5d, 0x9c, 0x59, 0xfe, 0x0,
    0xf0, 0x80, 0x4, 0x3, 0xfd, 0xfd, 0xcd, 0xe,
    0xe9, 0xc0, 0x3d, 0x7f, 0x27, 0xfe, 0x50, 0xf,
    0xea, 0x35, 0x0, 0xff, 0x19, 0xae, 0xc8, 0x1,
    0xf8, 0xf6, 0x52, 0xa8, 0x20, 0x5c, 0x1, 0x86,
    0x58, 0x12, 0x84, 0x3, 0xe2, 0x70, 0x0, 0xa8,
    0x80, 0x4, 0x84, 0x3, 0xd5, 0xcc, 0x81, 0x1a,
    0x66, 0xe4, 0x0, 0xaf, 0xf4, 0xc2, 0x7f, 0x0,

    /* U+5251 "剑" */
    0x0, 0xe4, 0x0, 0xff, 0xe0, 0xcd, 0x90, 0x7,
    0x8b, 0x80, 0x24, 0x45, 0x62, 0x0, 0x6, 0xc0,
    0x38, 0xeb, 0xd7, 0x69, 0xc0, 0xd4, 0x3, 0x2e,
    0x59, 0x1, 0xe5, 0x48, 0x7, 0x2d, 0x3c, 0x6e,
    0xdf, 0xc0, 0x1e, 0x4c, 0x8f, 0xfe, 0x39, 0x0,
    0xe1, 0x30, 0x26, 0x72, 0x39, 0x0, 0xf9, 0x30,
    0x7, 0x81, 0x14, 0x3, 0xe4, 0x21, 0x45, 0xf,
    0xa0, 0xf, 0xc8, 0xe2, 0x4, 0x8e, 0x1, 0xfb,
    0xc8, 0x39, 0x5c, 0x40, 0xbc, 0x3, 0x95, 0x46,
    0xd2, 0x9d, 0x0, 0x20, 0x1a, 0x3b, 0x9b, 0xa6,
    0x8c, 0x80, 0x10, 0x60, 0x5, 0xd7, 0x72, 0xe1,
    0x48, 0x1, 0x5f, 0x4c, 0x6, 0x82, 0x1, 0xf5,
    0xff, 0x40,

    /* U+5254 "剔" */
    0x2, 0xff, 0xf8, 0xc0, 0x23, 0xe0, 0x0, 0xff,
    0xf0, 0x0, 0xb0, 0x3, 0x86, 0x23, 0x80, 0x23,
    0x0, 0xf7, 0x77, 0x0, 0x7f, 0xb, 0xbf, 0x0,
    0x7f, 0xbb, 0x9f, 0xf0, 0x88, 0x3, 0xc5, 0xe1,
    0x9d, 0xd8, 0x80, 0x3e, 0xa0, 0xfc, 0xcc, 0xe0,
    0x1e, 0x97, 0xc2, 0x90, 0xa6, 0xf0, 0xe, 0x22,
    0x62, 0x3a, 0xb, 0x7, 0x80, 0x71, 0x5a, 0x4c,
    0x4d, 0x3, 0x11, 0x3c, 0x3, 0x2d, 0x69, 0xb3,
    0x0, 0x98, 0x3, 0xed, 0x2f, 0x60, 0x51, 0x30,
    0x12, 0x50, 0x2, 0x9a, 0xa5, 0xf5, 0x40, 0x2,
    0x76, 0x18, 0x2, 0x49, 0x3f, 0xf3, 0x80, 0x23,
    0xfa, 0x0,

    /* U+5256 "剖" */
    0x0, 0xc2, 0x40, 0x1f, 0xfc, 0x17, 0xe0, 0xf,
    0x8f, 0x81, 0xee, 0xda, 0x79, 0x76, 0x43, 0xc0,
    0xc, 0x86, 0x3d, 0x52, 0xe6, 0xce, 0x40, 0x18,
    0xe9, 0x51, 0x50, 0xe8, 0x80, 0x3e, 0x23, 0x70,
    0x64, 0x20, 0xf, 0x99, 0xae, 0x6a, 0x16, 0x50,
    0xe, 0x1c, 0xc0, 0x16, 0x38, 0x66, 0x0, 0x38,
    0x6a, 0xbf, 0x48, 0x7, 0xdb, 0xbe, 0xc0, 0xf,
    0xc7, 0x7d, 0xd5, 0x8, 0x7, 0xf2, 0x99, 0xc4,
    0x0, 0x4f, 0x0, 0xff, 0xe1, 0x8, 0x7, 0xb7,
    0xba, 0xb0, 0x8, 0x44, 0xa0, 0x1a, 0xf7, 0x69,
    0x0, 0x9b, 0xa1, 0x80, 0x1c, 0xa6, 0x73, 0xe8,
    0x1, 0xff, 0xa0,

    /* U+5265 "剥" */
    0x0, 0xff, 0xe2, 0x1f, 0xff, 0x8c, 0x3, 0x1f,
    0x1, 0xff, 0xf0, 0x80, 0x12, 0xc0, 0x39, 0xe2,
    0x30, 0x88, 0x5, 0x80, 0x38, 0x7b, 0xaf, 0x0,
    0xfe, 0x24, 0x4e, 0x1, 0x20, 0xe, 0x1f, 0xfb,
    0x37, 0x8b, 0xb8, 0x1, 0xc3, 0xdf, 0xb4, 0x7b,
    0xaa, 0xc0, 0xf, 0x36, 0x8, 0x5, 0x14, 0x1,
    0xf2, 0xbc, 0x89, 0x23, 0x78, 0x7, 0xe9, 0xdb,
    0x1b, 0x62, 0x0, 0xf8, 0x6e, 0x18, 0xed, 0xa4,
    0x17, 0x40, 0x22, 0xe3, 0xdc, 0x4, 0xf5, 0x90,
    0xe, 0x2d, 0x81, 0x20, 0x0, 0xe4, 0x80, 0x92,
    0x80, 0x9, 0x3a, 0x2c, 0x3, 0xa7, 0x61, 0x80,
    0x9, 0xfc, 0xe0, 0x1d, 0x1f, 0xd0,

    /* U+5267 "剧" */
    0x3, 0xff, 0xf8, 0x40, 0x23, 0xd0, 0xb, 0xbb,
    0x80, 0x3, 0x60, 0x1c, 0x23, 0xe0, 0x1, 0xa8,
    0x7, 0xf, 0x77, 0x0, 0x7f, 0xe, 0x62, 0x83,
    0x34, 0x40, 0x3f, 0x19, 0x9c, 0xc, 0xc2, 0x1,
    0xe7, 0x1e, 0xe6, 0xf, 0x73, 0x40, 0x3c, 0x49,
    0xfe, 0xd1, 0xff, 0x60, 0x7, 0xb8, 0x88, 0x6e,
    0x26, 0x60, 0xf, 0x8b, 0xba, 0x93, 0xfc, 0x30,
    0xf, 0x21, 0x84, 0x66, 0x44, 0x5, 0xe0, 0x11,
    0x8a, 0x0, 0x7e, 0x10, 0x9, 0x94, 0x1, 0x19,
    0x91, 0x0, 0x42, 0xa0, 0xb6, 0x0, 0x58, 0x88,
    0x80, 0x7, 0xd0, 0xa0, 0x21, 0x90, 0x89, 0x69,
    0x81, 0xff, 0x40,

    /* U+5269 "剩" */
    0x0, 0xf0, 0x8c, 0x1, 0xf3, 0xff, 0xec, 0xa8,
    0x20, 0x8, 0xf8, 0x1f, 0xfd, 0xc1, 0xf7, 0x24,
    0x16, 0x40, 0x1, 0xdd, 0xb0, 0x3f, 0x76, 0x35,
    0x10, 0x0, 0xf7, 0x2b, 0x82, 0x17, 0xb8, 0x40,
    0x1c, 0x44, 0x93, 0x7, 0x63, 0x1, 0x0, 0xeb,
    0xd1, 0x0, 0x87, 0x6c, 0x3, 0xd5, 0x82, 0x1,
    0xe, 0x40, 0x7, 0xa7, 0x4, 0x3, 0xc, 0x18,
    0x7, 0x67, 0xa, 0x0, 0xbe, 0xa1, 0x80, 0x72,
    0x97, 0xd0, 0x6f, 0xee, 0x0, 0x7e, 0xd7, 0xa,
    0xba, 0x10, 0xc3, 0x0, 0x87, 0x1e, 0x41, 0xb4,
    0x34, 0x8, 0x2, 0x1f, 0x6b, 0x0, 0xd5, 0xc0,
    0x22, 0x50, 0x1a, 0xa0, 0x7, 0x88, 0x27, 0xa1,
    0x81, 0x0, 0x2f, 0x20, 0xd, 0x1f, 0xd0,

    /* U+526A "剪" */
    0x0, 0xcc, 0x1, 0xc2, 0xa0, 0x1f, 0xb6, 0x0,
    0x35, 0xf8, 0x7, 0x66, 0xe9, 0x5b, 0x77, 0x2b,
    0xee, 0xc0, 0xd, 0xee, 0x6e, 0xbb, 0x99, 0x8e,
    0xce, 0x8c, 0x0, 0xf, 0xc4, 0xcb, 0xe0, 0x5e,
    0x45, 0x7c, 0x40, 0x31, 0xe6, 0x14, 0x0, 0x22,
    0x0, 0xfd, 0xe6, 0x61, 0x0, 0xff, 0xe0, 0x5f,
    0x71, 0x0, 0x3f, 0xf8, 0x1f, 0x73, 0x60, 0x6,
    0x82, 0xe0, 0xe, 0x41, 0x6, 0xef, 0x1, 0x15,
    0x97, 0x0, 0x52, 0xbf, 0xb2, 0x93, 0xbb, 0x23,
    0xc8, 0x5, 0x19, 0x99, 0x9f, 0x33, 0x59, 0x80,
    0x42, 0x39, 0xd2, 0x4, 0x70, 0x10, 0x6, 0x26,
    0xc8, 0xc2, 0x0, 0xd4, 0x80, 0x17, 0x66, 0xd7,
    0x18, 0x2, 0xbf, 0xc1, 0x40, 0x17, 0x72, 0xd8,
    0x3, 0x57, 0xfb, 0x8, 0x0,

    /* U+526F "副" */
    0xf, 0xff, 0xd6, 0x1, 0x1f, 0x7, 0xff, 0xeb,
    0x1b, 0x0, 0xeb, 0xbf, 0x48, 0x1a, 0x80, 0x61,
    0x4f, 0x88, 0xb1, 0x0, 0x3f, 0x90, 0xcf, 0x0,
    0x7f, 0xbf, 0xf5, 0x80, 0x7e, 0x1f, 0xff, 0x68,
    0x7, 0xd1, 0xbb, 0xf3, 0x80, 0x78, 0x97, 0x38,
    0xb3, 0xf, 0xe0, 0x1f, 0x78, 0x88, 0x4, 0x46,
    0x1, 0xfa, 0x3b, 0x3, 0xb8, 0xc0, 0x72, 0x1,
    0xd1, 0xd8, 0x1d, 0xc6, 0x1, 0x70, 0xe, 0x9d,
    0xf0, 0xdd, 0x38, 0x0, 0x88, 0x80, 0x3, 0x6f,
    0xf6, 0xff, 0x90, 0x1, 0x3b, 0x32, 0x9, 0x82,
    0x2e, 0xa8, 0xb, 0xfe, 0x70,

    /* U+5272 "割" */
    0x0, 0xff, 0xe2, 0xb6, 0x80, 0x7c, 0x7d, 0xbd,
    0xc8, 0x2e, 0xea, 0xc0, 0xc0, 0x23, 0xfe, 0xf4,
    0xee, 0x6b, 0x96, 0x80, 0x4d, 0x99, 0x26, 0x63,
    0xe8, 0x3, 0xa3, 0x37, 0xc3, 0x76, 0x60, 0xf,
    0x47, 0xe0, 0x7f, 0x98, 0x3, 0xe9, 0xef, 0xe,
    0xe3, 0x80, 0x7b, 0x7b, 0x9e, 0x1d, 0xd4, 0x80,
    0x76, 0xf7, 0x3c, 0x3b, 0xa9, 0x0, 0xf5, 0xdb,
    0x42, 0xee, 0x0, 0xf9, 0x3e, 0x2f, 0xf5, 0x40,
    0xb0, 0x3, 0x91, 0x38, 0x2, 0x20, 0xe, 0xbb,
    0xdc, 0x1, 0x9, 0x30, 0x5, 0x11, 0xa4, 0x2,
    0x6d, 0xb6, 0xf, 0x33, 0xcb, 0xc0, 0x7, 0xfe,
    0x80,

    /* U+527F "剿" */
    0x0, 0x10, 0x0, 0x80, 0x6, 0x1, 0xf1, 0x61,
    0x27, 0x8b, 0xf8, 0x6, 0x3e, 0xe, 0x83, 0xaf,
    0x59, 0xd0, 0x2, 0x0, 0x69, 0xb0, 0x69, 0x45,
    0x90, 0x3a, 0x0, 0xc8, 0x86, 0xa0, 0x59, 0x42,
    0x0, 0xf4, 0xa6, 0x72, 0x74, 0x99, 0x0, 0x7c,
    0xf1, 0x65, 0x1e, 0x1, 0xfc, 0xf3, 0x67, 0x3c,
    0x1, 0xfc, 0xf3, 0x67, 0x3e, 0x1, 0xfb, 0x42,
    0x6c, 0xe7, 0xd4, 0x3, 0xe2, 0xdd, 0x30, 0x6e,
    0xc8, 0x1, 0xef, 0xf6, 0xa8, 0xd7, 0xf8, 0x44,
    0xa0, 0x1a, 0x31, 0x14, 0x91, 0x75, 0x4a, 0xc0,
    0x22, 0xc9, 0xde, 0x19, 0xfe, 0x40, 0x12, 0x50,
    0x29, 0xd3, 0x0, 0x8a, 0xd0, 0x27, 0x61, 0x81,
    0x40, 0x9, 0x80, 0x1d, 0x1f, 0xd0,

    /* U+5288 "劈" */
    0x0, 0xff, 0xb, 0x80, 0x71, 0x7f, 0x75, 0xe6,
    0x1, 0x41, 0x0, 0x70, 0xf7, 0x44, 0x1b, 0xd8,
    0x5f, 0xda, 0x1, 0xb, 0x34, 0x61, 0xa5, 0x3b,
    0xe1, 0xa0, 0x1, 0x11, 0x15, 0x4d, 0x63, 0x57,
    0xe1, 0x6a, 0xe, 0x1b, 0xb8, 0x63, 0xb5, 0x23,
    0x61, 0x0, 0xc1, 0x3b, 0x88, 0x26, 0x70, 0x39,
    0x98, 0x42, 0xd1, 0xde, 0x62, 0xff, 0x83, 0x7f,
    0xc4, 0x40, 0xf4, 0xaa, 0x29, 0x7f, 0xc1, 0xbf,
    0xe2, 0x26, 0x2e, 0x44, 0x31, 0x0, 0x26, 0x30,
    0xc, 0x5f, 0xbb, 0xbb, 0xfe, 0x6e, 0xf6, 0x0,
    0x17, 0xfe, 0x72, 0xef, 0xfc, 0x44, 0x0, 0xf2,
    0x3c, 0x8, 0x6, 0x26, 0x0, 0x89, 0xb2, 0xe5,
    0x40, 0x32, 0x89, 0x0, 0x2f, 0x36, 0xf9, 0x80,
    0xf, 0xfe, 0xb8, 0x0, 0xaf, 0xad, 0xc4, 0x2,
    0x7f, 0xf7, 0x30, 0x0,

    /* U+529B "力" */
    0x0, 0xf2, 0xf0, 0x7, 0xff, 0x6a, 0x3f, 0xf5,
    0xf, 0xff, 0xa4, 0x2a, 0xef, 0x31, 0x5d, 0xf1,
    0x88, 0x12, 0x26, 0x6, 0x44, 0xe7, 0xf0, 0xf,
    0x29, 0x80, 0x73, 0x88, 0x7, 0x11, 0xd8, 0x7,
    0x11, 0x80, 0x75, 0x11, 0x80, 0x70, 0x88, 0x3,
    0x13, 0xd0, 0x7, 0x8, 0x30, 0x6, 0xf3, 0x70,
    0xe, 0x20, 0x20, 0xa, 0x8f, 0x40, 0x3c, 0x84,
    0x0, 0x2c, 0x4d, 0x10, 0x8, 0xce, 0xa4, 0x0,
    0x4b, 0xf9, 0x80, 0x6e, 0xcc, 0xc, 0x0, 0x2e,
    0xc2, 0x1, 0xdb, 0xfe, 0xc1, 0x0,

    /* U+529D "劝" */
    0x0, 0xfe, 0x7c, 0x0, 0xc2, 0xcd, 0xc8, 0x1,
    0xfd, 0xff, 0xab, 0xc0, 0x40, 0x2, 0x3d, 0x53,
    0x33, 0x9e, 0x74, 0x1f, 0x75, 0x81, 0xd0, 0x0,
    0x4d, 0xd7, 0x39, 0xf7, 0x24, 0x1, 0xee, 0xa8,
    0x8, 0x23, 0x30, 0x88, 0x4, 0xa, 0xa9, 0xe8,
    0x20, 0x3, 0x30, 0x7, 0x95, 0x93, 0x80, 0x24,
    0xc0, 0x0, 0xb8, 0x4, 0x21, 0xe0, 0x2, 0x17,
    0x0, 0x78, 0x80, 0xd, 0xe1, 0x54, 0x16, 0x44,
    0x0, 0x9, 0x80, 0xf3, 0x3b, 0xa4, 0x5a, 0x0,
    0x23, 0x12, 0xc1, 0x90, 0x8d, 0xa2, 0x50, 0x9,
    0xf8, 0x5b, 0x0, 0x2b, 0x4f, 0x2, 0x22, 0x12,
    0x9d, 0x80, 0x44, 0x96, 0x41, 0x5b, 0x6a, 0x60,
    0x1c, 0x5c, 0x80, 0x8, 0xff, 0x50, 0x0,

    /* U+529E "办" */
    0x0, 0xf6, 0x38, 0x7, 0xff, 0x34, 0x91, 0x30,
    0xea, 0x26, 0x0, 0xea, 0xae, 0x25, 0xaa, 0x5d,
    0x80, 0x3a, 0x3b, 0xb0, 0xcf, 0x72, 0xc0, 0x3e,
    0x27, 0x0, 0x9, 0x0, 0x4, 0x12, 0x40, 0x35,
    0xe8, 0x10, 0x30, 0x0, 0xc5, 0x98, 0x40, 0x1,
    0x6e, 0xa, 0x22, 0x0, 0x46, 0x49, 0x40, 0xb,
    0x34, 0x5, 0x50, 0x5, 0xc2, 0x1a, 0xc0, 0x2f,
    0xe0, 0xa5, 0x40, 0x10, 0xb8, 0x38, 0x98, 0xe9,
    0x95, 0xb1, 0x0, 0x44, 0x20, 0x38, 0x60, 0x1,
    0xf3, 0x90, 0xc, 0xa4, 0x0, 0x30, 0x1, 0xe0,
    0x60, 0xa, 0x1b, 0x8e, 0x0, 0x61, 0xc6, 0xc1,
    0x3, 0xbc, 0x96, 0x40, 0xc, 0x3b, 0x62, 0x0,
    0x2f, 0xf7, 0x48, 0x7, 0x0,

    /* U+529F "功" */
    0x0, 0xfe, 0x3f, 0x0, 0xf4, 0x47, 0x38, 0x7,
    0xfb, 0xfc, 0xa7, 0xe2, 0x1, 0xfe, 0x77, 0x36,
    0x3b, 0xbf, 0xd8, 0x1f, 0xf8, 0x80, 0x3c, 0x39,
    0x88, 0x1c, 0xc5, 0x81, 0x80, 0x7c, 0x66, 0x5,
    0x33, 0x28, 0x7, 0xfd, 0xc4, 0x0, 0x30, 0x10,
    0xf, 0xe5, 0xe0, 0x0, 0x80, 0x7b, 0xd2, 0x4,
    0x46, 0xa0, 0x7, 0x10, 0x1, 0xba, 0xbd, 0x10,
    0x31, 0x10, 0x0, 0x26, 0x5, 0x97, 0x39, 0xd4,
    0x11, 0x60, 0x11, 0x8, 0x17, 0x63, 0x98, 0x2,
    0x8d, 0x80, 0x2e, 0x60, 0x0, 0x80, 0x45, 0xad,
    0xc0, 0x44, 0x37, 0xc0, 0xf, 0x43, 0xe9, 0x5,
    0x6e, 0x13, 0x80, 0x7a, 0xa8, 0x1, 0x47, 0xfb,
    0x4, 0x0,

    /* U+52A0 "加" */
    0x0, 0xb9, 0x0, 0x3f, 0xf8, 0xe6, 0x7e, 0x3,
    0x30, 0x11, 0x9c, 0x1b, 0xbd, 0xc3, 0x98, 0x19,
    0xcc, 0x68, 0x3, 0x7b, 0x96, 0x3, 0xfe, 0xc,
    0xfb, 0x30, 0xf, 0xf8, 0x40, 0x40, 0x3f, 0xc2,
    0x6, 0x1, 0xff, 0xc0, 0x20, 0x10, 0x31, 0x0,
    0xfe, 0x63, 0x0, 0xff, 0xe0, 0xea, 0x80, 0x5,
    0xc0, 0x3f, 0x97, 0x0, 0x1e, 0x20, 0x1f, 0x8c,
    0x94, 0x0, 0x46, 0x0, 0x53, 0x36, 0x80, 0x3d,
    0x80, 0x8d, 0x3c, 0x1, 0x39, 0x87, 0x4, 0x19,
    0xc, 0xc1, 0x38, 0x3, 0x3f, 0xd4, 0x9, 0xa0,
    0xe, 0xfc, 0x10, 0xe3, 0x0, 0x2e, 0x80,

    /* U+52A1 "务" */
    0x0, 0xe1, 0x81, 0x0, 0xff, 0xe0, 0xd9, 0x88,
    0x7, 0xff, 0x2, 0x55, 0x3f, 0xfd, 0x0, 0x18,
    0x6d, 0xa3, 0xbb, 0x94, 0xa4, 0x2, 0x3f, 0x1b,
    0x97, 0x11, 0x1d, 0x3e, 0x8, 0x4, 0x77, 0x49,
    0xf5, 0x95, 0xb9, 0xa2, 0x1, 0xca, 0x2b, 0x4,
    0x47, 0xd, 0x63, 0x10, 0x0, 0xe7, 0xf4, 0x5,
    0x76, 0xef, 0x77, 0x90, 0xce, 0x7e, 0xca, 0x72,
    0x13, 0xdf, 0x7e, 0x90, 0x2b, 0xa2, 0x4a, 0x24,
    0x89, 0xc4, 0x1, 0x44, 0x6b, 0x1a, 0x88, 0xa6,
    0x40, 0x1b, 0x32, 0xd0, 0xac, 0xcc, 0xae, 0x1,
    0xe2, 0xc4, 0x40, 0x6, 0x3d, 0x0, 0xc9, 0x3a,
    0xb4, 0x1, 0x89, 0x10, 0x1, 0x65, 0x6, 0xc0,
    0x1, 0x3f, 0xd8, 0xe6, 0x1, 0x67, 0x49, 0x0,
    0x49, 0xfe, 0xe8, 0x0, 0x80,

    /* U+52A3 "劣" */
    0x0, 0xfb, 0x8c, 0x0, 0x20, 0x1e, 0x5e, 0x0,
    0xe3, 0xe4, 0x0, 0xc3, 0x76, 0x0, 0xe3, 0xbb,
    0x30, 0x0, 0x71, 0xd4, 0x3, 0xa7, 0xee, 0x54,
    0x2d, 0x24, 0x2, 0x34, 0xc3, 0xb4, 0xa0, 0x5,
    0x41, 0xa3, 0xd8, 0x77, 0x28, 0x0, 0xaa, 0x2f,
    0xef, 0xe1, 0xf1, 0x92, 0x0, 0xe2, 0xff, 0x65,
    0x30, 0x10, 0x7, 0xe5, 0xff, 0xd6, 0x3f, 0xfd,
    0x60, 0x5, 0xee, 0xc5, 0x1d, 0xd9, 0x84, 0x2,
    0x11, 0x9c, 0x98, 0x47, 0x19, 0x80, 0x39, 0xa6,
    0xc4, 0x3, 0x3f, 0x80, 0x9, 0xb6, 0x2d, 0x0,
    0x48, 0x50, 0x94, 0x13, 0x75, 0x7c, 0x80, 0x3,
    0xde, 0xb6, 0x30, 0x4f, 0xb6, 0x0, 0xc5, 0xff,
    0x48, 0x0,

    /* U+52A8 "动" */
    0x0, 0x8, 0xf8, 0x1, 0x32, 0x0, 0xe8, 0xee,
    0xe8, 0x0, 0xfe, 0x8f, 0xfe, 0x90, 0xf, 0xfe,
    0x24, 0xd2, 0x22, 0xaa, 0x10, 0x22, 0xf8, 0x4c,
    0x4, 0xcc, 0xa0, 0x3b, 0xbe, 0xc8, 0x96, 0xa9,
    0x80, 0x0, 0xff, 0x6, 0xff, 0xb8, 0x0, 0xc6,
    0x6, 0x2, 0x0, 0x42, 0x29, 0xc0, 0x22, 0x60,
    0xf, 0x7a, 0x81, 0xc0, 0x81, 0x81, 0x80, 0x88,
    0x2, 0x5a, 0x1, 0x56, 0x5, 0x30, 0x3, 0x98,
    0x1, 0x85, 0x6b, 0x56, 0x82, 0xec, 0x0, 0x21,
    0x0, 0x50, 0x6e, 0x77, 0x8a, 0x93, 0x0, 0x39,
    0x80, 0x1b, 0xd4, 0xc6, 0x1b, 0x6e, 0x64, 0x6b,
    0xa0, 0x1, 0x0, 0xe4, 0x28, 0x4d, 0xc1, 0x60,
    0xf, 0xcb, 0x80, 0xdf, 0xec, 0x10,

    /* U+52A9 "助" */
    0x2, 0xff, 0xe0, 0xa, 0xd8, 0x3, 0x87, 0xb9,
    0xa0, 0x19, 0xc0, 0x3e, 0x11, 0x10, 0x7, 0xff,
    0x0, 0x44, 0x40, 0xdb, 0xa3, 0x8d, 0xd8, 0x0,
    0x3d, 0xcd, 0x5, 0xbb, 0xb, 0xda, 0x90, 0x0,
    0x7f, 0xe0, 0x36, 0x60, 0x53, 0x58, 0x7, 0xfc,
    0x24, 0x0, 0x10, 0x0, 0xff, 0xc0, 0x11, 0x80,
    0x83, 0x80, 0x43, 0xdc, 0xd0, 0xa, 0xd0, 0x2,
    0x30, 0x8, 0x44, 0x40, 0x40, 0x9a, 0x0, 0x11,
    0x0, 0x48, 0xf4, 0x1a, 0xa4, 0xe0, 0x3, 0x72,
    0xf1, 0xac, 0xdc, 0xeb, 0x91, 0x0, 0x70, 0x9d,
    0xef, 0x5b, 0x8e, 0x2b, 0x89, 0x11, 0x74, 0x58,
    0x80, 0x2b, 0x7b, 0x4, 0xdd, 0x3, 0x0, 0x7a,
    0x68, 0x0, 0xbf, 0xed, 0x10,

    /* U+52AA "努" */
    0x0, 0xff, 0xe3, 0x8f, 0x88, 0x7, 0xff, 0x5,
    0x8c, 0x40, 0x13, 0xff, 0xd6, 0x5, 0xba, 0x83,
    0xdd, 0x5c, 0xf, 0x7f, 0x93, 0x0, 0xbd, 0x4b,
    0x7d, 0xf0, 0x49, 0xc0, 0x91, 0x80, 0x4, 0xd4,
    0x46, 0x8a, 0x11, 0x1, 0x96, 0x10, 0x0, 0xbc,
    0x4d, 0xb9, 0x2, 0x2e, 0x34, 0x80, 0x43, 0x38,
    0xea, 0x1, 0x8, 0x10, 0x88, 0x2, 0x27, 0xd4,
    0xb4, 0x78, 0xe0, 0xc7, 0xe9, 0x12, 0xdd, 0x55,
    0x13, 0x48, 0x72, 0xce, 0xec, 0x62, 0x5f, 0x6a,
    0x23, 0x5f, 0x90, 0x8c, 0xb4, 0x0, 0x1e, 0xee,
    0x19, 0xee, 0xe1, 0x0, 0xf, 0xfe, 0x54, 0xff,
    0xd6, 0x2, 0x1, 0xe8, 0x59, 0x0, 0xc6, 0x40,
    0x18, 0xdf, 0x57, 0x8, 0x2, 0x1b, 0x40, 0xa,
    0xf3, 0x11, 0xa6, 0x0, 0x7f, 0xe0, 0xb0, 0xa,
    0xfe, 0xd4, 0x3, 0x3f, 0xfb, 0x8, 0x0,

    /* U+52AB "劫" */
    0x0, 0xd8, 0xa0, 0x18, 0xf8, 0x3, 0xff, 0x92,
    0xfb, 0xa3, 0xbd, 0xc0, 0xf, 0xe6, 0xff, 0x14,
    0xff, 0x37, 0xe0, 0xff, 0xc0, 0x1, 0x22, 0x9,
    0x14, 0xfb, 0x25, 0xb6, 0x1, 0x8, 0xe3, 0x11,
    0x88, 0x4, 0x98, 0x0, 0x3d, 0xd1, 0x4f, 0x71,
    0xc0, 0x58, 0x4, 0x0, 0x3d, 0xc6, 0x3e, 0xe9,
    0xc3, 0x88, 0x0, 0x20, 0x1, 0x13, 0xc8, 0xe8,
    0x4, 0x9a, 0xe, 0x60, 0x13, 0x1a, 0x83, 0x48,
    0x9, 0x38, 0x8, 0x80, 0x28, 0x92, 0x40, 0x70,
    0x62, 0x20, 0x1b, 0x80, 0x28, 0x6f, 0x20, 0xc9,
    0x66, 0xc0, 0x1c, 0x20, 0xf, 0xad, 0xec, 0x9f,
    0xe3, 0x62, 0x22, 0xe8, 0x1, 0x54, 0x40, 0x19,
    0x7c, 0x3b, 0x41, 0x80, 0x3f, 0x17, 0x10, 0x67,
    0xe8, 0x80,

    /* U+52B1 "励" */
    0x2, 0xff, 0xf9, 0x43, 0xc8, 0x3, 0xdd, 0xde,
    0x50, 0xf, 0xc2, 0x3f, 0x0, 0x7f, 0xc, 0x47,
    0x31, 0x18, 0x39, 0x98, 0x3, 0x9, 0x38, 0x8d,
    0x3a, 0x17, 0xd8, 0x40, 0x1, 0x98, 0x9, 0x93,
    0xdf, 0x87, 0x68, 0x18, 0x8, 0x6, 0xee, 0x28,
    0x18, 0x80, 0x7e, 0x12, 0xc5, 0x0, 0x31, 0x80,
    0x80, 0x83, 0x98, 0x33, 0x93, 0x88, 0x1b, 0x80,
    0x70, 0x88, 0x37, 0x40, 0x7, 0xc, 0xd0, 0x30,
    0x8, 0x98, 0x10, 0xc0, 0x46, 0x45, 0x1, 0x10,
    0x3, 0x74, 0x46, 0xa0, 0x46, 0xc6, 0x40, 0xc4,
    0x0, 0x43, 0x96, 0x12, 0x2, 0x88, 0x0, 0xfb,
    0x0, 0x93, 0xba, 0x65, 0xad, 0x4e, 0x97, 0xc9,
    0x20, 0x38, 0x78, 0x13, 0xf3, 0x28, 0xb, 0xfe,
    0x30,

    /* U+52B2 "劲" */
    0x0, 0xff, 0xe2, 0x7f, 0xf9, 0x40, 0x15, 0x0,
    0x1b, 0xbb, 0x38, 0x20, 0x5, 0xe0, 0x18, 0x46,
    0x27, 0x91, 0x0, 0xff, 0x1e, 0x13, 0x5, 0x72,
    0xc7, 0x73, 0x0, 0xf, 0x8c, 0x3a, 0x71, 0xa6,
    0xfb, 0x22, 0x7d, 0x35, 0x39, 0x58, 0x26, 0x1a,
    0x64, 0x27, 0x1c, 0xa0, 0x7, 0xe3, 0x1, 0x10,
    0x6, 0xad, 0xde, 0x60, 0x1, 0x30, 0x6, 0xfe,
    0xb2, 0xee, 0x28, 0x10, 0x10, 0x1b, 0x81, 0x99,
    0x44, 0xcc, 0x40, 0xe6, 0x1, 0xff, 0xc1, 0x94,
    0x0, 0x8, 0x6, 0x61, 0x9c, 0xc1, 0x9a, 0x40,
    0x1e, 0x27, 0x9f, 0x44, 0x15, 0xfc, 0xc2, 0x22,
    0x42, 0x25, 0xdb, 0xf6, 0x5a, 0x46, 0x42, 0xf4,
    0xa8, 0x5d, 0x0, 0x35, 0xe8, 0x2, 0xbf, 0x88,

    /* U+52B3 "劳" */
    0x0, 0xcf, 0x80, 0x1b, 0x18, 0x3, 0xbf, 0xe8,
    0x3f, 0xfc, 0x73, 0xff, 0x8, 0x6e, 0xce, 0x5b,
    0xb8, 0x9f, 0x76, 0x10, 0x22, 0xae, 0xc4, 0x5a,
    0xec, 0x45, 0x0, 0x2f, 0xfd, 0x93, 0xff, 0xa7,
    0x3f, 0xd4, 0x1, 0x3f, 0x75, 0xb9, 0xdd, 0xcc,
    0x1, 0x16, 0x88, 0xcf, 0xa2, 0x3d, 0xfa, 0x0,
    0x97, 0x22, 0xb4, 0x8, 0xb9, 0xdc, 0x1, 0x76,
    0xec, 0xe3, 0xbb, 0xd0, 0x1, 0xb3, 0xfe, 0x19,
    0xff, 0xc8, 0x20, 0x1f, 0x30, 0xb8, 0x6, 0x7f,
    0x0, 0xf3, 0x4d, 0x8, 0x6, 0x22, 0x0, 0x44,
    0xd9, 0x12, 0xa0, 0x24, 0x45, 0x17, 0x0, 0xb2,
    0xaf, 0xd8, 0x0, 0x9b, 0xaa, 0x72, 0x0, 0xbb,
    0x1c, 0x40, 0x25, 0xff, 0xa0, 0x2,

    /* U+52BF "势" */
    0x0, 0xa6, 0x0, 0x37, 0x18, 0x7, 0xbb, 0xd9,
    0xfe, 0xff, 0xc3, 0x9f, 0xe4, 0x0, 0xbf, 0x95,
    0xba, 0xbb, 0x43, 0xb8, 0x60, 0x18, 0x40, 0x5,
    0x13, 0x94, 0x42, 0x20, 0xc, 0x3d, 0xc5, 0x60,
    0xc9, 0x60, 0x10, 0x0, 0x80, 0x6, 0xf5, 0x96,
    0x51, 0x84, 0x5e, 0x8c, 0x70, 0x40, 0x8c, 0x40,
    0x4, 0xc9, 0xc6, 0x3c, 0xa6, 0x30, 0x3f, 0x1a,
    0x1, 0x76, 0x8, 0x76, 0xb8, 0x10, 0x7, 0xf3,
    0x26, 0xa2, 0x79, 0x58, 0x0, 0x91, 0x19, 0xce,
    0x23, 0x55, 0x0, 0x26, 0xcc, 0xbc, 0x3f, 0x33,
    0x2f, 0x0, 0x78, 0xf6, 0x44, 0x3, 0x29, 0x0,
    0x64, 0xac, 0x96, 0x1, 0x10, 0x28, 0xa0, 0x0,
    0x7e, 0x4b, 0x9c, 0x0, 0xdd, 0xf7, 0x20, 0x10,
    0xf6, 0xc0, 0x80, 0x4f, 0xfe, 0xe6, 0x0, 0x80,

    /* U+52C3 "勃" */
    0x0, 0xda, 0x80, 0x18, 0xb8, 0x3, 0x6f, 0xf8,
    0xaf, 0xfc, 0x40, 0x1f, 0x67, 0x70, 0xab, 0xb8,
    0x40, 0x20, 0x1c, 0x67, 0x1, 0x9c, 0x13, 0x3,
    0x32, 0x80, 0xdf, 0xf0, 0x5f, 0xea, 0x80, 0x63,
    0x60, 0x6, 0xef, 0x18, 0xcf, 0x1c, 0xc8, 0x1,
    0x79, 0xdd, 0x7d, 0xa8, 0x1b, 0x83, 0x98, 0x26,
    0x76, 0x9c, 0xb8, 0x87, 0x10, 0x7, 0xdb, 0xe,
    0x64, 0x9, 0x80, 0x23, 0x45, 0x58, 0xd7, 0x71,
    0x0, 0xd0, 0xd, 0xc0, 0x77, 0x82, 0xff, 0x5a,
    0xc, 0x40, 0x46, 0x97, 0x51, 0x70, 0x0, 0xbc,
    0x0, 0x38, 0xc0, 0x2, 0x30, 0x0, 0x71, 0x50,
    0x44, 0x9e, 0x0, 0x9e, 0x32, 0x9, 0x6a, 0x1e,
    0xe0, 0xb8, 0x2, 0x3f, 0x4, 0x22, 0xc0, 0x7f,
    0xd8, 0x20,

    /* U+52C7 "勇" */
    0x0, 0xff, 0xe2, 0xf7, 0x7e, 0xff, 0x88, 0x2,
    0xee, 0x9a, 0xf3, 0xc, 0x2b, 0xa4, 0x1, 0xc3,
    0xd9, 0xda, 0xed, 0x44, 0x1, 0xa7, 0x72, 0xd0,
    0x44, 0xf, 0xba, 0x80, 0x8, 0xaf, 0x76, 0x46,
    0xff, 0x6a, 0x88, 0x6, 0x8d, 0xd9, 0xdb, 0x76,
    0x60, 0xe, 0x8d, 0xd9, 0xdb, 0x76, 0x60, 0xe,
    0x8c, 0xc9, 0xdb, 0x32, 0x60, 0xc, 0x57, 0x99,
    0x5d, 0x66, 0x52, 0x20, 0x14, 0xa8, 0x5, 0x62,
    0x1, 0x3c, 0x0, 0x13, 0xff, 0x86, 0xbf, 0xf8,
    0x0, 0x9f, 0xf6, 0x8c, 0xff, 0xe9, 0x20, 0x8,
    0x56, 0xb6, 0x18, 0x3, 0x6a, 0x0, 0x37, 0xfb,
    0x79, 0x80, 0xd, 0xfe, 0x6b, 0x0, 0x6f, 0x5b,
    0x88, 0x4, 0xdf, 0xed, 0x20,

    /* U+52C9 "勉" */
    0x0, 0xc2, 0x1, 0xff, 0xc2, 0x7c, 0x10, 0xc,
    0x5e, 0x1, 0xf4, 0x97, 0x7a, 0x80, 0x7f, 0xa9,
    0xff, 0x85, 0x40, 0x2, 0x20, 0xe, 0x74, 0xb1,
    0x84, 0x15, 0xfc, 0x1f, 0xf8, 0x86, 0x47, 0x3d,
    0x93, 0xeb, 0x20, 0xb3, 0x0, 0x63, 0x47, 0xde,
    0x1d, 0xa2, 0x62, 0xc6, 0x60, 0x9, 0xc0, 0x6,
    0x1, 0xdc, 0x40, 0x20, 0x20, 0x1, 0x37, 0x13,
    0x50, 0x2, 0x78, 0x18, 0x6, 0x1f, 0xb1, 0xca,
    0x51, 0x34, 0x1, 0x10, 0x0, 0xf3, 0xe, 0x83,
    0x97, 0x26, 0x40, 0xc6, 0x1, 0x85, 0xb8, 0x0,
    0x8f, 0xe4, 0x9c, 0xe0, 0x1a, 0x95, 0xc0, 0x11,
    0x46, 0x32, 0x1a, 0x60, 0x36, 0xf4, 0x62, 0x58,
    0xa0, 0x7b, 0x58, 0x83, 0xe5, 0x80, 0x2b, 0xbf,
    0xfd, 0xce, 0xc3, 0xf2, 0x1, 0x57, 0xff, 0xd8,
    0x20,

    /* U+52CB "勋" */
    0x4, 0xfe, 0xeb, 0xcc, 0x1, 0x6e, 0x1, 0xc7,
    0xdd, 0x8, 0x7, 0xff, 0x34, 0x77, 0x63, 0x9,
    0xa5, 0xaa, 0x94, 0x13, 0x77, 0x8f, 0xf0, 0xdf,
    0x1b, 0x43, 0x3f, 0xba, 0xfb, 0x66, 0xe, 0x33,
    0x3c, 0x1, 0x7d, 0xfd, 0x20, 0x10, 0x98, 0x7,
    0xdc, 0x20, 0x18, 0xd8, 0x4, 0x40, 0x1f, 0xc2,
    0x22, 0x0, 0xfc, 0x20, 0x12, 0x88, 0x81, 0xcc,
    0x2, 0x41, 0x0, 0xdc, 0x80, 0x1, 0x0, 0x72,
    0xc3, 0x4a, 0x48, 0xac, 0x80, 0x9, 0x80, 0x71,
    0xa0, 0x3c, 0xf4, 0xc8, 0x8a, 0x4, 0xfb, 0x54,
    0x9, 0x82, 0x26, 0x96, 0xd3, 0xb, 0xf3, 0x80,
    0x4a, 0x7c, 0x27, 0xfe, 0x90,

    /* U+52D2 "勒" */
    0x0, 0xff, 0xe3, 0x25, 0x80, 0x34, 0xc0, 0x7,
    0xe0, 0x1d, 0xd6, 0x9d, 0xc2, 0xcb, 0x0, 0x8,
    0x7, 0x75, 0x27, 0x70, 0xae, 0xc0, 0x1f, 0xc2,
    0xb5, 0x42, 0x79, 0xdd, 0xe, 0xec, 0x20, 0x5,
    0xd1, 0x3c, 0x3b, 0xe9, 0x2e, 0x92, 0x0, 0x36,
    0xfa, 0xbf, 0xe3, 0x18, 0x88, 0xd4, 0x4, 0x5,
    0x79, 0x1b, 0x9c, 0x40, 0x58, 0x3, 0xc2, 0x47,
    0xe4, 0x20, 0xd, 0x20, 0x30, 0xc, 0xfe, 0xd1,
    0xea, 0x0, 0x4c, 0x0, 0xe7, 0xff, 0x2c, 0x7f,
    0x94, 0x85, 0x40, 0x44, 0x3, 0xbb, 0x2c, 0xee,
    0xaa, 0xd4, 0x41, 0xcc, 0x7, 0xba, 0x47, 0xee,
    0x7b, 0x48, 0x0, 0x84, 0x0, 0x67, 0xf, 0x18,
    0xdb, 0x99, 0xe, 0xa8, 0x7, 0xe4, 0x78, 0xf,
    0xe5, 0xa0, 0xe, 0xa7, 0x6, 0x90, 0x6, 0xff,
    0x18, 0x0,

    /* U+52D8 "勘" */
    0x0, 0x53, 0x0, 0x1a, 0x80, 0x14, 0xe0, 0x11,
    0xf2, 0xcf, 0x72, 0x57, 0x80, 0x3c, 0x7c, 0xb3,
    0xdc, 0x84, 0xe0, 0xf, 0xe8, 0xcc, 0x48, 0x8b,
    0xd6, 0x3f, 0xd8, 0x1, 0x4e, 0xea, 0x40, 0x74,
    0xe3, 0x64, 0x40, 0x2a, 0xac, 0x0, 0x20, 0x32,
    0x20, 0x80, 0x55, 0x32, 0x50, 0x8, 0x5c, 0x4,
    0x0, 0x22, 0x3, 0x37, 0x88, 0x80, 0x84, 0x0,
    0xee, 0xe4, 0x8e, 0xe4, 0x27, 0x10, 0x10, 0x18,
    0xbc, 0x3f, 0xb6, 0xaf, 0xf9, 0x88, 0x0, 0x20,
    0x19, 0x54, 0x44, 0xa0, 0xd4, 0x0, 0x79, 0x80,
    0x5b, 0xc1, 0x1a, 0xf, 0x40, 0x2, 0xe0, 0x3,
    0xbb, 0x7f, 0xd1, 0xa4, 0x41, 0x24, 0x30, 0x7e,
    0xef, 0xf, 0xbf, 0x6a, 0xa0, 0x0, 0x47, 0xd8,
    0x6d, 0xfe, 0xb0,

    /* U+52DF "募" */
    0xe, 0xff, 0xff, 0xe0, 0x70, 0x3, 0xbf, 0xd8,
    0x9f, 0xf8, 0xf3, 0xfd, 0xc0, 0x11, 0xf6, 0xaf,
    0x76, 0x2d, 0xe4, 0x0, 0xe1, 0xee, 0xfc, 0x2,
    0x1, 0xeb, 0xbf, 0xc2, 0x1, 0xf5, 0xdf, 0xe1,
    0x0, 0xfb, 0x77, 0xf0, 0x80, 0x71, 0xfe, 0xa8,
    0xee, 0xf7, 0xa8, 0x0, 0x7f, 0xf3, 0x9f, 0xff,
    0xe1, 0x17, 0xea, 0x23, 0x78, 0x3b, 0xf4, 0xdb,
    0xbc, 0x4b, 0x3d, 0x5b, 0xb0, 0x33, 0x1c, 0x2b,
    0xf6, 0x65, 0xfb, 0xf9, 0xe7, 0x39, 0xba, 0x9,
    0xed, 0x30, 0x30, 0x3, 0x6b, 0x30, 0x44, 0x4,
    0xe0, 0xc0, 0x14, 0x76, 0xea, 0x1, 0x3f, 0x94,
    0x80, 0x3a, 0x3e, 0x8c, 0x0, 0x9f, 0xea, 0x0,
    0xc0,

    /* U+52E4 "勤" */
    0x0, 0x3c, 0x80, 0x35, 0x0, 0x7, 0xc0, 0x18,
    0xba, 0x1b, 0xb8, 0x55, 0xa0, 0x1f, 0x17, 0x42,
    0xe6, 0x6, 0xb4, 0x3, 0xf9, 0xb, 0xe5, 0x98,
    0x77, 0xe3, 0x77, 0x18, 0x3f, 0xa1, 0x2a, 0x72,
    0xc5, 0xc, 0x41, 0x5c, 0x3a, 0xf1, 0x27, 0x1c,
    0xc, 0xc4, 0x66, 0x7, 0x0, 0xe1, 0x1, 0x0,
    0x1b, 0x0, 0x77, 0x56, 0xa4, 0x6b, 0x98, 0x71,
    0x80, 0x4, 0x40, 0x77, 0x62, 0x4b, 0xb0, 0x81,
    0xf8, 0x7, 0x8c, 0xc2, 0x6, 0x67, 0x4, 0x40,
    0x4, 0x60, 0x53, 0x23, 0x49, 0x90, 0x29, 0x10,
    0x4, 0x4, 0x1b, 0x30, 0x93, 0x98, 0x28, 0xb0,
    0x1, 0x0, 0x6, 0x26, 0x96, 0x7b, 0xf8, 0x18,
    0x45, 0x46, 0x1, 0x77, 0xd6, 0xff, 0x17, 0x84,
    0xf3, 0x48, 0xc, 0x3a, 0xa1, 0x88, 0xb4, 0x82,
    0x3f, 0xca, 0x0,

    /* U+52FA "勺" */
    0x0, 0xc6, 0x40, 0x1f, 0xfc, 0x1e, 0xa0, 0xf,
    0xfe, 0x2, 0x15, 0x0, 0x7f, 0xf0, 0x3c, 0x37,
    0xff, 0xf4, 0x80, 0xd, 0x2b, 0x33, 0xf2, 0x8,
    0x3, 0x95, 0x46, 0x7f, 0x83, 0xc2, 0x4e, 0xc9,
    0x40, 0x3f, 0x89, 0xf4, 0x45, 0x4a, 0x1, 0xe7,
    0x12, 0xe3, 0x3, 0xaa, 0x20, 0x7, 0x9, 0x80,
    0x72, 0xbd, 0x8, 0x6, 0x21, 0x0, 0xf4, 0x1c,
    0x80, 0x73, 0x0, 0x7d, 0xf0, 0x1, 0x10, 0x18,
    0x7, 0xc4, 0x1, 0x9c, 0x44, 0x1, 0xf8, 0x4c,
    0x8e, 0x50, 0x3, 0xfd, 0x9b, 0x81, 0x0, 0x1f,
    0xc3, 0xff, 0x61, 0x0,

    /* U+52FE "勾" */
    0x0, 0xc2, 0x60, 0x1f, 0xfc, 0x1b, 0xf0, 0xf,
    0xfe, 0x0, 0xad, 0x0, 0x7f, 0xf0, 0x20, 0x27,
    0xff, 0xf7, 0x0, 0x5, 0xa7, 0xbb, 0xf4, 0x18,
    0x2, 0x8d, 0x83, 0x4c, 0x47, 0xc0, 0x6, 0x4e,
    0x8, 0x22, 0x0, 0x70, 0x88, 0x2e, 0x48, 0x5a,
    0x1, 0xd8, 0x2, 0xf7, 0xd, 0x60, 0xb3, 0x60,
    0x38, 0x10, 0x0, 0x88, 0x2, 0x45, 0xe0, 0x2,
    0x2d, 0x80, 0xc, 0xc0, 0x2, 0xa5, 0x77, 0x4d,
    0x32, 0x98, 0x8, 0x80, 0xa, 0x29, 0x3a, 0x39,
    0xd, 0x0, 0xdc, 0x0, 0x7f, 0xec, 0xa8, 0x65,
    0x8a, 0x2, 0x20, 0x7, 0xe2, 0x42, 0x24, 0x82,
    0x0, 0x7f, 0x5e, 0x61, 0xe8, 0x3, 0xf8, 0xbf,
    0xee, 0x50,

    /* U+52FF "勿" */
    0x0, 0xc6, 0x40, 0x1f, 0xfc, 0x1d, 0x50, 0xf,
    0xfe, 0x2, 0x8b, 0x0, 0x7f, 0xf0, 0x38, 0x3b,
    0xff, 0xf7, 0x0, 0xd, 0x2b, 0x14, 0xf3, 0x2,
    0xf9, 0x0, 0x17, 0xaa, 0x8d, 0xe8, 0xc8, 0x68,
    0xc8, 0xc2, 0xa, 0xc0, 0xc9, 0xc1, 0x44, 0x80,
    0xc4, 0x9e, 0x84, 0x21, 0x84, 0x35, 0x0, 0x2,
    0xe5, 0xc8, 0x6, 0x90, 0x0, 0x7e, 0x0, 0x78,
    0x80, 0x80, 0x39, 0xc4, 0x14, 0x10, 0x0, 0x46,
    0x1, 0x48, 0x40, 0x2, 0x58, 0x2, 0x11, 0x0,
    0x21, 0xbc, 0x0, 0xc5, 0x20, 0x13, 0x70, 0x2b,
    0xe1, 0x1, 0x44, 0x4, 0x2, 0x25, 0x5, 0xe3,
    0x1, 0xc4, 0x61, 0x33, 0x40, 0x18, 0x0, 0x40,
    0xa, 0xaa, 0x0, 0x66, 0x1a, 0x80,

    /* U+5300 "匀" */
    0x0, 0xc4, 0xc0, 0x1f, 0xfc, 0x18, 0xa0, 0xf,
    0xfe, 0x1, 0x2c, 0x80, 0x7f, 0xf0, 0x2c, 0x2b,
    0xff, 0xf2, 0x80, 0xd, 0xa7, 0x33, 0xf0, 0x80,
    0x5c, 0xac, 0x67, 0xf8, 0x2, 0xb0, 0xba, 0xc3,
    0x0, 0xf0, 0x88, 0xdb, 0xc6, 0x93, 0x24, 0x3,
    0xce, 0x7a, 0x40, 0x8, 0xc4, 0x80, 0xe, 0x10,
    0xf, 0x1e, 0xc1, 0x10, 0x4, 0xc, 0x3, 0xc5,
    0x1b, 0xa4, 0x2, 0x1, 0x0, 0x8e, 0x37, 0x47,
    0x7c, 0xc0, 0xe0, 0x1a, 0xb1, 0x2f, 0xad, 0x84,
    0x0, 0x66, 0x0, 0xa3, 0xb1, 0x84, 0xc, 0xc4,
    0x74, 0x80, 0x11, 0x8, 0x6, 0xac, 0xdc, 0x19,
    0x0, 0xfe, 0x9f, 0xfb, 0x4, 0x0,

    /* U+5305 "包" */
    0x0, 0xc2, 0x60, 0x1f, 0xfc, 0x2a, 0xf0, 0xf,
    0xfe, 0xa, 0x22, 0x88, 0xbf, 0x0, 0x74, 0x84,
    0xee, 0xfd, 0x80, 0x1a, 0x83, 0xff, 0xf5, 0x0,
    0x69, 0x4b, 0x44, 0xe3, 0x0, 0x8c, 0x0, 0x69,
    0xb1, 0x31, 0x14, 0xf0, 0x0, 0xc4, 0x0, 0x7a,
    0x61, 0xd9, 0x94, 0x80, 0x42, 0xe0, 0x1f, 0xfc,
    0x2f, 0x0, 0xfa, 0x67, 0x78, 0x4, 0x44, 0x0,
    0xf1, 0xf7, 0x59, 0x66, 0x88, 0xf0, 0xf, 0x53,
    0xbe, 0x6a, 0x95, 0x70, 0xf, 0x38, 0x7, 0x4e,
    0xd8, 0xe9, 0x0, 0x47, 0xc4, 0x41, 0x1e, 0x26,
    0x23, 0x0, 0xa5, 0xb7, 0x5d, 0xdd, 0xb1, 0x22,

    /* U+5306 "匆" */
    0x0, 0xcc, 0x60, 0x1f, 0xfc, 0x1, 0x97, 0x0,
    0xff, 0xe0, 0x48, 0xa0, 0x7, 0xff, 0x1, 0x87,
    0xff, 0xf9, 0xc0, 0xe, 0x17, 0x86, 0xd9, 0x21,
    0x98, 0x30, 0x1, 0x45, 0xa1, 0x1d, 0x18, 0x91,
    0x98, 0x4, 0x5e, 0x82, 0xce, 0x46, 0x18, 0x80,
    0x1, 0x2, 0x6b, 0x2b, 0x96, 0x0, 0x26, 0x0,
    0xc, 0xeb, 0x6, 0x80, 0x6e, 0x80, 0x40, 0x0,
    0x88, 0x2, 0x1b, 0x9d, 0x87, 0x13, 0x0, 0x9c,
    0x2, 0x82, 0x60, 0x70, 0x3c, 0x41, 0x1, 0x0,
    0x43, 0xf0, 0x2, 0xcf, 0x65, 0x88, 0x8, 0x25,
    0xf4, 0x81, 0x17, 0xc1, 0xc9, 0x44, 0x1, 0x58,
    0x60, 0x97, 0x6, 0x44, 0x3a, 0x40, 0x1, 0x98,
    0x0, 0x6e, 0xe0, 0xbd, 0xc1, 0x80, 0xf, 0x3c,
    0x0, 0x27, 0xfd, 0xa4, 0x0,

    /* U+5308 "匈" */
    0x0, 0xff, 0xe4, 0x47, 0x0, 0x7f, 0xf0, 0x49,
    0xdc, 0x67, 0xfc, 0x1, 0xa4, 0x1b, 0x33, 0xf8,
    0x2, 0xa4, 0xdf, 0xff, 0xd8, 0x1, 0x52, 0xd9,
    0x0, 0x54, 0xa0, 0x13, 0x80, 0x5, 0xda, 0x17,
    0x8, 0xd1, 0x53, 0x40, 0x2, 0x3, 0xba, 0x5,
    0xac, 0xe8, 0x0, 0xc2, 0x1, 0xf3, 0x39, 0x78,
    0x7, 0x18, 0x7, 0x99, 0x35, 0x68, 0x2, 0x30,
    0xf, 0x35, 0xe1, 0x68, 0x8, 0x0, 0x44, 0x1,
    0x85, 0x24, 0xc8, 0xe0, 0xc0, 0x1e, 0xe0, 0x18,
    0xb6, 0xf7, 0x74, 0x80, 0x8, 0x80, 0x12, 0x7f,
    0xfd, 0xd8, 0x49, 0xe0, 0x1f, 0xf4, 0x76, 0x93,
    0x0, 0x7f, 0xd3, 0xfe, 0xc0, 0x0,

    /* U+5316 "化" */
    0x0, 0xc2, 0x20, 0xf, 0xfe, 0x15, 0xd0, 0x3,
    0xd0, 0x3, 0xf8, 0x96, 0x0, 0x3f, 0xf8, 0x32,
    0x86, 0x1, 0xf5, 0x30, 0x4, 0xa9, 0xc0, 0x1f,
    0x42, 0xa8, 0x0, 0x54, 0x1, 0xf9, 0x9e, 0xcc,
    0xb, 0x10, 0x40, 0x38, 0x5e, 0x64, 0x80, 0x1,
    0x2b, 0x0, 0xf4, 0xc5, 0xb0, 0x4, 0x78, 0x1,
    0xc4, 0x3, 0xa8, 0x1, 0xfe, 0x8d, 0x8, 0x20,
    0xf, 0xf5, 0xad, 0x80, 0x80, 0x65, 0x0, 0xf5,
    0x6a, 0x0, 0x70, 0xd0, 0x80, 0x70, 0x80, 0x42,
    0x1, 0x10, 0x8, 0x7, 0xe1, 0xc3, 0x23, 0xa3,
    0x0, 0xfe, 0x87, 0xcd, 0xc7, 0x80,

    /* U+5317 "北" */
    0x0, 0xee, 0x40, 0x7, 0x98, 0x7, 0xff, 0x58,
    0x88, 0x0, 0x33, 0xc2, 0x1, 0xe4, 0xc9, 0x0,
    0x66, 0x60, 0xf, 0x45, 0xb5, 0x80, 0x3f, 0xf0,
    0x80, 0x6d, 0x4c, 0x80, 0xf, 0xfe, 0x4, 0xe1,
    0x80, 0x7f, 0xf0, 0x50, 0x3, 0xff, 0x9a, 0xa2,
    0x1, 0xf8, 0xc0, 0x7, 0x3d, 0x0, 0x1f, 0xde,
    0xcb, 0x85, 0x5a, 0x20, 0x1f, 0x84, 0x97, 0x6d,
    0x0, 0x3c, 0x84, 0x44, 0x25, 0x2, 0x0, 0xf9,
    0xe3, 0x75, 0x6c, 0x20,

    /* U+5319 "匙" */
    0x5, 0xfd, 0xdd, 0xe6, 0xd6, 0x1, 0xf2, 0x6e,
    0xe1, 0x0, 0xff, 0x26, 0xee, 0x10, 0xe, 0x45,
    0x0, 0x93, 0x77, 0x8, 0x4, 0x55, 0x43, 0x0,
    0x93, 0x33, 0x8, 0x1, 0x70, 0xbd, 0x80, 0xb,
    0xdb, 0xbb, 0x8c, 0xb, 0xa0, 0x40, 0x5, 0xb9,
    0x9f, 0x3, 0x80, 0x71, 0x7f, 0xc8, 0xdf, 0xee,
    0x0, 0xfc, 0x7a, 0x5c, 0x24, 0x50, 0x7, 0x41,
    0x1, 0x8, 0x1, 0x7f, 0xd0, 0xe, 0x1, 0x30,
    0x83, 0x9, 0x82, 0xff, 0xa1, 0x4f, 0xba, 0x3,
    0xd, 0x4e, 0xd0, 0xc, 0x7d, 0x99, 0x70, 0x1,
    0x7e, 0x15, 0x94, 0x84, 0x4, 0x8a, 0x0, 0x20,
    0x22, 0xf2, 0x76, 0x77, 0xff, 0x8d, 0x30, 0x0,
    0x31, 0x7d, 0xff, 0xf1, 0x80,

    /* U+531D "匝" */
    0x3f, 0xff, 0xfe, 0x8, 0x0, 0x77, 0x7f, 0xf8,
    0x0, 0x11, 0x17, 0x4, 0x11, 0x70, 0x7, 0xe1,
    0x40, 0xf, 0xe2, 0xcc, 0xb8, 0x73, 0x2b, 0x0,
    0xe1, 0x38, 0x85, 0x4, 0x42, 0xd4, 0x3, 0xc2,
    0x89, 0xa, 0x24, 0x1, 0xff, 0xdf, 0x88, 0x18,
    0x7, 0xb, 0x0, 0x77, 0x6f, 0x80, 0x71, 0x40,
    0x7, 0x33, 0x8, 0x3, 0x11, 0x70, 0xe1, 0x17,
    0x8, 0xe, 0xef, 0xff, 0x1, 0x80,

    /* U+5320 "匠" */
    0x5f, 0xff, 0xfe, 0x8, 0x0, 0x77, 0x7f, 0xf8,
    0x0, 0x11, 0x16, 0x30, 0x14, 0xab, 0x22, 0x0,
    0x76, 0xff, 0x67, 0x68, 0xf8, 0x7, 0xc7, 0x7f,
    0xdb, 0x72, 0xc0, 0x1f, 0x9c, 0x3, 0xff, 0x85,
    0x9f, 0xff, 0x40, 0x7, 0xd, 0xf7, 0x43, 0x5d,
    0xc8, 0x0, 0xc2, 0x8, 0x23, 0x0, 0x8c, 0x1,
    0xca, 0x20, 0x1f, 0xfc, 0x1f, 0x70, 0xf, 0xfe,
    0x1, 0x25, 0x80, 0x7f, 0xf0, 0x6c, 0x8, 0xb4,
    0x39, 0x14, 0x0, 0x1d, 0xbd, 0xde, 0x9c, 0xdd,
    0x90,

    /* U+5321 "匡" */
    0x4f, 0xff, 0xfe, 0x8, 0x80, 0xee, 0xff, 0xf0,
    0x4, 0x0, 0x45, 0xff, 0xc0, 0x0, 0xd1, 0xff,
    0xfa, 0x80, 0x3a, 0x7b, 0xa6, 0x5e, 0xea, 0xc0,
    0x38, 0x47, 0x8c, 0x47, 0x0, 0x7b, 0xba, 0x76,
    0xee, 0x94, 0x3, 0xd9, 0x93, 0x2e, 0x64, 0xa0,
    0x1e, 0x22, 0x84, 0xc8, 0xa0, 0xf, 0x8, 0xf1,
    0x88, 0xe0, 0xe, 0xfe, 0xe9, 0x97, 0xbb, 0x10,
    0x6, 0xef, 0xff, 0xe2, 0x0, 0x88, 0xbf, 0xf8,
    0x2, 0x3, 0xbb, 0xff, 0xc0, 0x60,

    /* U+5323 "匣" */
    0x4f, 0xff, 0xfe, 0x8, 0x80, 0xee, 0xff, 0xf0,
    0x4, 0x0, 0x45, 0xff, 0xc0, 0x0, 0xc9, 0xfd,
    0xcf, 0xf7, 0x73, 0xf8, 0x3, 0xc5, 0xdc, 0xc1,
    0xee, 0x60, 0x7, 0xc5, 0xbb, 0xe, 0xec, 0x1,
    0xf1, 0x6e, 0xa8, 0x77, 0x54, 0x1, 0xfe, 0x70,
    0x9, 0xc0, 0x3e, 0x2f, 0xf6, 0xf, 0xfb, 0x0,
    0x3c, 0xeb, 0xfe, 0xc1, 0xff, 0x6a, 0x0, 0x71,
    0xd0, 0x7, 0x8a, 0x80, 0x3f, 0xf8, 0xe4, 0x5c,
    0xe, 0x45, 0xc2, 0x3, 0xbb, 0xd8, 0xdb, 0xbc,
    0xc0,

    /* U+532A "匪" */
    0x4f, 0xff, 0xfe, 0x8, 0x0, 0x7b, 0xbf, 0xf8,
    0x0, 0x10, 0x8e, 0xf2, 0x3e, 0x11, 0xc0, 0x19,
    0x9a, 0x10, 0x9, 0x9a, 0x30, 0xd, 0xdd, 0x0,
    0x6e, 0xe9, 0xc0, 0x34, 0x44, 0x20, 0x14, 0x44,
    0x80, 0x1a, 0xbb, 0x82, 0x1, 0x77, 0x34, 0x3,
    0xaf, 0xfc, 0x20, 0x17, 0xfb, 0x0, 0x30, 0x99,
    0xc0, 0x18, 0xce, 0x20, 0x9, 0x3b, 0xa1, 0x0,
    0xbb, 0xaa, 0x0, 0x97, 0x32, 0x10, 0xb, 0x32,
    0x80, 0xf, 0x88, 0x4c, 0x80, 0x3e, 0x11, 0xda,
    0x61, 0x82, 0x38, 0x0, 0x3d, 0xdf, 0xfc, 0x5,

    /* U+5339 "匹" */
    0x4f, 0xff, 0xfe, 0x8, 0x0, 0x77, 0x61, 0x9d,
    0xd0, 0x56, 0xec, 0x1, 0x11, 0x42, 0xa4, 0x40,
    0x72, 0x28, 0x3, 0xe1, 0x0, 0xff, 0xe1, 0x18,
    0x7, 0xff, 0x0, 0xc0, 0x40, 0x3f, 0xf8, 0xc,
    0x60, 0x1f, 0x30, 0x7, 0x72, 0x0, 0x78, 0x64,
    0x3, 0x1a, 0x50, 0x6, 0x10, 0x21, 0x0, 0x8b,
    0x5c, 0x80, 0x24, 0xcf, 0xc6, 0x0, 0x8e, 0x60,
    0x3, 0x5f, 0x6f, 0x40, 0x4, 0x2e, 0x1, 0xe1,
    0x21, 0x0, 0x87, 0xff, 0xff, 0x80, 0x69, 0x99,
    0xff, 0xc1, 0x30,

    /* U+533A "区" */
    0x4f, 0xff, 0xfe, 0x8, 0x0, 0x77, 0x7f, 0xf8,
    0x0, 0x11, 0x10, 0x8, 0xb9, 0x60, 0x88, 0x1,
    0x97, 0x50, 0x2, 0x28, 0xe0, 0xf, 0x2c, 0xda,
    0x80, 0x3d, 0x90, 0x3, 0xe6, 0xaa, 0x34, 0x4,
    0x80, 0x7f, 0x2d, 0xcb, 0xf0, 0x7, 0xff, 0xa,
    0xc0, 0x3f, 0xcb, 0x73, 0x6e, 0xe0, 0xf, 0xd1,
    0x52, 0xc9, 0x50, 0xc0, 0x1e, 0xc6, 0xb6, 0x0,
    0x2c, 0xc8, 0xc0, 0x3a, 0x71, 0x0, 0x33, 0x49,
    0x80, 0x62, 0x70, 0x22, 0xf2, 0x11, 0x4, 0x7,
    0x77, 0xff, 0x80, 0xe0,

    /* U+533B "医" */
    0x4f, 0xff, 0xfe, 0x8, 0x80, 0xee, 0xd1, 0x7b,
    0xbf, 0x8, 0x0, 0x88, 0x10, 0xe4, 0x5f, 0x0,
    0x74, 0x84, 0x5d, 0xf8, 0x3, 0xa5, 0x6f, 0xf1,
    0x3f, 0xf0, 0x7, 0xb5, 0x10, 0x62, 0x89, 0x80,
    0x3a, 0xc4, 0x8a, 0x2, 0x2e, 0x0, 0x8b, 0x33,
    0x48, 0xe6, 0x69, 0x0, 0x8b, 0xbb, 0x28, 0x47,
    0x75, 0x60, 0x1f, 0x2a, 0xaa, 0x24, 0x3, 0xf0,
    0xcd, 0x51, 0x7d, 0x6c, 0x3, 0xd3, 0xcb, 0x8a,
    0x3, 0x8f, 0x60, 0x18, 0xba, 0x78, 0x48, 0xb7,
    0xe1, 0x8, 0xe, 0xc4, 0xee, 0xfb, 0x23, 0x58,

    /* U+533F "匿" */
    0x4f, 0xff, 0xfe, 0x8, 0x80, 0xee, 0xd3, 0x7b,
    0xac, 0x8d, 0xd8, 0x40, 0x4, 0x0, 0xdc, 0x0,
    0x34, 0x80, 0x8, 0x3, 0x66, 0x11, 0xf3, 0x16,
    0x39, 0x84, 0x0, 0xdd, 0xc5, 0x8b, 0xec, 0x1e,
    0xe2, 0x0, 0x7a, 0x82, 0xc0, 0xb8, 0x3, 0xc7,
    0xdc, 0xf8, 0x1e, 0xee, 0xa0, 0x8, 0xfb, 0x88,
    0xbf, 0xdd, 0xd4, 0x1, 0xd2, 0x88, 0xee, 0xe4,
    0x0, 0xc3, 0x84, 0x3b, 0xdd, 0x94, 0x40, 0x39,
    0x2c, 0x3, 0xff, 0x80, 0x30, 0x5, 0xbd, 0xd9,
    0x44, 0x3, 0x11, 0x5d, 0x99, 0xe6, 0x21, 0x1,
    0xdd, 0xff, 0xe0, 0x30,

    /* U+5341 "十" */
    0x0, 0xfa, 0x68, 0x3, 0xff, 0xf8, 0x89, 0xe2,
    0x64, 0x4f, 0x8, 0xae, 0xfc, 0x87, 0x77, 0xe2,
    0x1f, 0xff, 0x32, 0xff, 0xf8, 0xc0, 0x3f, 0xff,
    0xe0, 0x1f, 0xfc, 0x90,

    /* U+5343 "千" */
    0x0, 0xff, 0xe0, 0x10, 0x7, 0xf8, 0x96, 0x2f,
    0xb4, 0xc0, 0x21, 0x8a, 0xce, 0xfd, 0xb2, 0xca,
    0xe3, 0x0, 0x84, 0x5b, 0x3b, 0xa4, 0x7a, 0x74,
    0x10, 0xe, 0x97, 0x53, 0x21, 0x0, 0xff, 0xe6,
    0x88, 0xfc, 0x62, 0x3e, 0x2, 0xee, 0xf2, 0x2f,
    0x77, 0x88, 0x9f, 0xfe, 0x56, 0xff, 0xf1, 0x0,
    0x7f, 0xff, 0xc0, 0x3f, 0xf9, 0x20,

    /* U+5347 "升" */
    0x0, 0xff, 0xe5, 0x2e, 0xb8, 0x3d, 0x80, 0x78,
    0x56, 0xbe, 0x29, 0x80, 0x3f, 0x5f, 0x4b, 0xae,
    0xb8, 0x80, 0x7e, 0x9f, 0xc5, 0x0, 0xff, 0xe0,
    0x10, 0x7, 0xff, 0x48, 0xff, 0xe7, 0x5f, 0xfd,
    0x9, 0xff, 0x19, 0xb7, 0x64, 0x5d, 0xdc, 0xe7,
    0xbb, 0x18, 0x11, 0x4f, 0xa4, 0x5b, 0xdc, 0x8a,
    0x0, 0xc2, 0x68, 0x1, 0xff, 0xc1, 0x92, 0x30,
    0xf, 0xfe, 0x2, 0x3c, 0x80, 0x7f, 0xf0, 0x1e,
    0xdd, 0x0, 0x3f, 0xe1, 0xbb, 0x40, 0x7, 0xff,
    0x0, 0x71, 0x0, 0x3e, 0x7b, 0x0, 0xc0,

    /* U+5348 "午" */
    0x0, 0xc8, 0x1, 0xff, 0xc2, 0x5b, 0x10, 0xf,
    0xfe, 0xf, 0x19, 0x19, 0xfe, 0x0, 0xc4, 0x87,
    0x99, 0xfb, 0x40, 0x37, 0xa7, 0xfc, 0xcc, 0xff,
    0xdc, 0x1, 0x49, 0x48, 0x7, 0xff, 0xa, 0x88,
    0x3, 0xff, 0x83, 0x8, 0x23, 0x8c, 0xc2, 0x3e,
    0x2, 0xee, 0xf2, 0xab, 0xbb, 0xc4, 0x4e, 0xef,
    0x2a, 0xbb, 0xbc, 0x40, 0x23, 0xe3, 0x30, 0x8f,
    0x80, 0x3f, 0xfe, 0xa0,

    /* U+5349 "卉" */
    0x0, 0xfa, 0xa4, 0x3, 0xf8, 0xcf, 0x84, 0xcf,
    0xc2, 0x0, 0x4c, 0xce, 0x45, 0xcc, 0xe4, 0x0,
    0x27, 0xff, 0x2b, 0x7f, 0xf2, 0x80, 0x74, 0x8,
    0x6, 0x28, 0x0, 0xfc, 0xe4, 0x6, 0x0, 0x17,
    0x0, 0xff, 0xa6, 0x40, 0x1f, 0x17, 0xfc, 0x19,
    0xff, 0xb0, 0x3f, 0xe2, 0x26, 0x62, 0xc2, 0xb3,
    0x34, 0x86, 0x64, 0x40, 0x66, 0x0, 0x29, 0x9e,
    0x50, 0x33, 0x80, 0x37, 0x20, 0x7, 0xff, 0x5,
    0x55, 0x0, 0x1f, 0xfc, 0x8, 0xa8, 0x30, 0xf,
    0xfe, 0x1, 0xdb, 0x80, 0x7f, 0xf0, 0x0,

    /* U+534A "半" */
    0x0, 0x1a, 0x80, 0x55, 0x20, 0x13, 0x18, 0x7,
    0x51, 0x80, 0x78, 0xa5, 0xc0, 0x31, 0xb7, 0x80,
    0x7a, 0x55, 0x0, 0x3a, 0xc8, 0x80, 0x18, 0xd6,
    0xc0, 0x38, 0xc7, 0x44, 0xc4, 0xcc, 0x1a, 0x46,
    0x1, 0xe, 0x67, 0x22, 0xe6, 0x71, 0x80, 0x7,
    0xff, 0x95, 0xbf, 0xf8, 0xc0, 0x3f, 0xf8, 0xc8,
    0x9e, 0x62, 0x44, 0xf0, 0x15, 0x57, 0x8d, 0x2a,
    0xbc, 0x44, 0xee, 0xf2, 0xb7, 0x77, 0x88, 0x3,
    0xff, 0xc8,

    /* U+534E "华" */
    0x0, 0xe3, 0x0, 0xff, 0xe1, 0x3e, 0x88, 0x45,
    0x0, 0x7f, 0x24, 0x50, 0x80, 0x61, 0x8f, 0x40,
    0x9, 0x6c, 0xd0, 0x2, 0x7a, 0xe3, 0xc4, 0x0,
    0x45, 0x18, 0x1, 0xa9, 0xcf, 0x7a, 0xcc, 0x2,
    0x2c, 0xa0, 0x7, 0xe3, 0x23, 0x88, 0x1, 0x80,
    0x14, 0x60, 0x14, 0xb0, 0x88, 0x2, 0x39, 0x0,
    0xfe, 0xc4, 0xff, 0xb1, 0xc0, 0x32, 0x40, 0x1,
    0xcf, 0xfb, 0xaf, 0x80, 0xc, 0x48, 0x0, 0xde,
    0x1, 0x18, 0x3, 0x2a, 0xf9, 0x89, 0x57, 0xc0,
    0x51, 0x1e, 0x35, 0x88, 0xf1, 0x13, 0x77, 0xca,
    0xfb, 0xbe, 0x20, 0xf, 0xfe, 0xa0,

    /* U+534F "协" */
    0x0, 0x27, 0x0, 0x77, 0x88, 0x7, 0xff, 0x3d,
    0xe2, 0x1, 0x11, 0x18, 0x0, 0x7a, 0xc7, 0xa0,
    0x0, 0x20, 0x12, 0xa0, 0x0, 0x76, 0x47, 0x65,
    0xe2, 0xc2, 0x61, 0x84, 0x2, 0x32, 0x3, 0x19,
    0x31, 0x10, 0x5, 0xee, 0x1, 0xf3, 0x12, 0x90,
    0x1, 0xc6, 0x40, 0x3c, 0x84, 0x38, 0x80, 0x1,
    0xd0, 0x30, 0xe, 0x8b, 0x4, 0xc0, 0x8, 0x51,
    0x0, 0x1c, 0xec, 0xc3, 0x40, 0x1, 0xbe, 0xf0,
    0x7, 0x58, 0x44, 0x0, 0x21, 0x13, 0xc8, 0x7,
    0xa4, 0xd4, 0x0, 0x20, 0x60, 0x1f, 0x3b, 0x78,
    0x11, 0x24, 0x44, 0x1, 0xe1, 0xac, 0x20, 0xcd,
    0x68, 0x0, 0xe4, 0xe1, 0xd3, 0x0, 0x77, 0xf3,
    0x0, 0x40,

    /* U+5351 "卑" */
    0x0, 0xf9, 0xd0, 0x3, 0xff, 0x82, 0x90, 0xc0,
    0x1f, 0xcd, 0xff, 0x58, 0x6f, 0xfe, 0xa0, 0xc,
    0x29, 0xdd, 0x2b, 0x77, 0x4c, 0x1, 0xf0, 0x8c,
    0x0, 0x11, 0xc0, 0x1e, 0x4e, 0xe9, 0x5b, 0xba,
    0x70, 0xf, 0x27, 0x74, 0xaf, 0xdd, 0x38, 0x7,
    0x9c, 0x8a, 0x70, 0x22, 0x84, 0x3, 0x84, 0x5f,
    0xed, 0x25, 0xdd, 0x7a, 0x18, 0x6, 0x6d, 0xf4,
    0x1b, 0xd2, 0xad, 0xd4, 0x80, 0x64, 0xec, 0x1f,
    0x40, 0xf, 0xc5, 0xf6, 0x22, 0x7e, 0xff, 0x15,
    0x7f, 0xe2, 0x26, 0xef, 0xe1, 0x8d, 0xdc, 0x40,
    0x45, 0xf8, 0xc8, 0xb8, 0x3, 0xff, 0x8a,

    /* U+5352 "卒" */
    0x0, 0xf8, 0x40, 0x3f, 0xf8, 0x78, 0xe0, 0x1f,
    0x8d, 0x13, 0xd2, 0xa8, 0x98, 0xc0, 0x15, 0x33,
    0xc8, 0x71, 0x33, 0xa8, 0x1, 0x3b, 0xa5, 0x56,
    0xee, 0x97, 0xdd, 0x48, 0x6, 0x27, 0xe0, 0xd,
    0x24, 0x1, 0xf4, 0xc, 0x20, 0x2, 0x49, 0x4c,
    0x3, 0xa9, 0x3f, 0x68, 0xed, 0x3a, 0x36, 0x0,
    0x2a, 0x4d, 0x13, 0xe6, 0x7c, 0x15, 0xc5, 0x70,
    0x5, 0xf9, 0x80, 0x5e, 0x82, 0x0, 0x2d, 0x70,
    0x2e, 0xe7, 0xfe, 0x57, 0xff, 0xf1, 0x13, 0x33,
    0xc6, 0xb9, 0x9e, 0x20, 0x33, 0xf3, 0x11, 0x9f,
    0x80, 0x3f, 0xfa, 0xa0,

    /* U+5353 "卓" */
    0x0, 0xfb, 0x1c, 0x3, 0xff, 0x87, 0x1f, 0xfd,
    0x0, 0x1f, 0xd3, 0xff, 0xd0, 0x1, 0x37, 0xfe,
    0x39, 0xff, 0xd2, 0x1, 0xc7, 0xff, 0xf9, 0x40,
    0x3e, 0x11, 0xfc, 0x1, 0xf1, 0xe6, 0x7e, 0x50,
    0xf, 0x26, 0xef, 0xe5, 0x0, 0xf2, 0x77, 0x7e,
    0x50, 0xe, 0x6f, 0xee, 0x91, 0xfb, 0xaf, 0x90,
    0x8, 0xcf, 0xc2, 0x67, 0xf0, 0xf, 0x77, 0x91,
    0x7b, 0xbc, 0x43, 0xbb, 0xe5, 0x7d, 0xdf, 0x10,
    0x7, 0xff, 0x10,

    /* U+5355 "单" */
    0x0, 0xcc, 0x1, 0xe6, 0x20, 0xf, 0xaa, 0x80,
    0x19, 0x24, 0x40, 0x3e, 0xd5, 0x40, 0xa, 0x5c,
    0xc0, 0x3a, 0x7b, 0xc2, 0xbb, 0xa2, 0x6e, 0xb0,
    0xc, 0x6f, 0x9b, 0x8a, 0x99, 0xb8, 0xce, 0x1,
    0xc2, 0x45, 0x9, 0x91, 0x5c, 0x1, 0xe7, 0xff,
    0x95, 0xbf, 0xe9, 0x0, 0xf3, 0xff, 0xca, 0xdf,
    0xf4, 0x0, 0x78, 0x47, 0x0, 0x4, 0x60, 0xf,
    0x1b, 0x77, 0x4a, 0xdd, 0xd4, 0x38, 0x6, 0x9f,
    0xfc, 0xad, 0xff, 0xac, 0x0, 0x5d, 0xde, 0x56,
    0xee, 0xf1, 0x13, 0x33, 0xc8, 0xb9, 0x9e, 0x20,
    0x22, 0xf0, 0x99, 0x17, 0x80, 0x3f, 0xf8, 0xa0,

    /* U+5356 "卖" */
    0x0, 0xf4, 0x50, 0x7, 0xea, 0xff, 0xce, 0xbf,
    0xfb, 0x80, 0x2b, 0xee, 0xcc, 0x9d, 0xdb, 0xc0,
    0x2, 0x1, 0xff, 0xc2, 0xbe, 0xee, 0x64, 0xee,
    0xea, 0xa, 0xff, 0x24, 0xff, 0xa2, 0x7f, 0xda,
    0x10, 0x0, 0x21, 0x9f, 0xe2, 0xc1, 0x0, 0x5b,
    0x90, 0x1, 0x3e, 0x6b, 0x9, 0x84, 0x1, 0x30,
    0x1, 0x37, 0x6b, 0x10, 0x92, 0x80, 0x7b, 0xfe,
    0x9a, 0xfe, 0xc, 0xff, 0xe0, 0xee, 0xed, 0x18,
    0xee, 0xf0, 0x8, 0xe3, 0xe2, 0x5f, 0x82, 0x11,
    0x80, 0x24, 0xad, 0x6c, 0x2c, 0x1d, 0xe7, 0x10,
    0xaf, 0x93, 0xda, 0x0, 0x14, 0x75, 0x5f, 0x85,
    0xf6, 0xc9, 0x0, 0x79, 0x33, 0xc0,

    /* U+5357 "南" */
    0x0, 0xfa, 0xa8, 0x1, 0xfb, 0xff, 0xca, 0xaf,
    0xff, 0x0, 0x37, 0x7c, 0x88, 0xdd, 0xf0, 0x0,
    0x8b, 0xc2, 0x22, 0x2f, 0x0, 0xb, 0xff, 0x95,
    0x5f, 0xfc, 0x60, 0x1b, 0xb9, 0x19, 0xdc, 0xc7,
    0xee, 0x0, 0x78, 0x45, 0xf4, 0x22, 0xa1, 0x18,
    0x3, 0xe2, 0xc5, 0x33, 0x36, 0x90, 0x7, 0xeb,
    0x80, 0xdd, 0x1c, 0x40, 0x3, 0xf4, 0xe6, 0x1d,
    0xb3, 0x14, 0x1, 0xf0, 0xff, 0xcc, 0xff, 0xf0,
    0x80, 0x78, 0x7f, 0xe5, 0x7f, 0xf8, 0x40, 0x3f,
    0xc6, 0x1, 0x84, 0x3, 0xff, 0x82, 0xdf, 0xc6,
    0x60, 0x1, 0x78, 0x6, 0x98, 0x6, 0xff, 0x60,
    0x0,

    /* U+535A "博" */
    0x0, 0x17, 0x80, 0x7b, 0xc1, 0xa9, 0x40, 0x3c,
    0xbd, 0xd8, 0x3a, 0x12, 0xa8, 0x1, 0xcb, 0xdd,
    0x78, 0x7f, 0x73, 0xe8, 0x11, 0x0, 0x88, 0x8f,
    0xee, 0x7, 0x73, 0xf8, 0xa, 0xa0, 0x2a, 0x1,
    0xfb, 0xc3, 0xfb, 0x40, 0x5, 0xd8, 0x1d, 0x80,
    0xd9, 0xa1, 0xb9, 0xe0, 0x1f, 0xcd, 0x98, 0xc,
    0xc7, 0x0, 0x7f, 0x35, 0xe8, 0x6e, 0xb8, 0x3,
    0xf6, 0xdd, 0xb0, 0x30, 0xed, 0x80, 0x3d, 0x53,
    0x2c, 0xc1, 0xe0, 0xda, 0x50, 0x7, 0x4f, 0xbc,
    0xff, 0xc3, 0x5f, 0x0, 0x1c, 0x67, 0x58, 0x99,
    0x80, 0x8c, 0x80, 0x3e, 0x86, 0x50, 0xf, 0xfe,
    0x14, 0x3f, 0x79, 0xb8, 0x0,

    /* U+535C "卜" */
    0x1f, 0x40, 0xf, 0xfe, 0xd9, 0x0, 0x7f, 0x47,
    0x38, 0x80, 0x7a, 0xa2, 0xba, 0x4, 0x3, 0x9b,
    0x69, 0x7a, 0x0, 0x3c, 0xbb, 0x2a, 0x20, 0x1f,
    0x36, 0x88, 0x7, 0xff, 0x70,

    /* U+535E "卞" */
    0x0, 0xf9, 0x0, 0x3f, 0xf8, 0x47, 0x66, 0x1,
    0xff, 0xc1, 0x35, 0xf0, 0xf, 0xc6, 0x7e, 0xc0,
    0x43, 0x3e, 0x2, 0xcc, 0xf4, 0x9d, 0xe6, 0x71,
    0x13, 0xff, 0xc5, 0x1f, 0xfe, 0x20, 0xf, 0xde,
    0x1, 0xff, 0xc3, 0x7c, 0x40, 0xf, 0xfe, 0xc,
    0x5d, 0xc4, 0x1, 0xff, 0xc0, 0x7e, 0x2d, 0x90,
    0xf, 0xfe, 0x0, 0xcd, 0x98, 0x7, 0xff, 0x9,
    0x28, 0x3, 0xff, 0xcc,

    /* U+5360 "占" */
    0x0, 0xed, 0x50, 0xf, 0xfe, 0x69, 0x19, 0xf1,
    0x0, 0x7a, 0x37, 0x7a, 0x40, 0x3d, 0x5d, 0xdd,
    0x60, 0x1f, 0xfc, 0x21, 0x1c, 0x6, 0x23, 0xc0,
    0x9d, 0xd8, 0xa7, 0xbb, 0x78, 0x0, 0xbf, 0xff,
    0x50, 0x7, 0xff, 0x0, 0x40, 0x3f, 0xfa, 0x25,
    0xff, 0xfa, 0xc0, 0x21, 0xdd, 0xfd, 0x20, 0x0,

    /* U+5361 "卡" */
    0x0, 0xfb, 0xd0, 0x3, 0xff, 0x86, 0x45, 0xc2,
    0x1, 0xfe, 0x9d, 0xdd, 0x20, 0x1f, 0xeb, 0xff,
    0xd0, 0x1, 0xff, 0xc7, 0x55, 0xf0, 0x62, 0xaf,
    0x80, 0xa2, 0x3c, 0xd, 0x11, 0xe2, 0x26, 0xef,
    0x86, 0xb7, 0x7c, 0x40, 0x1f, 0x85, 0x84, 0x3,
    0xff, 0x82, 0x5b, 0xd4, 0x80, 0x1f, 0xf1, 0xde,
    0x95, 0x69, 0x80, 0x7f, 0xc5, 0x1d, 0x6, 0x1,
    0xff, 0xc2, 0x50, 0xf, 0xfe, 0x30,

    /* U+5362 "卢" */
    0x0, 0xfb, 0x54, 0x3, 0xff, 0x85, 0x5f, 0xfd,
    0x60, 0x1f, 0xa3, 0x77, 0xa8, 0x3, 0xf1, 0x17,
    0x84, 0x0, 0x3f, 0xf8, 0xab, 0xff, 0x20, 0x7,
    0x67, 0xff, 0xc2, 0x1, 0xe1, 0x0, 0xff, 0xe1,
    0x8, 0xfe, 0x0, 0xe3, 0xc, 0xee, 0xf8, 0x40,
    0x33, 0x8f, 0xff, 0xe5, 0x70, 0xb, 0x50, 0x3,
    0xf5, 0x18, 0x4, 0xd8, 0x1, 0xff, 0xc0, 0x70,
    0x60, 0xf, 0xf8, 0x62, 0x0, 0x1f, 0xfc, 0x1,
    0xe6, 0x0, 0xff, 0xe0, 0x0,

    /* U+5364 "卤" */
    0x0, 0xf7, 0x20, 0x7, 0xff, 0x6, 0xff, 0xfa,
    0xc0, 0x3e, 0x9d, 0xde, 0xa0, 0x11, 0xe0, 0x33,
    0xf0, 0x9f, 0x77, 0xd, 0x77, 0x71, 0x80, 0xff,
    0xbb, 0xfe, 0xe5, 0xdf, 0x10, 0xc, 0xfe, 0x80,
    0xd, 0x72, 0x0, 0xf3, 0xcd, 0xd4, 0x97, 0x80,
    0x7e, 0x7c, 0x56, 0x92, 0x0, 0xfe, 0x90, 0x38,
    0x50, 0xf, 0x8f, 0x13, 0x30, 0xd4, 0xc0, 0x1c,
    0x3a, 0xfe, 0x61, 0x2d, 0xe0, 0x1c, 0x3f, 0x42,
    0x1, 0x44, 0x0, 0x40, 0x3, 0xfd, 0xcf, 0xfd,
    0xdc, 0xf0, 0x0,

    /* U+5367 "卧" */
    0x4f, 0xff, 0x70, 0x27, 0x0, 0x70, 0xee, 0x86,
    0xb7, 0x0, 0x3f, 0x88, 0x86, 0x24, 0x40, 0xf,
    0xfe, 0x58, 0xaa, 0x8f, 0x14, 0xc0, 0x3f, 0xa6,
    0x44, 0x95, 0x60, 0x1, 0xa0, 0xc, 0x39, 0x99,
    0x0, 0x21, 0xd, 0x20, 0xf, 0xfe, 0x5, 0x26,
    0x10, 0xf, 0xfe, 0x40, 0xe, 0x96, 0x60, 0xe,
    0xe8, 0x67, 0x64, 0x3, 0xa1, 0x0, 0x4, 0x43,
    0x22, 0x8, 0x7, 0xff, 0x2c, 0x7b, 0x85, 0x5d,
    0xc0, 0xf, 0x93, 0x37, 0x59, 0xbb, 0x0, 0x7c,

    /* U+536B "卫" */
    0x0, 0x19, 0xff, 0xf0, 0x0, 0x22, 0xcc, 0xff,
    0xb4, 0x2, 0x2f, 0xfd, 0x41, 0xff, 0xac, 0x3,
    0xff, 0xfe, 0x2, 0x44, 0x30, 0xf, 0xfe, 0xe,
    0xea, 0x64, 0x1, 0xff, 0xf, 0xfb, 0x9c, 0x3,
    0xff, 0xae, 0x67, 0xc4, 0x6, 0x7f, 0x1, 0x66,
    0x74, 0x6, 0x67, 0xc6,

    /* U+536F "卯" */
    0x0, 0xe2, 0x0, 0xff, 0x97, 0x30, 0x60, 0x1f,
    0xab, 0xbe, 0x38, 0xc3, 0xbf, 0xf2, 0x8a, 0xe5,
    0x23, 0x8, 0xd, 0x6e, 0x88, 0x2, 0x30, 0x4,
    0x10, 0x1, 0xc8, 0x82, 0x1, 0xff, 0xe4, 0x11,
    0x0, 0x7f, 0x13, 0x58, 0x18, 0x7, 0xce, 0x19,
    0x81, 0x31, 0x0, 0xe1, 0x5, 0x9f, 0xa7, 0xb0,
    0xd, 0x5e, 0x4c, 0x6c, 0x36, 0xe, 0x1, 0xaf,
    0x38, 0xc1, 0x71, 0xf0, 0x3, 0x84, 0xc4, 0xa,
    0x2f, 0x4, 0x3, 0xf8, 0xb5, 0x80, 0x3b, 0xc8,
    0x3, 0x0,

    /* U+5370 "印" */
    0x0, 0x85, 0xe4, 0x3, 0xf0, 0xbe, 0x75, 0x70,
    0xa7, 0xff, 0x72, 0xc5, 0x6e, 0x9c, 0x40, 0x77,
    0x69, 0x0, 0xb, 0x10, 0x7, 0x11, 0x60, 0xf,
    0xfe, 0x90, 0xff, 0xe5, 0x0, 0xfe, 0xcc, 0xc8,
    0x1, 0xf8, 0x4c, 0xf0, 0x80, 0x7f, 0xf3, 0x84,
    0x40, 0x1f, 0x10, 0xac, 0xef, 0x28, 0x4, 0x69,
    0xa7, 0x61, 0x23, 0x3e, 0x80, 0x12, 0x5a, 0x5f,
    0x73, 0x21, 0x0, 0x39, 0xff, 0x58, 0xc4, 0x3,
    0xff, 0x80,

    /* U+5371 "危" */
    0x0, 0xff, 0xe4, 0x17, 0xa0, 0x7, 0xff, 0x6,
    0x2, 0xff, 0xee, 0x0, 0xfc, 0xaa, 0xdf, 0xf9,
    0x14, 0x3, 0xe2, 0xa8, 0x20, 0x1, 0x24, 0x0,
    0x78, 0xb0, 0x2b, 0x76, 0xc0, 0xed, 0xdc, 0x65,
    0x86, 0x1d, 0xdb, 0x73, 0xbb, 0x88, 0x91, 0x22,
    0x67, 0xff, 0x8, 0x30, 0x4, 0x7f, 0xff, 0x8,
    0x6, 0x13, 0x0, 0xf, 0xfe, 0xc0, 0x10, 0xc,
    0x62, 0x1, 0xf3, 0x88, 0x7, 0x7a, 0x80, 0x71,
    0x13, 0x48, 0x3, 0x93, 0xc0, 0x3a, 0xbd, 0x60,
    0x4, 0x0, 0x64, 0xe0, 0x1d, 0x1b, 0x88, 0x16,
    0xe1, 0xec, 0x20, 0x1, 0x42, 0x11, 0xc6, 0x86,
    0x61, 0x80, 0x1, 0xad, 0xef, 0x76, 0xc4, 0x41,
    0xe8, 0x80, 0x55, 0xff, 0xf5, 0x0,

    /* U+5373 "即" */
    0x4f, 0xfe, 0xe0, 0xdf, 0xfd, 0xa0, 0x3d, 0xd5,
    0x0, 0x53, 0xdc, 0x90, 0x8, 0x47, 0x0, 0x44,
    0x22, 0x30, 0x0, 0x99, 0xe0, 0xf, 0xf7, 0x75,
    0x20, 0x1f, 0xc3, 0xbb, 0x50, 0x7, 0xf8, 0x47,
    0x0, 0x7f, 0xf, 0x75, 0x40, 0x1f, 0xc3, 0xff,
    0xb8, 0x3, 0xfe, 0xb7, 0x0, 0xf1, 0x80, 0x74,
    0x40, 0x40, 0x28, 0xf9, 0x41, 0x5, 0x9d, 0xb,
    0x0, 0xa3, 0x7a, 0x64, 0x33, 0xd9, 0xaa, 0x20,
    0x11, 0x8, 0x46, 0xe3, 0x91, 0x38, 0x40, 0x3c,

    /* U+5374 "却" */
    0x0, 0xd6, 0xc0, 0x12, 0x7f, 0xee, 0x0, 0xff,
    0x16, 0xea, 0x80, 0x11, 0xfe, 0x49, 0xff, 0x0,
    0x44, 0x46, 0x0, 0x4e, 0xe8, 0xdf, 0x74, 0x1,
    0xf8, 0x48, 0x8f, 0xc4, 0x40, 0xf, 0xc4, 0x53,
    0xf1, 0x10, 0x40, 0x3e, 0xdd, 0x8d, 0xf7, 0x4e,
    0x1, 0xf7, 0xfa, 0x87, 0xfe, 0x60, 0xf, 0xe9,
    0x60, 0x90, 0xf, 0xf1, 0x9a, 0x41, 0x5c, 0x3,
    0xfa, 0x1c, 0x42, 0x64, 0x1, 0xa, 0x20, 0x0,
    0xc8, 0x37, 0xb4, 0x2a, 0x1, 0x54, 0xc8, 0x0,
    0xbd, 0xff, 0x39, 0x0, 0x7, 0xb8, 0xe0, 0xd4,
    0xe8, 0x41, 0xe, 0x1, 0xe0,

    /* U+5375 "卵" */
    0x0, 0xe3, 0x0, 0xff, 0x13, 0xee, 0x18, 0x11,
    0x7d, 0xba, 0xcb, 0xf3, 0x1d, 0xde, 0xc1, 0x2f,
    0xb6, 0x51, 0x0, 0x7f, 0xd6, 0x0, 0x10, 0xa,
    0xc8, 0x3, 0xf9, 0xe0, 0x3, 0x92, 0x80, 0x39,
    0x98, 0x1, 0xca, 0x88, 0x0, 0xc2, 0x48, 0x1,
    0x86, 0x7c, 0x3, 0xb5, 0x4, 0x40, 0x13, 0x10,
    0x7, 0x94, 0xc, 0x2, 0x19, 0x0, 0x28, 0xe7,
    0x59, 0x88, 0x7, 0xd8, 0x95, 0xc5, 0x40, 0x18,
    0xd3, 0xe, 0xad, 0xa0, 0x18, 0x3, 0x5d, 0x96,
    0x80, 0xf0, 0xb0, 0x3, 0xa3, 0xf5, 0xdb, 0xaa,
    0xc0, 0x3f, 0xcd, 0xac, 0x1, 0x87, 0xc0, 0x38,

    /* U+5377 "卷" */
    0x0, 0xc2, 0x0, 0x48, 0x0, 0x8, 0x7, 0xcd,
    0x82, 0x1a, 0x40, 0xd, 0x80, 0xf, 0x33, 0x40,
    0x98, 0xc, 0x30, 0x1, 0xdd, 0xc4, 0x9e, 0x29,
    0xe9, 0x2e, 0xe0, 0x6, 0xcc, 0x6e, 0x12, 0xee,
    0x6e, 0xb3, 0x0, 0x18, 0x8a, 0x63, 0x82, 0x2f,
    0x0, 0x5f, 0xfa, 0xc3, 0x7f, 0xfe, 0x0, 0x6e,
    0xb0, 0x53, 0x77, 0x12, 0xee, 0xc0, 0x2, 0xe,
    0x39, 0x33, 0xd2, 0xb0, 0x44, 0x1, 0x9d, 0x43,
    0xde, 0xed, 0x70, 0xdd, 0x2, 0x6b, 0x72, 0x17,
    0xff, 0x81, 0x32, 0x14, 0x89, 0x88, 0x1, 0x88,
    0x8a, 0x4, 0xd, 0xa6, 0x1, 0xf3, 0xf4, 0xc8,
    0x58, 0xc0, 0x3c, 0x66, 0x14, 0xdd, 0x39, 0x5a,
    0x80, 0x7a, 0xe7, 0xbb, 0xb4, 0x5c, 0x0,

    /* U+5378 "卸" */
    0x0, 0xff, 0xe2, 0x96, 0x80, 0x7f, 0xf0, 0x54,
    0x40, 0x3a, 0xbf, 0xf8, 0x1, 0x67, 0xff, 0x94,
    0x1f, 0x75, 0x60, 0x5, 0x2d, 0x56, 0xee, 0x28,
    0x79, 0x11, 0x80, 0x11, 0x2, 0x31, 0x18, 0x3,
    0xf4, 0x21, 0x18, 0x91, 0x4, 0x3, 0xc3, 0x5b,
    0xa5, 0x6d, 0xd5, 0x0, 0x78, 0x7f, 0xe6, 0x7f,
    0xf5, 0x80, 0x7c, 0x38, 0x0, 0x11, 0x80, 0x3f,
    0x88, 0x0, 0xdf, 0xe1, 0x0, 0xff, 0x9f, 0xb8,
    0x20, 0x1f, 0xfc, 0x51, 0x45, 0x0, 0xe3, 0x34,
    0x5d, 0x0, 0x6, 0xa5, 0xcb, 0x47, 0x98, 0x7f,
    0xa0, 0x2, 0xee, 0x41, 0x7f, 0x73, 0x29, 0xd4,
    0x80, 0x3c,

    /* U+537F "卿" */
    0x0, 0xca, 0x40, 0x1f, 0xe3, 0x8d, 0xf1, 0xff,
    0xb8, 0x7f, 0xee, 0xe, 0x1f, 0xa2, 0x1f, 0xf0,
    0x0, 0x7b, 0x0, 0x2b, 0x27, 0x0, 0xf8, 0x48,
    0x3, 0xd, 0x0, 0xe6, 0x80, 0x7f, 0xf0, 0x7,
    0xb8, 0x1, 0xff, 0xc1, 0x23, 0x0, 0xff, 0xe0,
    0xe, 0xe8, 0x3, 0xf8, 0xc0, 0x2e, 0xe6, 0x80,
    0x78, 0xd2, 0x4, 0x4, 0xe8, 0xc0, 0x38, 0xc6,
    0x19, 0x0, 0x22, 0x40, 0xe, 0x27, 0xe7, 0xc0,
    0x8, 0xbc, 0x0, 0x28, 0x3, 0x8, 0x8, 0xa3,
    0xa6, 0x86, 0xb, 0x32, 0x3, 0x99, 0x7, 0x3e,
    0x52, 0x38, 0x26, 0x38, 0xff, 0x88, 0x2a, 0x4,
    0x2d, 0x0, 0x30, 0xe1, 0x0, 0x7c, 0x3c, 0x1,
    0x0,

    /* U+5382 "厂" */
    0x0, 0x6f, 0xff, 0xfd, 0x80, 0x13, 0xe6, 0x7f,
    0xb8, 0x2, 0xe3, 0x3f, 0xf1, 0x0, 0x7f, 0xf5,
    0xc, 0x3, 0xff, 0x84, 0x26, 0x1, 0xff, 0xc2,
    0x10, 0xf, 0xfe, 0x0, 0x83, 0x0, 0x7f, 0xf0,
    0x14, 0x8, 0x3, 0xff, 0x81, 0x86, 0x1, 0xff,
    0xc1, 0x54, 0x0, 0xff, 0xe0, 0x29, 0x48, 0x7,
    0xff, 0x1, 0x6c, 0x40, 0x3f, 0xf8, 0x0,

    /* U+5384 "厄" */
    0x0, 0x6f, 0xff, 0xfd, 0x80, 0x1a, 0x37, 0x7f,
    0xe0, 0xc, 0x45, 0xff, 0x8, 0x7, 0xb3, 0x77,
    0xe0, 0xf, 0xc4, 0xb3, 0x3a, 0xc8, 0x3, 0xfb,
    0x11, 0x33, 0x80, 0x78, 0xc0, 0x3f, 0xf8, 0x82,
    0x1, 0xf1, 0x80, 0x78, 0x58, 0x3, 0x26, 0xeb,
    0x8, 0x3, 0x10, 0x18, 0x6, 0x49, 0x96, 0xe8,
    0x3, 0x39, 0x8, 0x7, 0x22, 0xc, 0x1, 0x42,
    0x18, 0xe0, 0x10, 0x80, 0x78, 0x54, 0x0, 0xde,
    0x0, 0x3f, 0x22, 0xf4, 0x90, 0xa8, 0xa8, 0x2,
    0x5f, 0x77, 0xcb, 0x20, 0xb8, 0x1, 0x26, 0xff,
    0xfb, 0x50, 0x0,

    /* U+5385 "厅" */
    0x0, 0x7f, 0xff, 0xf0, 0x4c, 0x2, 0xad, 0xdf,
    0xf8, 0xc0, 0x26, 0x22, 0xff, 0x80, 0x3f, 0xf9,
    0x3b, 0xff, 0xfd, 0xc0, 0x1d, 0xf9, 0x99, 0x17,
    0x33, 0x0, 0x61, 0x23, 0x3c, 0x24, 0x67, 0x10,
    0x0, 0x40, 0xc0, 0x3f, 0xf8, 0x26, 0x2, 0x1,
    0xff, 0xc1, 0x10, 0xf, 0xfe, 0x1a, 0x98, 0x7,
    0xff, 0xb, 0x50, 0x3, 0xff, 0x82, 0x49, 0x60,
    0x11, 0x14, 0xc0, 0x1f, 0x29, 0x80, 0x4b, 0xba,
    0x1b, 0x0, 0xe0,

    /* U+5386 "历" */
    0x2, 0xff, 0xff, 0xe0, 0x90, 0x5, 0x9b, 0xbf,
    0xf1, 0x0, 0x46, 0x45, 0x1c, 0x19, 0x17, 0x0,
    0x7e, 0x35, 0x0, 0xff, 0xe7, 0xf7, 0xfb, 0x43,
    0xbf, 0xf2, 0x0, 0x4, 0x1, 0xfd, 0xc9, 0x1e,
    0xec, 0xe, 0x0, 0x70, 0x0, 0x8d, 0xca, 0x23,
    0x80, 0x38, 0x40, 0x31, 0x98, 0x2, 0x10, 0x10,
    0x1, 0x18, 0x4, 0x29, 0x40, 0x11, 0x81, 0x0,
    0x39, 0xc0, 0x29, 0x32, 0x0, 0x98, 0x3, 0x1e,
    0x80, 0x11, 0xfc, 0x3, 0x11, 0x80, 0x5, 0x10,
    0xf, 0x72, 0x60, 0x44, 0x3a, 0x50, 0x1, 0x10,
    0xd6, 0x6d, 0x80, 0x11, 0xb8, 0x36, 0x0, 0x3d,
    0x5, 0xe4, 0x0, 0xab, 0xfd, 0xa4, 0x0,

    /* U+5389 "厉" */
    0x0, 0x6f, 0xff, 0xff, 0x0, 0x3, 0x46, 0xef,
    0xfc, 0x1, 0x88, 0xbf, 0xf8, 0x0, 0x1c, 0x68,
    0x9f, 0xe0, 0xe, 0xf8, 0x9b, 0x98, 0x8f, 0x0,
    0x46, 0x19, 0x90, 0x66, 0x7c, 0x1, 0x8, 0x80,
    0x4, 0x2, 0x1, 0xfe, 0x70, 0x3, 0x7, 0xff,
    0x58, 0x7, 0x8, 0x3, 0x53, 0xbb, 0x31, 0x0,
    0x44, 0x4, 0x0, 0x4d, 0x11, 0xc6, 0x20, 0x12,
    0x10, 0x1, 0xd, 0xc0, 0x33, 0x70, 0x5, 0x88,
    0x0, 0x86, 0x10, 0xc, 0x64, 0x0, 0x15, 0xd1,
    0xc1, 0x90, 0x1, 0x11, 0xc1, 0x0, 0x4, 0x68,
    0x80, 0xc0, 0xa, 0x76, 0x64, 0x1, 0x1e, 0x2,
    0xe0, 0x80, 0x57, 0xfc, 0xc0, 0x10,

    /* U+538B "压" */
    0x1, 0xff, 0xff, 0xe0, 0xa8, 0x5, 0xbb, 0xff,
    0xc0, 0x50, 0x8, 0x8b, 0x80, 0x4, 0x5c, 0x1,
    0xfd, 0x50, 0x1, 0xff, 0xcb, 0x30, 0x1, 0x17,
    0x9, 0x16, 0x10, 0xe, 0xcd, 0xd9, 0x53, 0x77,
    0x38, 0x0, 0x40, 0x1d, 0xff, 0x3a, 0xff, 0xe6,
    0x0, 0x38, 0x80, 0x7e, 0x82, 0x0, 0xc2, 0x40,
    0x1f, 0xbf, 0x8, 0x2, 0x26, 0x0, 0xfc, 0xee,
    0xe0, 0xb, 0x74, 0x1, 0xfd, 0x3e, 0x1, 0x21,
    0x91, 0x70, 0x88, 0x8a, 0x12, 0x4, 0x4, 0xcd,
    0xdc, 0xc9, 0xbb, 0xc8, 0xb6, 0x1d, 0xff, 0xff,
    0x20,

    /* U+538C "厌" */
    0x0, 0x77, 0xff, 0xff, 0x0, 0x3, 0x4e, 0xef,
    0x5e, 0xef, 0x0, 0x62, 0x2e, 0xb, 0x27, 0x2,
    0x20, 0x7, 0xf0, 0x80, 0xb, 0x8, 0x3, 0xfc,
    0xe2, 0xf, 0x32, 0x0, 0xc2, 0x4, 0x58, 0xc0,
    0x88, 0x90, 0x40, 0x1d, 0xbb, 0xa0, 0x77, 0x59,
    0x90, 0x6, 0x7f, 0xfc, 0x81, 0x5f, 0xf7, 0x0,
    0x4, 0x8, 0x3, 0x22, 0xc8, 0x7, 0x8c, 0x4,
    0x2, 0x72, 0xa2, 0x50, 0xe, 0x72, 0x0, 0x86,
    0x6c, 0x2e, 0xc2, 0x1, 0xb1, 0x0, 0x2d, 0x26,
    0x5, 0x4d, 0x10, 0x9, 0xf0, 0xb, 0x3, 0x40,
    0x2a, 0xd, 0x20, 0x40, 0x56, 0xd6, 0xd1, 0x0,
    0xd8, 0xda, 0x49, 0xa0, 0xf9, 0x42, 0x1, 0xea,
    0xc2,

    /* U+5395 "厕" */
    0x1, 0xff, 0xff, 0xe0, 0x88, 0x5, 0xdd, 0xff,
    0xc0, 0x10, 0x8, 0x5d, 0x9b, 0x38, 0x8c, 0x7e,
    0x1, 0xd1, 0xbb, 0xa0, 0x28, 0x40, 0x3f, 0x5e,
    0x5d, 0x80, 0x8, 0x1, 0xfe, 0xd2, 0x0, 0xfe,
    0x30, 0xf, 0xfe, 0x9b, 0x10, 0x4, 0xe0, 0x1f,
    0xe2, 0x10, 0x8, 0x48, 0x3, 0xfb, 0xd4, 0x14,
    0x8c, 0x44, 0xa0, 0x1f, 0x2f, 0x85, 0xcb, 0x62,
    0xd8, 0x70, 0x80, 0x44, 0x6e, 0x12, 0xd1, 0xd2,
    0xe0, 0x10, 0x80, 0x5, 0x85, 0x8f, 0x0, 0xb3,
    0x82, 0x7f, 0x58, 0xe, 0x41, 0xa8, 0x3, 0x48,
    0x4f, 0xf4, 0x0,

    /* U+5398 "厘" */
    0x0, 0x6f, 0xff, 0xff, 0x0, 0x40, 0x29, 0xdd,
    0xff, 0x84, 0x2, 0x32, 0x2f, 0xf8, 0x3, 0xa3,
    0xfb, 0x9f, 0xee, 0xe7, 0xf0, 0x7, 0xcd, 0xdc,
    0x95, 0xee, 0x60, 0x7, 0x18, 0x83, 0x77, 0x25,
    0x7b, 0x98, 0x1, 0xc2, 0x0, 0x6e, 0xe4, 0xaf,
    0x73, 0x0, 0x3c, 0xe0, 0x62, 0x3e, 0x60, 0xc,
    0x20, 0x3e, 0xf9, 0x89, 0x4c, 0xc4, 0x10, 0x4,
    0x60, 0x4f, 0xbb, 0x49, 0xee, 0xd8, 0x1, 0x39,
    0x5, 0xff, 0xd0, 0x7f, 0xf8, 0x40, 0x18, 0xe1,
    0x7f, 0xf3, 0x9f, 0xfe, 0x10, 0x3, 0xf8, 0x7,
    0xff, 0x4, 0xc1, 0x73, 0xff, 0x39, 0xff, 0xf2,
    0x1f, 0x86, 0x7f, 0xff, 0xc8,

    /* U+539A "厚" */
    0x0, 0x77, 0xff, 0xff, 0x0, 0x40, 0x29, 0xee,
    0xff, 0x84, 0x2, 0x22, 0x6e, 0xfe, 0x21, 0x0,
    0xf1, 0x66, 0x78, 0x5c, 0x3, 0xe1, 0xcc, 0xf1,
    0x0, 0x7e, 0x1c, 0xcf, 0x10, 0x7, 0x9c, 0x1,
    0xbb, 0xe3, 0x0, 0xe1, 0x11, 0xf6, 0xef, 0xb9,
    0x0, 0x21, 0x3, 0x4e, 0xef, 0x7f, 0x88, 0x2,
    0x20, 0x14, 0xee, 0xbd, 0xd6, 0x38, 0x80, 0x25,
    0x37, 0xcc, 0xe6, 0x7b, 0xdc, 0xc1, 0x86, 0x23,
    0x77, 0x6b, 0x1e, 0xee, 0x31, 0x5b, 0x12, 0x2e,
    0x2, 0x2e, 0x2, 0x43, 0x0, 0xab, 0xe9, 0xc0,
    0x3c, 0x76, 0x1, 0xab, 0xfa, 0x40, 0x3c,

    /* U+539F "原" */
    0x0, 0x77, 0xff, 0xff, 0x0, 0x40, 0x2a, 0xee,
    0xd0, 0xdd, 0xdc, 0x20, 0x10, 0x8f, 0x50, 0x8f,
    0x80, 0x39, 0x3f, 0xe2, 0x7f, 0xfb, 0x80, 0x3e,
    0x1f, 0xff, 0x58, 0x7, 0x8, 0x4, 0x23, 0xe2,
    0x0, 0xf3, 0x80, 0xee, 0xfa, 0xc0, 0x30, 0x80,
    0x80, 0xe6, 0x7a, 0x40, 0x31, 0x81, 0x0, 0xff,
    0xfa, 0xc0, 0x33, 0x8, 0x27, 0xf7, 0xe0, 0xff,
    0xbb, 0x80, 0x11, 0xa8, 0x2, 0xa8, 0x1, 0x9b,
    0x4, 0x2, 0xbc, 0x8, 0x7a, 0x0, 0xcc, 0xb8,
    0x0, 0x33, 0x33, 0xb7, 0x88, 0x30, 0x5, 0xf,
    0x60, 0x52, 0x2f, 0xe4, 0xdf, 0x4e, 0x1, 0x54,
    0x80,

    /* U+53A2 "厢" */
    0x0, 0x7f, 0xff, 0xf0, 0x44, 0x2, 0xce, 0xef,
    0xf8, 0x40, 0x22, 0x15, 0xc1, 0x1f, 0xc0, 0x1f,
    0xee, 0xff, 0xdc, 0x1, 0x88, 0xa0, 0x21, 0xd,
    0xff, 0x60, 0x7, 0x57, 0x41, 0x73, 0x0, 0x7e,
    0x10, 0x8c, 0x51, 0xd7, 0xc, 0xee, 0x60, 0x4,
    0x60, 0x24, 0x83, 0x40, 0xc, 0xee, 0x58, 0x4,
    0x22, 0x8, 0x52, 0x16, 0x0, 0xce, 0x1, 0x31,
    0xab, 0xf0, 0x59, 0x86, 0xff, 0xb0, 0x2, 0xd7,
    0x8e, 0x0, 0xa, 0x86, 0xff, 0xac, 0x2, 0x3c,
    0xc1, 0x80, 0x7e, 0x70, 0x0, 0xa2, 0x4, 0x3,
    0xdf, 0xba, 0xe0, 0x1, 0x21, 0x0, 0x42, 0x1,
    0x47, 0x72, 0xc0, 0x7, 0x60, 0x12, 0x60, 0x3,
    0x94, 0xcc, 0xdc, 0x0,

    /* U+53A6 "厦" */
    0x0, 0x7f, 0xff, 0xf0, 0x44, 0x2, 0xbf, 0xff,
    0xf8, 0x40, 0x22, 0xee, 0xff, 0x50, 0x6, 0x5e,
    0xec, 0xc9, 0xdd, 0xa8, 0x3, 0xdb, 0x96, 0x8d,
    0x76, 0xe3, 0x0, 0xf8, 0xd3, 0x6a, 0x9b, 0xa1,
    0x0, 0xf0, 0x80, 0x38, 0x8b, 0x80, 0x3f, 0xd5,
    0xff, 0xc0, 0x1c, 0x40, 0x40, 0x4, 0xdd, 0xe0,
    0xe, 0x60, 0xa, 0xfe, 0x7c, 0xce, 0xa2, 0x0,
    0x8c, 0xc0, 0x2, 0x81, 0x49, 0x8b, 0xd1, 0x0,
    0xb5, 0x1b, 0xb8, 0xa5, 0xfc, 0xcb, 0x0, 0x19,
    0x71, 0xbe, 0x64, 0x1b, 0xa7, 0x80, 0xc, 0x82,
    0x93, 0xff, 0x25, 0xd9, 0x3b, 0xfb, 0x5, 0x3c,
    0x2f, 0xfd, 0x90, 0x88, 0x8d, 0xff, 0x70, 0x80,

    /* U+53A8 "厨" */
    0x1, 0xff, 0xff, 0xe0, 0x98, 0x5, 0xdd, 0xfe,
    0xbe, 0x30, 0x8, 0x47, 0xf8, 0xec, 0x40, 0x33,
    0x77, 0x74, 0x0, 0x7c, 0x60, 0xdd, 0xdd, 0x26,
    0x64, 0x3, 0x10, 0xd, 0xfd, 0xbd, 0xef, 0xdc,
    0xb0, 0xe5, 0x0, 0xef, 0xde, 0x7, 0xdd, 0x78,
    0x6a, 0x0, 0x88, 0x3, 0xc7, 0x80, 0x1e, 0x73,
    0x1, 0xfe, 0xe0, 0x9b, 0xb0, 0x7, 0x13, 0x4,
    0x57, 0x42, 0xf, 0x50, 0x7, 0x71, 0x0, 0x38,
    0x33, 0x0, 0xb2, 0x1, 0xc9, 0xe0, 0x8c, 0x8,
    0xe2, 0xa, 0x1, 0x84, 0xd1, 0xad, 0xb4, 0x7e,
    0xc0, 0x58, 0x2, 0x34, 0x20, 0xef, 0xee, 0xa8,
    0x7a, 0xd4, 0x0, 0x56, 0xc, 0xea, 0x62, 0x0,
    0x1f, 0xf5, 0x0, 0x0,

    /* U+53A9 "厩" */
    0x2, 0xff, 0xff, 0xe0, 0x98, 0x5, 0xdd, 0xff,
    0xc0, 0x30, 0x8, 0x40, 0x30, 0x8f, 0xc0, 0x18,
    0xbb, 0x31, 0xc8, 0xfd, 0xcf, 0xf7, 0x0, 0x71,
    0x6e, 0x8c, 0x11, 0x78, 0xb3, 0x80, 0x38, 0xb7,
    0x46, 0xa, 0x40, 0x44, 0x0, 0x84, 0x0, 0x5b,
    0xa3, 0xc, 0xf2, 0x11, 0x0, 0x78, 0xbf, 0xc6,
    0x4b, 0x3a, 0x3d, 0xc0, 0x3, 0x88, 0x17, 0xfc,
    0xd9, 0xa8, 0xff, 0xe0, 0x0, 0x90, 0x5, 0x66,
    0x6, 0x64, 0x61, 0x10, 0x0, 0x98, 0x2, 0xcf,
    0x0, 0x59, 0x0, 0x76, 0xe9, 0x8b, 0x28, 0x91,
    0x92, 0x40, 0x8, 0x60, 0xa9, 0x89, 0x1b, 0x5b,
    0x14, 0xc2, 0x6, 0xa6, 0x27, 0x16, 0x80, 0x29,
    0x88, 0x44, 0xe9, 0x43, 0xf0, 0xe, 0x5d, 0x20,
    0x6, 0xf7, 0x8,

    /* U+53BB "去" */
    0x0, 0xfa, 0xa4, 0x3, 0xff, 0x9b, 0xdf, 0xf9,
    0x5b, 0xff, 0x80, 0x36, 0xe6, 0x64, 0x46, 0x67,
    0x0, 0x63, 0x3e, 0x12, 0x33, 0xe0, 0xf, 0xfe,
    0x31, 0x77, 0x79, 0x5b, 0xbb, 0xc6, 0x55, 0x59,
    0x86, 0x6e, 0xab, 0xc6, 0x8, 0x99, 0x59, 0x88,
    0xbc, 0xa8, 0x90, 0x7, 0x40, 0x48, 0x0, 0x43,
    0x40, 0x3e, 0x47, 0xe0, 0xd, 0x43, 0x40, 0x1c,
    0x55, 0x42, 0x21, 0xab, 0x3b, 0x95, 0x80, 0x36,
    0xd, 0x76, 0xea, 0x2b, 0xd, 0x64, 0x40, 0x2b,
    0xb6, 0xf7, 0xf6, 0xe5, 0xcd, 0x29, 0x80,

    /* U+53BF "县" */
    0x0, 0xa7, 0xff, 0xf6, 0x80, 0x7c, 0xdf, 0xfe,
    0xa0, 0xf, 0xc2, 0x1, 0xff, 0xc3, 0x7f, 0xff,
    0x50, 0x7, 0xe6, 0xee, 0xf4, 0x80, 0x7f, 0x8,
    0xf8, 0xc0, 0x3f, 0x37, 0xff, 0xa8, 0x3, 0xf3,
    0xff, 0xfa, 0x80, 0x39, 0x10, 0x44, 0x44, 0xf6,
    0x9a, 0x20, 0x6, 0x64, 0xcf, 0x76, 0x99, 0xca,
    0x73, 0x21, 0x16, 0xed, 0x3, 0x7b, 0xb3, 0x5e,
    0xec, 0x20, 0x13, 0xc6, 0x20, 0x5, 0x54, 0x90,
    0xe, 0xd8, 0x1e, 0xdd, 0x77, 0xf1, 0xbd, 0x0,
    0x6a, 0x99, 0x47, 0x7f, 0xf7, 0x32, 0x80, 0x4e,
    0xca, 0x86, 0x42, 0x1, 0xb1, 0x40,

    /* U+53C1 "叁" */
    0x0, 0xf2, 0x20, 0x3, 0xff, 0x82, 0xf4, 0x20,
    0xd6, 0x20, 0x1f, 0x15, 0xdb, 0x14, 0x18, 0xf9,
    0x40, 0x39, 0x75, 0x7, 0x3b, 0xfc, 0xe3, 0x50,
    0x1, 0x92, 0xaf, 0x81, 0xbf, 0xee, 0xc4, 0x10,
    0x0, 0x82, 0x2a, 0x86, 0x84, 0x71, 0x68, 0x0,
    0xbb, 0xb4, 0x86, 0xf7, 0x7c, 0x65, 0xfe, 0xc1,
    0x7f, 0xfc, 0xe5, 0x9f, 0xe3, 0x1, 0x8d, 0x4,
    0xcc, 0xc8, 0x7b, 0x26, 0x7, 0xc9, 0x9b, 0xff,
    0xed, 0xf0, 0xc3, 0x35, 0xe1, 0x19, 0xfe, 0x19,
    0xd3, 0x4, 0x9, 0xff, 0xfd, 0x40, 0x40, 0x1a,
    0x7f, 0xff, 0x50, 0x7, 0xff, 0x21, 0xff, 0xff,
    0xf8, 0x12, 0x0,

    /* U+53C2 "参" */
    0x0, 0xf2, 0x18, 0x7, 0xff, 0x5, 0xad, 0x41,
    0x70, 0x80, 0x3e, 0x1b, 0xad, 0x60, 0x5b, 0xd6,
    0x0, 0xe4, 0xe4, 0x1f, 0xee, 0x7c, 0x4, 0xc8,
    0x3, 0x2c, 0xdf, 0xa, 0x7f, 0xec, 0x51, 0x0,
    0x8, 0x3a, 0x81, 0xf8, 0x8, 0xc5, 0xa0, 0x2,
    0xee, 0xd8, 0x15, 0xdd, 0xf1, 0x97, 0xfc, 0xa5,
    0xdf, 0xde, 0x8b, 0xff, 0x18, 0x5, 0x6f, 0x87,
    0x3e, 0x96, 0xd8, 0x20, 0x13, 0x73, 0xae, 0x7f,
    0x71, 0x4f, 0x1b, 0xa0, 0x6, 0xe3, 0x2b, 0xb5,
    0x9f, 0xec, 0x2a, 0xd0, 0x45, 0xac, 0xd, 0x79,
    0xfd, 0x90, 0x6e, 0x98, 0x20, 0x1b, 0x83, 0xfa,
    0x4e, 0x30, 0x40, 0x3e, 0xa8, 0x16, 0xbe, 0x1d,
    0x60, 0xf, 0x56, 0xfe, 0x63, 0x7a, 0x48, 0x3,
    0xee, 0x9e, 0xe5, 0x30, 0x80, 0x78,

    /* U+53C8 "又" */
    0x1, 0x33, 0xff, 0x84, 0x2, 0x7c, 0xcf, 0xfa,
    0x0, 0x26, 0xf1, 0xbf, 0xff, 0x83, 0x40, 0x39,
    0xb8, 0x3, 0xce, 0x28, 0x1, 0xd4, 0xa4, 0x1,
    0xd4, 0xc0, 0x1e, 0x24, 0xb0, 0xc, 0x85, 0x20,
    0x1f, 0x43, 0x18, 0x0, 0x6a, 0x4, 0x3, 0xe3,
    0x7d, 0x10, 0xd2, 0x70, 0xf, 0xe8, 0x2a, 0x92,
    0xe0, 0xf, 0xfb, 0x91, 0xb4, 0x80, 0x3f, 0xc7,
    0xc2, 0x2f, 0x20, 0xf, 0xc3, 0x18, 0xdf, 0xe7,
    0xd7, 0x0, 0xe3, 0xae, 0x6b, 0xa1, 0x15, 0xcc,
    0xbe, 0x50, 0xb, 0x6, 0xb9, 0x0, 0x33, 0x75,
    0x15, 0x99, 0x75, 0xa8, 0x7, 0xe5, 0xbe, 0x30,

    /* U+53C9 "叉" */
    0x0, 0xff, 0xe2, 0xbf, 0xff, 0xfd, 0x20, 0x13,
    0x50, 0x5e, 0x67, 0xc3, 0xc0, 0x10, 0xa9, 0x9c,
    0xb6, 0x67, 0x38, 0xb0, 0x7, 0x4c, 0x81, 0xd6,
    0x80, 0x1e, 0xa2, 0x1, 0xca, 0xa, 0x38, 0xec,
    0x69, 0x20, 0x1f, 0x45, 0x88, 0xb1, 0xbd, 0x4c,
    0x3, 0xe6, 0x5d, 0x1, 0xa2, 0xb0, 0xf, 0xea,
    0x29, 0x75, 0xd1, 0x0, 0xfe, 0x1d, 0x68, 0xb3,
    0x0, 0xff, 0x14, 0x8, 0xa0, 0xc0, 0x3f, 0x9f,
    0x47, 0xfc, 0xd9, 0x24, 0x1, 0x8e, 0x7e, 0x6a,
    0x82, 0x2a, 0xa2, 0x6e, 0x38, 0x9e, 0x15, 0x72,
    0x80, 0x65, 0xdd, 0x25, 0x81, 0xf5, 0xa8, 0x7,
    0xe2, 0x8c, 0x10,

    /* U+53CA "及" */
    0x9, 0xff, 0xfe, 0x20, 0xe, 0x8c, 0xc1, 0x36,
    0x65, 0x20, 0x40, 0x1c, 0x26, 0x61, 0x3, 0x38,
    0x50, 0x3, 0xf8, 0x5c, 0x2, 0xc3, 0x0, 0xff,
    0x9, 0x80, 0x11, 0xfb, 0xa4, 0x0, 0xe2, 0x24,
    0x80, 0x33, 0x1b, 0x2, 0xc0, 0x18, 0x82, 0x54,
    0x40, 0xce, 0xf3, 0x20, 0xc, 0xe0, 0x8d, 0x40,
    0x10, 0xb4, 0x80, 0x77, 0x28, 0x5a, 0x30, 0x2,
    0x91, 0x40, 0x31, 0x27, 0x81, 0x5c, 0xa4, 0xad,
    0x0, 0x74, 0x12, 0x80, 0x12, 0x2d, 0xb4, 0x40,
    0x32, 0xaa, 0x40, 0x24, 0xa1, 0xf, 0x30, 0x8,
    0xe9, 0xd0, 0x5b, 0x2d, 0x7b, 0x5f, 0x30, 0xe2,
    0x6f, 0x0, 0xb7, 0x6e, 0x80, 0x2b, 0xc5, 0xb1,
    0x8, 0x0, 0x26, 0xb8, 0x80, 0x63, 0x9c, 0x0,

    /* U+53CB "友" */
    0x0, 0xea, 0x90, 0xf, 0xfe, 0x10, 0xf0, 0x7,
    0xfb, 0x7f, 0xe4, 0x8f, 0xff, 0xb8, 0x1, 0xf9,
    0x90, 0x56, 0x67, 0xda, 0x0, 0x23, 0x30, 0x1,
    0xc, 0xff, 0x0, 0x72, 0x82, 0xa2, 0x71, 0x80,
    0x7d, 0x81, 0x55, 0xd7, 0x82, 0x1, 0xe5, 0x14,
    0xee, 0xca, 0xc2, 0x1, 0xca, 0x18, 0xa6, 0x0,
    0x35, 0xa0, 0xf, 0x4b, 0x14, 0x68, 0x8b, 0x98,
    0xc0, 0x39, 0xe, 0x81, 0xd3, 0x34, 0x64, 0x3,
    0x86, 0x94, 0xc0, 0x12, 0x47, 0x60, 0x1e, 0xc0,
    0xb0, 0x2a, 0xc7, 0x99, 0x6b, 0x8, 0x0, 0x9b,
    0xf, 0x74, 0x1b, 0xd, 0xd5, 0x7d, 0xa2, 0x56,
    0x44, 0x8e, 0xa2, 0x0, 0x9f, 0x75, 0x22,

    /* U+53CC "双" */
    0x2, 0x2f, 0x1, 0x17, 0x18, 0x80, 0x33, 0x77,
    0x8f, 0x77, 0xb2, 0x0, 0x1d, 0xff, 0x68, 0x1b,
    0x3f, 0xfc, 0x7c, 0x0, 0x11, 0x0, 0x1c, 0x83,
    0xcc, 0x2, 0x33, 0x0, 0x22, 0x80, 0x1a, 0xe0,
    0xaa, 0x0, 0x18, 0x20, 0x2, 0x1a, 0x1, 0x30,
    0xc, 0x48, 0x10, 0xc0, 0x21, 0xe7, 0x63, 0x70,
    0x2, 0x28, 0x4d, 0x0, 0x63, 0x99, 0x10, 0x80,
    0x3a, 0x94, 0x5c, 0x3, 0x98, 0x44, 0x1, 0x29,
    0x5b, 0x8, 0x7, 0x30, 0x9b, 0x0, 0x4a, 0x30,
    0x1, 0xe8, 0x8c, 0x20, 0x8a, 0xe, 0x1, 0xd4,
    0x6e, 0xe3, 0x23, 0xb6, 0x89, 0x30, 0xa, 0x57,
    0x80, 0x1a, 0x98, 0xd2, 0xeb, 0x8a, 0x6, 0xd8,
    0x60, 0x4, 0x89, 0x90, 0x2, 0x9e, 0x88, 0xf8,
    0xc0, 0x24, 0xe6, 0x0, 0xd1, 0xc4,

    /* U+53CD "反" */
    0x0, 0xff, 0xe0, 0x18, 0x7, 0x9, 0xa2, 0xb4,
    0x56, 0x7e, 0x30, 0x4, 0x9d, 0xb3, 0xd8, 0x3b,
    0x3b, 0xec, 0x1, 0x87, 0xb6, 0xea, 0x5d, 0x48,
    0x3, 0xff, 0x92, 0x2a, 0xbf, 0xc2, 0x1, 0x8,
    0x45, 0x44, 0x7a, 0x9c, 0x2, 0x31, 0xd5, 0x56,
    0xee, 0x91, 0x60, 0x8, 0x48, 0x25, 0xc4, 0x2,
    0x86, 0x0, 0xde, 0xe0, 0x69, 0x0, 0x5, 0x3a,
    0x0, 0xc2, 0x40, 0x9, 0x76, 0x3a, 0xa1, 0x0,
    0x65, 0xe0, 0x1, 0x54, 0xeb, 0xa8, 0x6, 0x13,
    0x40, 0xb, 0x0, 0x46, 0x0, 0xcc, 0x26, 0x2d,
    0xcd, 0x7a, 0xbd, 0x4, 0x0, 0x99, 0x2f, 0x5c,
    0xf2, 0x16, 0x51, 0xed, 0x5, 0x3a, 0xde, 0xb8,
    0x6, 0x5b, 0xeb,

    /* U+53D1 "发" */
    0x0, 0xf9, 0xd0, 0x0, 0x40, 0x1f, 0x55, 0x0,
    0x10, 0x40, 0xf, 0x80, 0xf, 0x2f, 0x1, 0x2,
    0x80, 0x3d, 0x98, 0x1, 0x98, 0x90, 0x1c, 0xc,
    0x0, 0x5a, 0x80, 0x1a, 0x4b, 0xfd, 0x41, 0xff,
    0xb3, 0x74, 0x1, 0x5e, 0x64, 0x2d, 0x99, 0xef,
    0x0, 0x90, 0xcc, 0xe3, 0x46, 0x7e, 0x20, 0xf,
    0x70, 0x67, 0xff, 0x20, 0x7, 0x8d, 0x42, 0xf7,
    0x68, 0x14, 0x0, 0xf7, 0x9b, 0x71, 0x15, 0x52,
    0x1, 0xe9, 0x2d, 0x96, 0x70, 0xa0, 0x70, 0xe,
    0x86, 0xb1, 0xd, 0x9c, 0x4c, 0x0, 0xc3, 0x6f,
    0x6a, 0x0, 0x23, 0x31, 0x10, 0x3, 0x1b, 0xea,
    0x2, 0x56, 0x2e, 0xae, 0x52, 0x80, 0xb, 0x8,
    0x36, 0x8b, 0x60, 0xa7, 0xe, 0xfc, 0x80, 0x36,
    0x74, 0x10, 0x4, 0x73, 0xda, 0x40,

    /* U+53D4 "叔" */
    0x0, 0x8b, 0xc0, 0x3f, 0xf8, 0x84, 0x41, 0xaf,
    0xfe, 0xd0, 0xf, 0x6e, 0xd4, 0x59, 0xfe, 0x96,
    0x0, 0xf7, 0xfb, 0x1, 0xd4, 0x1, 0x86, 0x1,
    0xfe, 0xdf, 0x0, 0x3e, 0x80, 0xff, 0xb4, 0x3f,
    0xeb, 0x44, 0x0, 0x92, 0x0, 0xee, 0xc7, 0x1b,
    0xaa, 0x32, 0x24, 0xa0, 0x80, 0x9, 0xcc, 0x9,
    0x9c, 0x41, 0x69, 0xbc, 0x2, 0x1a, 0x10, 0x0,
    0xd8, 0x3, 0x9c, 0xd0, 0x2, 0x74, 0x0, 0x94,
    0x50, 0x14, 0x14, 0x3, 0x5f, 0x0, 0x65, 0xe0,
    0xa1, 0x61, 0x0, 0xb, 0x28, 0x6, 0xba, 0x95,
    0xf5, 0xa0, 0x0, 0xd8, 0x8, 0x80, 0x2b, 0x7c,
    0x1a, 0x5c, 0x10, 0x4, 0x70, 0x38, 0x40, 0x79,
    0x0, 0xf8, 0xb8, 0x2, 0x3f, 0x48, 0x26, 0xc4,
    0x2, 0x1d, 0x60,

    /* U+53D6 "取" */
    0x3f, 0xff, 0x80, 0x3f, 0x1e, 0x7, 0x72, 0x4b,
    0xb3, 0x77, 0xa8, 0x0, 0x20, 0x22, 0x20, 0x18,
    0x29, 0x99, 0xcc, 0x3, 0x11, 0x40, 0x4, 0x27,
    0x44, 0x7, 0x80, 0x6c, 0xc4, 0x0, 0x4e, 0xa0,
    0x4, 0x50, 0xd, 0xdc, 0xa0, 0xb, 0x7c, 0x8,
    0x4c, 0x3, 0xfc, 0x8e, 0xa, 0x80, 0x1d, 0xfe,
    0xb0, 0x8, 0xcc, 0x95, 0xe0, 0x1d, 0xfe, 0xa0,
    0xd, 0x52, 0x8, 0x1, 0xf0, 0x81, 0x88, 0x29,
    0x50, 0x4, 0x28, 0x13, 0x74, 0x5e, 0x61, 0x61,
    0x60, 0x11, 0x52, 0xf7, 0xc1, 0x61, 0x2b, 0x60,
    0xc8, 0x0, 0xf2, 0x9d, 0x8, 0x0, 0xf5, 0x67,
    0xef, 0x62, 0x1, 0xf0, 0xde, 0x20, 0x17, 0x81,
    0x80, 0x72, 0x68, 0xe1, 0x80, 0x43, 0x64,

    /* U+53D7 "受" */
    0x0, 0xff, 0xe4, 0x11, 0xa2, 0xb4, 0x56, 0x7d,
    0x0, 0x53, 0xfe, 0xce, 0x89, 0xc0, 0xc8, 0xda,
    0x0, 0xa7, 0x17, 0xb7, 0x7, 0xa1, 0x93, 0xd8,
    0x3, 0x1a, 0x30, 0x1, 0x38, 0x0, 0xa6, 0xe0,
    0x1d, 0x38, 0x0, 0xd3, 0x0, 0x4c, 0x84, 0x2,
    0xef, 0x85, 0xff, 0x5b, 0x7f, 0x8e, 0x3f, 0x80,
    0x2b, 0xee, 0xff, 0x50, 0x6, 0x71, 0x1f, 0xf3,
    0x0, 0x54, 0x59, 0xff, 0xfa, 0x8a, 0x80, 0x8,
    0x3e, 0x11, 0xbb, 0xa8, 0x24, 0x50, 0x3, 0x1d,
    0x40, 0x91, 0x2, 0xdc, 0xc0, 0x3e, 0x5a, 0xc7,
    0x5c, 0x68, 0x0, 0xfe, 0x57, 0x8a, 0x58, 0x0,
    0xf8, 0x96, 0xbd, 0x62, 0x5b, 0xe9, 0x8c, 0x2,
    0xed, 0x92, 0xcd, 0x76, 0xdc, 0x2a, 0xce, 0x0,
    0x7f, 0xb2, 0xc, 0x3, 0x1c, 0x67, 0xf8, 0x0,

    /* U+53D8 "变" */
    0x0, 0xfa, 0x48, 0x3, 0xff, 0x87, 0x20, 0x1f,
    0xbb, 0xff, 0x99, 0x3f, 0xfb, 0x0, 0x1f, 0xd9,
    0xae, 0x9d, 0xc2, 0x8d, 0xd7, 0x68, 0x0, 0x45,
    0xcf, 0xe0, 0x22, 0x2, 0x8a, 0x11, 0x0, 0x4e,
    0x2a, 0x1, 0xeb, 0x58, 0x0, 0x96, 0x38, 0x3,
    0xe1, 0xf7, 0x50, 0x2, 0xe1, 0x0, 0x70, 0x80,
    0xb, 0x10, 0x2, 0x13, 0x32, 0x41, 0x9b, 0xd8,
    0xc4, 0xc4, 0x2, 0xec, 0xc7, 0x77, 0xb3, 0x0,
    0x1d, 0x9a, 0x31, 0xbb, 0xa0, 0x3c, 0x3, 0xc5,
    0x56, 0xe0, 0x7, 0xbb, 0x10, 0x7, 0xc9, 0x97,
    0x9b, 0x78, 0x80, 0x1f, 0x92, 0xc8, 0x4c, 0x68,
    0xc0, 0x3a, 0xb7, 0xe4, 0x73, 0x7a, 0x4b, 0x7f,
    0x68, 0x1, 0xf3, 0xdb, 0x4, 0x0, 0x4a, 0xee,
    0x47, 0x80,

    /* U+53D9 "叙" */
    0x0, 0xc4, 0x40, 0xf, 0xfe, 0x8, 0xe5, 0x80,
    0x7f, 0xf0, 0x68, 0x9e, 0x42, 0xbf, 0xfb, 0x40,
    0x3, 0x6f, 0x9e, 0x59, 0x81, 0xee, 0xa1, 0x80,
    0xb1, 0x7c, 0x42, 0x5c, 0x84, 0x4, 0x5c, 0x40,
    0xcc, 0xc, 0xee, 0x69, 0x21, 0x28, 0x1, 0x3c,
    0x12, 0xfb, 0xce, 0xbe, 0x41, 0xcc, 0x0, 0x48,
    0x0, 0x11, 0xc6, 0x22, 0xc, 0xb0, 0x51, 0x20,
    0x7, 0x74, 0x53, 0xdc, 0x77, 0x18, 0xcb, 0x0,
    0x5f, 0xde, 0x75, 0xdc, 0x71, 0x5b, 0x3a, 0x0,
    0x87, 0x80, 0x29, 0xb0, 0x7, 0x2a, 0x88, 0x2,
    0x66, 0x0, 0x52, 0xa2, 0x6, 0x6, 0x1, 0xc,
    0xd8, 0x4, 0x2c, 0xaa, 0x88, 0x33, 0x80, 0x6,
    0x88, 0x44, 0x0, 0x9d, 0xaa, 0x3d, 0xc4, 0x80,
    0x11, 0x78, 0x1c, 0x11, 0x18, 0xa0, 0x98, 0x40,
    0x12, 0xfe, 0x90, 0x26, 0x98, 0x4, 0x76, 0x0,

    /* U+53DB "叛" */
    0x0, 0xff, 0xe3, 0x9f, 0x0, 0x80, 0x4, 0xda,
    0x77, 0x0, 0x14, 0xa0, 0x15, 0xbd, 0x77, 0xe7,
    0x73, 0x0, 0x1f, 0x20, 0x12, 0x30, 0x46, 0x53,
    0x98, 0x4, 0xa4, 0xe0, 0xae, 0x20, 0x1f, 0xc5,
    0xa2, 0xf, 0x40, 0x9, 0xdd, 0xd8, 0x0, 0x8c,
    0xa1, 0xdc, 0x21, 0x12, 0x77, 0x14, 0x2, 0xaf,
    0xc1, 0xff, 0x10, 0x22, 0x99, 0xd6, 0x1, 0x9c,
    0xc0, 0x27, 0xe2, 0x31, 0x45, 0x1, 0xff, 0x59,
    0x7f, 0x9c, 0xda, 0x62, 0xa, 0x40, 0x3b, 0xa5,
    0x56, 0xe9, 0x0, 0xdd, 0x5a, 0x0, 0x22, 0x22,
    0x71, 0x11, 0xc, 0x0, 0x62, 0x60, 0x19, 0x5,
    0x0, 0x15, 0x40, 0xa0, 0x5d, 0x0, 0x86, 0xa0,
    0x1, 0x0, 0xf2, 0x9f, 0x63, 0x82, 0xe, 0xae,
    0x0, 0x4e, 0x54, 0xc2, 0xc, 0x75, 0x6, 0xb0,
    0xb, 0xd, 0x34, 0x80, 0x3, 0x68,

    /* U+53E0 "叠" */
    0x0, 0xff, 0xe3, 0xc6, 0xef, 0xbb, 0xd4, 0x3,
    0xd1, 0x68, 0x95, 0x3a, 0xe2, 0x80, 0x7a, 0x75,
    0x48, 0x4b, 0x42, 0x10, 0x3, 0x25, 0xbb, 0x3,
    0xd9, 0x60, 0x34, 0x62, 0x0, 0x10, 0x9a, 0x59,
    0x86, 0xa1, 0x9c, 0xcc, 0x40, 0x0, 0xfa, 0xca,
    0x78, 0x3, 0x27, 0x93, 0x0, 0x2a, 0xdb, 0xe8,
    0x83, 0x4f, 0x5f, 0x45, 0xb0, 0x0, 0x5f, 0xaf,
    0x97, 0x8c, 0x76, 0xf8, 0x74, 0x2, 0xbc, 0x33,
    0xfd, 0x96, 0x1, 0x5b, 0x93, 0xc4, 0x79, 0x85,
    0xe8, 0x0, 0x20, 0x2, 0xbb, 0xf1, 0x80, 0x4,
    0x3, 0xc4, 0x5e, 0x10, 0xf, 0xcb, 0x55, 0xe2,
    0x0, 0xc3, 0xba, 0x84, 0xdd, 0xf1, 0x5e, 0xe8,
    0x40,

    /* U+53E3 "口" */
    0xef, 0xff, 0xf8, 0x6, 0x33, 0x3f, 0x40, 0x4,
    0x67, 0xfe, 0x0, 0xff, 0xff, 0x80, 0x7f, 0xf1,
    0xef, 0xbb, 0xf5, 0x80, 0x51, 0x55, 0xfa, 0x0,
    0x23, 0x44, 0xfc, 0x60, 0x0,

    /* U+53E4 "古" */
    0x0, 0xfa, 0xa8, 0x1, 0xff, 0xcc, 0x55, 0xf3,
    0x31, 0x57, 0xc0, 0x31, 0x1e, 0x33, 0x44, 0x78,
    0x87, 0x77, 0xca, 0xad, 0xdf, 0x10, 0x7, 0xff,
    0x59, 0xbf, 0xf2, 0xab, 0xff, 0x30, 0x7, 0x16,
    0x67, 0xe2, 0x10, 0xf, 0x19, 0xfe, 0x0, 0xff,
    0xed, 0x97, 0x77, 0xe2, 0x0, 0xf1, 0x6e, 0xfe,
    0x20, 0x8,

    /* U+53E5 "句" */
    0x0, 0xc4, 0x60, 0x1f, 0xfc, 0x19, 0x90, 0x7,
    0xff, 0x0, 0x93, 0x4, 0x7f, 0x80, 0x2b, 0x9,
    0xee, 0xfd, 0xe0, 0x2, 0x6a, 0xee, 0xfd, 0x26,
    0x0, 0xe4, 0x51, 0x1f, 0xc0, 0x21, 0x45, 0xdb,
    0xbe, 0x0, 0x84, 0x5, 0xf5, 0x8b, 0xba, 0x82,
    0x0, 0xbd, 0xc7, 0x4c, 0x4, 0xce, 0x70, 0xc,
    0x22, 0x0, 0xff, 0xe0, 0x99, 0x80, 0x3f, 0xf8,
    0x22, 0x20, 0xc, 0x3f, 0xf6, 0x80, 0x66, 0xe0,
    0xc, 0x3b, 0xbc, 0x1, 0x11, 0x0, 0x23, 0xf2,
    0x2c, 0xc6, 0x69, 0x5, 0x0, 0xc2, 0x1, 0xa3,
    0x30, 0xf2, 0x20, 0x1f, 0xd9, 0xfe, 0xe6, 0x0,

    /* U+53E6 "另" */
    0x0, 0x27, 0xff, 0xf9, 0x80, 0x30, 0xee, 0xfe,
    0x10, 0xf, 0x11, 0x7e, 0x30, 0xf, 0xfe, 0xb8,
    0xff, 0xfe, 0x20, 0xc, 0x9d, 0xd8, 0x67, 0xbb,
    0x30, 0x0, 0x88, 0x67, 0x84, 0xcf, 0x88, 0x1,
    0xdb, 0xbc, 0x15, 0xbb, 0xc0, 0xc, 0xff, 0xca,
    0xaf, 0xfd, 0x42, 0x1, 0xe4, 0x59, 0x0, 0xc4,
    0x60, 0x1c, 0xf7, 0x26, 0x1, 0xb9, 0xc0, 0x7,
    0x1b, 0x34, 0xc0, 0x2, 0x29, 0xf4, 0x1, 0xe7,
    0x7c, 0xa0, 0x17, 0x6e, 0x95, 0x80, 0x19, 0x6c,
    0x1, 0xd9, 0xfe, 0xb1, 0x0,

    /* U+53EA "只" */
    0x0, 0x9, 0x9f, 0xf8, 0x80, 0x32, 0xe6, 0x7f,
    0xbc, 0x3, 0x87, 0xff, 0xf4, 0x80, 0x7f, 0xfa,
    0xc4, 0x7f, 0x80, 0x3c, 0x3d, 0xdf, 0xa0, 0x3,
    0x93, 0xff, 0xfd, 0xa0, 0x1f, 0x20, 0x80, 0x48,
    0x20, 0x1f, 0x96, 0xd4, 0x2, 0xef, 0x30, 0xf,
    0x35, 0x51, 0x0, 0x2a, 0x6c, 0x50, 0xd, 0x53,
    0x4a, 0x1, 0xd1, 0x54, 0x70, 0x5, 0xbe, 0xa8,
    0x7, 0xcb, 0x50, 0x61, 0x5a, 0x40, 0x1f, 0xcb,
    0xc6,

    /* U+53EB "叫" */
    0x0, 0xff, 0xe0, 0x72, 0x23, 0xff, 0x70, 0x27,
    0x0, 0x78, 0x77, 0x54, 0x1, 0xfe, 0x32, 0x23,
    0x0, 0x7f, 0xff, 0xc0, 0xc4, 0x0, 0x5f, 0xec,
    0x0, 0x60, 0xdf, 0xe8, 0x4, 0x3b, 0xb6, 0x3,
    0x96, 0x63, 0x84, 0x1d, 0x8, 0xb0, 0x76, 0xb9,
    0x80, 0x47, 0x40, 0x1c, 0x20, 0x1f, 0xfc, 0x80,

    /* U+53EC "召" */
    0x5, 0xff, 0xff, 0xb8, 0x17, 0xbb, 0x1a, 0xf7,
    0x68, 0x30, 0x0, 0x8c, 0x7, 0xc2, 0x38, 0x18,
    0x3, 0xa4, 0x90, 0x3, 0x70, 0x80, 0x63, 0x78,
    0x0, 0xe2, 0xd0, 0x9, 0x71, 0x94, 0x0, 0x42,
    0x68, 0x60, 0x97, 0x4f, 0x20, 0x17, 0xf6, 0x2a,
    0xd, 0x84, 0xd1, 0x16, 0xfd, 0xd4, 0x8, 0xbe,
    0xa7, 0x77, 0xf9, 0xc0, 0x37, 0x7f, 0xfc, 0x60,
    0x1f, 0xfd, 0x52, 0x11, 0xfc, 0x1, 0xd9, 0xdd,
    0xf1, 0x0,

    /* U+53ED "叭" */
    0x0, 0xff, 0x10, 0x6, 0x11, 0xe0, 0x7, 0x90,
    0x79, 0x80, 0x5f, 0xdd, 0x60, 0x8, 0x18, 0xb,
    0x80, 0x6a, 0xd9, 0x0, 0x18, 0x8, 0x38, 0x80,
    0x66, 0x22, 0x0, 0x4, 0x2, 0x13, 0x0, 0xfe,
    0x71, 0x0, 0x1f, 0x0, 0x7f, 0x11, 0x0, 0x1c,
    0x40, 0x1f, 0xdc, 0xc0, 0x2, 0x60, 0xf, 0xe2,
    0x20, 0x1, 0x88, 0x3, 0xf9, 0x34, 0x0, 0x42,
    0x40, 0x16, 0x7d, 0x81, 0xa, 0x0, 0x4, 0x90,
    0x2, 0x9c, 0xc7, 0x39, 0x8, 0x4, 0xba, 0x0,
    0x54, 0x33, 0xa5, 0x0, 0x36, 0x21, 0x85, 0x90,
    0x0, 0xcd, 0x60, 0x19, 0xf, 0xc0, 0x39, 0x94,
    0x80, 0x3b, 0xdc, 0x3, 0x96, 0x80, 0x3c, 0x76,
    0x0,

    /* U+53EE "叮" */
    0x0, 0xf0, 0x8f, 0xe0, 0xef, 0xfb, 0x9b, 0xbb,
    0xf1, 0x84, 0xec, 0x83, 0x77, 0x58, 0x1b, 0xdc,
    0x30, 0x52, 0x50, 0x0, 0x8e, 0x3, 0x11, 0x0,
    0x7f, 0xff, 0xc0, 0x19, 0xf8, 0x1, 0xff, 0xc0,
    0x9c, 0xc6, 0x80, 0x7f, 0x99, 0xc, 0xe0, 0xf,
    0xf4, 0x10, 0x7, 0x21, 0xa0, 0x7, 0xff, 0x2,
    0x72, 0x18, 0x40, 0x20,

    /* U+53EF "可" */
    0x3, 0x3f, 0xfe, 0x10, 0xe, 0x67, 0xff, 0x8,
    0x87, 0xff, 0xfe, 0xc, 0xf2, 0x0, 0xff, 0xe3,
    0x3f, 0xff, 0x84, 0x3, 0xf8, 0xf3, 0x2b, 0x0,
    0xff, 0x98, 0xce, 0x50, 0xf, 0xfe, 0xfa, 0xff,
    0xdc, 0x1, 0xff, 0x1e, 0x67, 0x8, 0x7, 0xe5,
    0xf3, 0x3e, 0x0, 0xfe, 0x23, 0x0, 0xc4, 0x88,
    0x50, 0x10, 0xf, 0xfa, 0xee, 0x52, 0x0, 0x0,

    /* U+53F0 "台" */
    0x0, 0xe1, 0x0, 0xff, 0xe0, 0xf, 0xc0, 0x7,
    0xfd, 0x45, 0x0, 0x3, 0x0, 0xf9, 0xd7, 0x40,
    0x5, 0x8e, 0x1, 0xcb, 0x38, 0x20, 0x2, 0xc8,
    0x70, 0x9, 0x6e, 0x8c, 0x8d, 0x10, 0xcc, 0x86,
    0x3, 0xa1, 0xbe, 0xdd, 0x4c, 0xc4, 0xb2, 0x66,
    0xbd, 0xef, 0xf7, 0x6e, 0xb2, 0xe9, 0x94, 0x10,
    0x48, 0xcf, 0xf4, 0xb0, 0x16, 0x6e, 0xfe, 0xc2,
    0x0, 0xdf, 0xdd, 0xec, 0x0, 0xff, 0xeb, 0x77,
    0xff, 0xb4, 0x3, 0xd7, 0x99, 0xea, 0x0, 0x80,

    /* U+53F2 "史" */
    0x0, 0xfa, 0xa0, 0x3, 0xff, 0x9b, 0xff, 0xca,
    0xff, 0xfc, 0x40, 0x1a, 0xf7, 0x64, 0x5d, 0xda,
    0xc0, 0x3c, 0xc4, 0x50, 0x91, 0x65, 0x0, 0xff,
    0xe5, 0x6f, 0xfc, 0xaf, 0xff, 0x70, 0x7, 0x65,
    0xe6, 0x44, 0xf9, 0x9c, 0x40, 0x11, 0x58, 0x19,
    0x8b, 0xc, 0xf8, 0x3, 0xb, 0xf0, 0xa8, 0x28,
    0x7, 0xfa, 0x1b, 0x6e, 0x4, 0x3, 0xfe, 0xe3,
    0x1f, 0x10, 0xf, 0xc4, 0xf9, 0x51, 0x49, 0xdb,
    0x2e, 0xa6, 0x40, 0x39, 0x76, 0xe7, 0x5c, 0xdb,
    0xb, 0xb6, 0x69, 0xf, 0x63, 0x88, 0x4, 0x4d,
    0x39, 0xdf, 0xc4,

    /* U+53F3 "右" */
    0x0, 0xf0, 0x80, 0x7f, 0xf0, 0xe2, 0xc0, 0x3f,
    0xf8, 0x49, 0xa0, 0x1f, 0xc6, 0x79, 0x48, 0xcf,
    0xf0, 0x3, 0x77, 0x50, 0x5e, 0xef, 0xc0, 0xe,
    0xec, 0x33, 0xdd, 0xf8, 0x3, 0xa0, 0xd8, 0x3,
    0xff, 0x80, 0x4f, 0x44, 0x5f, 0x80, 0x3a, 0x42,
    0x37, 0x7e, 0xf0, 0xd, 0x4a, 0x71, 0xff, 0xe9,
    0x0, 0x86, 0xd3, 0x1c, 0x3, 0xfe, 0x37, 0xf2,
    0x0, 0xff, 0xe0, 0x16, 0x8, 0x7, 0xff, 0x1a,
    0x3f, 0xfd, 0x20, 0x1f, 0x9b, 0x33, 0xce, 0x1,
    0x0,

    /* U+53F6 "叶" */
    0x0, 0xfc, 0x7e, 0x1, 0xdd, 0xff, 0x70, 0x7,
    0xfd, 0x5b, 0x40, 0x1f, 0xfc, 0x7, 0x26, 0x0,
    0xff, 0xe9, 0xf, 0xfd, 0x81, 0xff, 0x94, 0x3,
    0xb3, 0x29, 0xc, 0xcc, 0x80, 0x18, 0x4c, 0xe5,
    0x3, 0x3c, 0x20, 0x1f, 0xfc, 0x4d, 0xfc, 0x0,
    0xff, 0xe0, 0x56, 0xeb, 0x0, 0x3f, 0xd4, 0xa4,
    0x50, 0x7, 0xf9, 0x0, 0x3f, 0xfa, 0x20,

    /* U+53F7 "号" */
    0x0, 0x7f, 0xff, 0x80, 0x3b, 0x3f, 0xfd, 0x60,
    0x1e, 0x10, 0xf, 0x38, 0x7, 0xbb, 0x33, 0xdc,
    0x1, 0xd7, 0x11, 0xf4, 0xd8, 0x6, 0x44, 0xff,
    0x0, 0x3f, 0xff, 0xf8, 0x3d, 0xfe, 0xe2, 0x7f,
    0xff, 0xdc, 0x0, 0x32, 0xc1, 0x1f, 0x80, 0x35,
    0x5, 0xf7, 0x7c, 0x1, 0xa3, 0xff, 0xe8, 0x30,
    0xf, 0xfe, 0x6, 0x28, 0x7, 0xe2, 0x11, 0x22,
    0x34, 0x3, 0xf4, 0x77, 0x2d, 0x90, 0x3, 0xf5,
    0x7f, 0xd2, 0x1, 0x0,

    /* U+53F8 "司" */
    0xaf, 0xff, 0xfe, 0x0, 0xde, 0xef, 0xfb, 0x0,
    0x2, 0x45, 0xff, 0x0, 0x1f, 0x33, 0xf8, 0x3,
    0x2c, 0x47, 0xf0, 0x6, 0x24, 0x4f, 0xe0, 0xe,
    0x8f, 0xff, 0x70, 0x7, 0xcb, 0xdd, 0xac, 0x40,
    0x3e, 0x31, 0x1c, 0xe0, 0x1f, 0xfc, 0xa6, 0xee,
    0xd8, 0x1, 0xf9, 0x7f, 0xf7, 0x70, 0x3, 0xd7,
    0x22, 0x3e, 0x44, 0x38, 0x4, 0x66, 0x0, 0xf4,
    0x5c, 0x30, 0x80,

    /* U+53F9 "叹" */
    0x33, 0xc9, 0xbb, 0xf6, 0x0, 0x37, 0x6c, 0x4,
    0x19, 0x9c, 0xa2, 0x1, 0x6f, 0xb, 0xd9, 0x22,
    0x61, 0x70, 0xf, 0x88, 0xc, 0x2, 0x7c, 0x0,
    0xfc, 0x88, 0x0, 0x10, 0xb8, 0x7, 0xef, 0xa0,
    0x5, 0xa0, 0x80, 0x7e, 0x53, 0x42, 0x6f, 0x0,
    0xff, 0x4c, 0x40, 0xd0, 0x3, 0x31, 0x0, 0x67,
    0x35, 0xe0, 0xe, 0xad, 0x10, 0x9, 0x0, 0x2,
    0x1, 0xd9, 0xfe, 0x30, 0x5b, 0x76, 0xd2, 0x0,
    0xa4, 0x80, 0x3, 0x35, 0x31, 0x29, 0x8c, 0x0,
    0x71, 0x4, 0xe5, 0xc6, 0x0, 0x54, 0x4e, 0x0,
    0x64, 0xbc, 0x30, 0xc, 0xdd, 0xe0,

    /* U+53FC "叼" */
    0xdf, 0xfb, 0xab, 0xff, 0xe5, 0xa, 0xea, 0x8,
    0xcc, 0xf0, 0x80, 0x4, 0x4c, 0x4, 0x67, 0xe0,
    0x10, 0xf, 0xe1, 0xa0, 0xf, 0xfe, 0x6, 0x98,
    0xb, 0x80, 0x7e, 0xa0, 0x90, 0x0, 0x80, 0x7d,
    0x9, 0xa0, 0x20, 0x60, 0x1e, 0x77, 0x68, 0x81,
    0x80, 0x85, 0xfe, 0x2, 0xc5, 0x98, 0x1, 0x80,
    0x29, 0xdd, 0x63, 0xca, 0x0, 0x44, 0x40, 0x45,
    0x22, 0xcc, 0x1, 0xb9, 0x82, 0x4c, 0x3, 0xc6,
    0x64, 0x6c, 0x0, 0xfe, 0xbc, 0xb5, 0x60, 0xf,
    0xe8, 0xff, 0x58, 0x80,

    /* U+5401 "吁" */
    0x0, 0xe1, 0xff, 0xfa, 0xc3, 0xbf, 0xe3, 0x1d,
    0xd8, 0xe3, 0x75, 0x40, 0x9, 0xd1, 0x0, 0x11,
    0x40, 0x24, 0x41, 0x0, 0x29, 0x0, 0x7f, 0xf5,
    0xc, 0xf0, 0xf1, 0x9c, 0x1, 0xcf, 0x99, 0x89,
    0xf3, 0x24, 0x0, 0xcf, 0xff, 0x8e, 0x7f, 0xe4,
    0x0, 0xff, 0xe2, 0x67, 0x88, 0x7, 0xff, 0x2,
    0x73, 0x6, 0x1, 0xfe, 0x64, 0x33, 0x0, 0x7f,
    0xd0, 0x40, 0x1c, 0x44, 0x10, 0xf, 0xfe, 0x7,
    0x68, 0x20, 0x6,

    /* U+5403 "吃" */
    0x0, 0xf9, 0x4, 0x3, 0xff, 0x80, 0x56, 0x40,
    0x1e, 0xef, 0xf8, 0x82, 0x88, 0xc0, 0x3e, 0xad,
    0x10, 0x16, 0x2f, 0xfe, 0xd0, 0x3, 0x10, 0xd,
    0x9e, 0xef, 0xb0, 0x3, 0x91, 0x78, 0x8b, 0xc2,
    0x1, 0xc9, 0x93, 0xdd, 0xd8, 0x1, 0xe1, 0x38,
    0xdd, 0x50, 0x3, 0xc0, 0x3f, 0x11, 0x94, 0x97,
    0x98, 0x7, 0xf1, 0x63, 0x60, 0x80, 0x6c, 0xf1,
    0x0, 0x16, 0x3d, 0x80, 0x7a, 0x73, 0x4, 0x1e,
    0xf4, 0x1, 0x98, 0x59, 0xcc, 0xc1, 0x3, 0x20,
    0x1d, 0x5, 0x2, 0x1, 0x1b, 0x99, 0x16, 0x41,
    0x20, 0xe, 0x86, 0xcd, 0xdd, 0x6e, 0x20,

    /* U+5404 "各" */
    0x0, 0xe5, 0x60, 0xf, 0xfe, 0x9, 0x51, 0x80,
    0x7f, 0xf0, 0x7, 0xc2, 0xbf, 0xf9, 0xc0, 0x38,
    0xb0, 0xab, 0xbb, 0x28, 0xb0, 0x6, 0x5d, 0x79,
    0xb2, 0x11, 0x32, 0xe8, 0x80, 0x43, 0x71, 0x4d,
    0x78, 0xd5, 0x38, 0x60, 0x18, 0x79, 0xc0, 0xa,
    0xd2, 0xb4, 0x60, 0x1f, 0xcb, 0xaf, 0xb, 0x72,
    0x40, 0x1c, 0x93, 0xd7, 0x5c, 0xf5, 0x8b, 0xb8,
    0xe6, 0xf, 0x66, 0xd4, 0x86, 0x70, 0x7c, 0xad,
    0x78, 0x3f, 0xd3, 0x57, 0x77, 0xa7, 0x37, 0x0,
    0x3a, 0xb7, 0x7c, 0x20, 0x1f, 0xfc, 0xc1, 0x1f,
    0x80, 0x3f, 0xab, 0xbb, 0xc2, 0x1, 0x80,

    /* U+5408 "合" */
    0x0, 0xfc, 0x60, 0x1f, 0xfc, 0x28, 0xc1, 0x0,
    0xff, 0xe0, 0x33, 0x84, 0x80, 0x7f, 0xd1, 0x37,
    0xad, 0x60, 0x1f, 0x8b, 0x1a, 0xd0, 0xb1, 0xf5,
    0x0, 0x30, 0xc6, 0x8e, 0xb1, 0x10, 0x39, 0xef,
    0x10, 0xb, 0x96, 0xb, 0x37, 0x79, 0x75, 0xec,
    0x89, 0x9a, 0xff, 0xff, 0x8a, 0xf8, 0x80, 0xc0,
    0x8b, 0xfc, 0x2, 0x1, 0xb3, 0x77, 0xf8, 0x3,
    0xeb, 0xff, 0xf6, 0x0, 0x7f, 0xf7, 0x2f, 0xff,
    0xd8, 0x1, 0xfa, 0x77, 0x7d, 0x20, 0x18,

    /* U+5409 "吉" */
    0x0, 0xf5, 0x48, 0x7, 0x88, 0xbc, 0x26, 0x45,
    0xed, 0xdf, 0x22, 0xee, 0xf6, 0x7f, 0xf9, 0x5b,
    0xff, 0xb8, 0x3, 0xff, 0x87, 0xdd, 0xca, 0xdd,
    0xdc, 0x41, 0xbb, 0xd9, 0x8d, 0xde, 0x20, 0x33,
    0xff, 0xe0, 0x0, 0x7, 0xff, 0xfc, 0x80, 0x1b,
    0x37, 0x7e, 0x0, 0xf1, 0x17, 0xe0, 0xf, 0xfe,
    0x41, 0x8, 0xfc, 0x1, 0xec, 0xee, 0xf8, 0x2,

    /* U+540A "吊" */
    0x0, 0x7f, 0xff, 0x84, 0x3, 0x67, 0x77, 0xac,
    0x3, 0xc4, 0x23, 0xe6, 0x0, 0xff, 0xe4, 0x77,
    0xff, 0xb4, 0x3, 0xb7, 0x70, 0xc6, 0xee, 0x10,
    0x8, 0x8b, 0x18, 0x91, 0x60, 0xb, 0xff, 0x8a,
    0x7f, 0xf8, 0xc0, 0x17, 0xbb, 0xb, 0xee, 0xe0,
    0xc, 0xc4, 0x51, 0xf1, 0x16, 0x0, 0xff, 0xe7,
    0x11, 0x0, 0x40, 0x40, 0x3e, 0x3d, 0xc4, 0x20,
    0xe2, 0x0, 0xf1, 0xff, 0x58, 0x0,

    /* U+540C "同" */
    0xcf, 0xff, 0xfe, 0x2, 0x4, 0x6e, 0xff, 0x84,
    0x0, 0x45, 0xff, 0x0, 0x63, 0xff, 0xfb, 0x80,
    0x38, 0xfb, 0xbe, 0xf0, 0xf, 0x8, 0x7, 0x84,
    0x3, 0xcd, 0xdd, 0xe0, 0xf, 0xc9, 0xff, 0x80,
    0x3f, 0xf9, 0xe2, 0x1, 0xfc, 0x9f, 0xf7, 0x0,
    0x7f, 0x27, 0xff, 0x0, 0x7c, 0xf2, 0x1, 0xc4,
    0x62, 0xe0, 0x10, 0x90, 0x6, 0x1d, 0xc4, 0x30,

    /* U+540D "名" */
    0x0, 0xf3, 0x20, 0x7, 0xfc, 0xb2, 0xe0, 0x1f,
    0xe4, 0xa0, 0xcf, 0xfd, 0xc2, 0x1, 0x3d, 0xce,
    0xef, 0x12, 0x8, 0x15, 0xcd, 0xb1, 0x16, 0xa3,
    0xb0, 0x5, 0x7, 0x9e, 0x8, 0x1, 0xdd, 0xa2,
    0x0, 0x8b, 0x17, 0x6f, 0x3a, 0x9b, 0x30, 0xf,
    0xa9, 0x70, 0x7d, 0x0, 0x3e, 0x5d, 0x44, 0x41,
    0x19, 0xc2, 0xb, 0x5d, 0x46, 0x4d, 0xdd, 0xb1,
    0x3, 0xca, 0x83, 0x77, 0xe2, 0x0, 0x54, 0x20,
    0x7, 0xff, 0x47, 0x7b, 0xbc, 0x40, 0x1e, 0x8d,
    0xdf, 0x8, 0x0,

    /* U+540E "后" */
    0x0, 0xff, 0xe0, 0x18, 0x7, 0x84, 0xd1, 0x5e,
    0x2f, 0x7f, 0x20, 0x3, 0x67, 0x6c, 0xf6, 0x86,
    0x4e, 0xfc, 0x0, 0x74, 0xf6, 0xdd, 0x43, 0xa1,
    0x0, 0x7f, 0xf2, 0xe7, 0xff, 0xfe, 0x0, 0x86,
    0x37, 0x7f, 0xe0, 0x8, 0xc8, 0xbf, 0xf8, 0x0,
    0x10, 0x88, 0xb3, 0x3f, 0x58, 0x7, 0x30, 0x9c,
    0xcf, 0x91, 0x40, 0x23, 0x2, 0x0, 0x2a, 0xfb,
    0x40, 0x32, 0x18, 0x7, 0xff, 0xa, 0xd0, 0x3,
    0xff, 0x82, 0x87, 0x40, 0x16, 0xef, 0xac, 0x2,
    0x16, 0x20, 0xb, 0xbb, 0xd2, 0x1, 0x2c, 0x80,
    0xf, 0xcc, 0xfc, 0xfc, 0x0,

    /* U+540F "吏" */
    0x0, 0xfa, 0x64, 0x1, 0xfb, 0x7f, 0xf9, 0x99,
    0xff, 0xdc, 0x0, 0xfd, 0xde, 0x55, 0x6e, 0xf6,
    0x0, 0x8, 0xcf, 0x80, 0x6, 0x7c, 0x40, 0x16,
    0x77, 0x65, 0x57, 0x77, 0x0, 0x75, 0xff, 0xcc,
    0xcf, 0xfb, 0x40, 0x3f, 0xf9, 0x57, 0xff, 0x33,
    0x3f, 0xed, 0x0, 0xec, 0x6c, 0xee, 0x1c, 0x77,
    0x70, 0x6, 0x10, 0x81, 0x3, 0x41, 0x1e, 0x0,
    0xe8, 0x6a, 0xb4, 0x30, 0xf, 0xf0, 0xf2, 0xa8,
    0xc0, 0x3f, 0x89, 0x6b, 0x16, 0x57, 0xf2, 0x19,
    0xc, 0x80, 0x72, 0x4b, 0x69, 0xb7, 0x54, 0x55,
    0x4c, 0xd3, 0x1e, 0xc8, 0x20, 0x8, 0x9a, 0xb3,
    0xbf, 0xc6,

    /* U+5410 "吐" */
    0x0, 0xfc, 0x3e, 0x40, 0x1b, 0xbf, 0xe3, 0x0,
    0xff, 0xab, 0x44, 0x3, 0xff, 0x80, 0xe4, 0x1,
    0xff, 0xc5, 0x23, 0x32, 0x83, 0x99, 0xc0, 0x1e,
    0xbc, 0xc5, 0x85, 0x66, 0x34, 0x3, 0xd3, 0xfe,
    0xe0, 0xdf, 0xf7, 0x0, 0x7f, 0xf5, 0x37, 0xc4,
    0x3, 0xff, 0x81, 0x59, 0x83, 0x0, 0xff, 0x32,
    0x19, 0x80, 0x3f, 0xe8, 0x10, 0x1, 0x17, 0x3,
    0x11, 0x42, 0x1, 0xb7, 0x76, 0x5, 0xee, 0xce,

    /* U+5411 "向" */
    0x0, 0xf4, 0xa0, 0x7, 0xfc, 0x8c, 0xc0, 0xf,
    0xfb, 0x90, 0x80, 0x3c, 0x7d, 0xd9, 0x53, 0xbb,
    0xd8, 0xe3, 0x55, 0x5d, 0xaa, 0xb9, 0x88, 0x5,
    0x13, 0xfd, 0x80, 0x1c, 0x45, 0xe0, 0xf, 0xdb,
    0x99, 0xb4, 0xc0, 0x3f, 0x7f, 0x74, 0x20, 0x1f,
    0xfc, 0xb2, 0x2c, 0x1, 0xfe, 0xcd, 0xd8, 0x40,
    0x3f, 0xbb, 0xff, 0x18, 0x7, 0xd6, 0x20, 0x11,
    0x19, 0xb0, 0xc0, 0x32, 0x0, 0x64, 0xcc, 0x2d,
    0x80,

    /* U+5413 "吓" */
    0x1, 0x1c, 0xbf, 0xff, 0xcc, 0x3d, 0xd8, 0x37,
    0x68, 0x1d, 0xdc, 0xe0, 0xe, 0xe1, 0x9, 0x16,
    0x32, 0x2c, 0x20, 0x1, 0x10, 0x7, 0xff, 0x2e,
    0x4c, 0x3, 0xff, 0x85, 0xf8, 0xc0, 0x1f, 0xfc,
    0x16, 0xb9, 0x80, 0xf, 0xfe, 0xa, 0x61, 0x0,
    0x42, 0x20, 0xf, 0xe3, 0xa0, 0xb, 0xb8, 0x40,
    0x1f, 0xfc, 0x1d, 0xee, 0x20, 0x7, 0xfc, 0x84,
    0x22, 0x0, 0xff, 0x86, 0xc0, 0x3f, 0xfa, 0x40,

    /* U+5415 "吕" */
    0xe, 0xff, 0xfe, 0x0, 0xa7, 0xbb, 0xd4, 0x1,
    0x88, 0x47, 0xcc, 0x1, 0xff, 0xc4, 0x22, 0xf9,
    0x40, 0x23, 0x8c, 0xcf, 0x40, 0x80, 0x37, 0xbb,
    0xf8, 0x8, 0xbf, 0xf8, 0x19, 0xbb, 0xff, 0x5,
    0xff, 0xfe, 0xb0, 0xf, 0xfe, 0x71, 0x17, 0xf8,
    0x1, 0x3b, 0xbf, 0xa4, 0x40,

    /* U+5417 "吗" */
    0x0, 0xff, 0xe3, 0xc7, 0xff, 0x98, 0x3b, 0xfe,
    0x28, 0xee, 0xe2, 0x30, 0x5, 0x68, 0x80, 0x14,
    0x4, 0x63, 0x10, 0x3, 0x90, 0x5, 0x24, 0x1,
    0xb, 0x0, 0x7c, 0x42, 0x0, 0x10, 0x20, 0xf,
    0xc4, 0x0, 0x20, 0xf, 0xc4, 0x6, 0x72, 0x89,
    0x90, 0x7, 0x9, 0x77, 0x56, 0x7b, 0x20, 0x1c,
    0x7b, 0xbe, 0x92, 0xc, 0xe1, 0x11, 0x17, 0x83,
    0x84, 0x2f, 0x34, 0xb7, 0x7c, 0xaa, 0xe9, 0x42,
    0x20, 0xff, 0xf9, 0x4d, 0x5c, 0x40, 0x3e, 0x11,
    0x30, 0x18, 0x7, 0xf5, 0xf4, 0xc8, 0x3, 0xfd,
    0x5f, 0xe6, 0x0,

    /* U+541B "君" */
    0x0, 0x37, 0xff, 0xf9, 0x80, 0x33, 0x7f, 0xd0,
    0x3f, 0xf8, 0xc0, 0x3f, 0xb9, 0x0, 0x3f, 0x17,
    0xff, 0x32, 0xff, 0xe3, 0x9f, 0x22, 0x6e, 0xea,
    0xc, 0xdd, 0xc6, 0xfa, 0x40, 0x44, 0x33, 0x61,
    0x91, 0x9e, 0xe, 0x20, 0xa, 0x7b, 0x8c, 0x7d,
    0xdc, 0x60, 0x1d, 0x3e, 0xa7, 0xff, 0xf3, 0x0,
    0x73, 0x2d, 0x19, 0xfc, 0x40, 0x19, 0x24, 0x23,
    0xbb, 0xdb, 0xe0, 0x13, 0xdb, 0x9c, 0x6e, 0xfa,
    0x0, 0x23, 0x88, 0x80, 0x3f, 0xf8, 0x7, 0xce,
    0x0, 0x11, 0xfc, 0x1, 0x84, 0x2, 0x8e, 0xef,
    0x40, 0x4,

    /* U+541D "吝" */
    0x0, 0xfa, 0x8, 0x3, 0xff, 0x84, 0x52, 0x1,
    0xfb, 0xff, 0xca, 0x9f, 0xfe, 0x0, 0x6e, 0xac,
    0x27, 0x77, 0x48, 0x4e, 0xe8, 0x0, 0x44, 0x4a,
    0x96, 0x22, 0x34, 0xc3, 0x11, 0x0, 0x39, 0x6a,
    0xe2, 0x17, 0xe, 0x1, 0xfc, 0xac, 0xee, 0x67,
    0x0, 0xfc, 0x93, 0xe9, 0x32, 0x4f, 0x94, 0x0,
    0x8f, 0x3e, 0xca, 0xf5, 0x99, 0xb6, 0x75, 0xfa,
    0x46, 0x97, 0x5e, 0x8, 0x98, 0x3a, 0xb2, 0x8,
    0x21, 0x2a, 0x62, 0x3e, 0xb7, 0x50, 0xe, 0xfc,
    0xcf, 0x80, 0x3f, 0xf9, 0x82, 0x3f, 0x80, 0x3f,
    0x67, 0x77, 0xc0, 0x18,

    /* U+541E "吞" */
    0x3, 0xff, 0xff, 0xe0, 0x20, 0x0, 0xfb, 0xb5,
    0x86, 0x77, 0x72, 0x0, 0x42, 0x3b, 0xc, 0xc2,
    0x3c, 0x1, 0xf9, 0x6c, 0x3, 0xf1, 0x7f, 0xf1,
    0x47, 0xff, 0xc4, 0x4d, 0xda, 0xc2, 0x37, 0x4e,
    0x39, 0xbb, 0x10, 0x11, 0x50, 0xae, 0x44, 0x82,
    0xf2, 0x28, 0x2, 0x1b, 0x2b, 0x0, 0xdc, 0x38,
    0x60, 0x12, 0xfa, 0xf, 0x7f, 0xed, 0x23, 0xca,
    0x23, 0xa6, 0x47, 0xff, 0xf3, 0x9d, 0x38, 0x9e,
    0xc0, 0x7, 0xf9, 0x74, 0xc0, 0x80, 0x3f, 0xf8,
    0xc2, 0x3f, 0x80, 0x3f, 0x37, 0x77, 0x99, 0xc0,
    0x20,

    /* U+541F "吟" */
    0x0, 0xfe, 0x60, 0xf, 0xfe, 0xc, 0x48, 0x80,
    0x6e, 0xff, 0x84, 0x0, 0x6e, 0xb4, 0x1, 0xd7,
    0xa0, 0x10, 0xec, 0xd0, 0x50, 0x6, 0x52, 0x10,
    0x2f, 0x45, 0xa, 0x7b, 0x0, 0xf2, 0x62, 0xd4,
    0x48, 0xe3, 0x60, 0x80, 0x63, 0x7b, 0xa, 0x75,
    0x1c, 0x51, 0x0, 0xcf, 0x20, 0x1, 0xa6, 0x1,
    0x90, 0xf, 0x45, 0xdd, 0xf1, 0x76, 0x10, 0x1,
    0x8, 0x83, 0x77, 0xce, 0xe1, 0x0, 0x67, 0x0,
    0x15, 0x9b, 0x39, 0xf8, 0x5, 0xbf, 0xe1, 0x0,
    0xe8, 0x43, 0x0, 0x49, 0x80, 0x7c, 0x4d, 0x0,
    0x13, 0x88, 0x7, 0xd2, 0xa6, 0x1, 0xff, 0x1a,
    0x58, 0x7, 0xff, 0x0, 0xfc, 0x40, 0x30,

    /* U+5420 "吠" */
    0x0, 0xfc, 0x9c, 0x12, 0x40, 0xe, 0xff, 0xb8,
    0x3, 0xdd, 0x84, 0x0, 0xad, 0x90, 0xf, 0x9d,
    0x38, 0x0, 0xc4, 0xa0, 0x1f, 0xae, 0x80, 0x3c,
    0xab, 0x60, 0xaa, 0x90, 0xc4, 0x3, 0xa2, 0x26,
    0x8, 0x8c, 0x40, 0x1d, 0xbb, 0x40, 0x7e, 0xec,
    0x60, 0x1f, 0xb8, 0x10, 0x3, 0x9c, 0x1c, 0x3,
    0x29, 0xe8, 0x7, 0x5f, 0xd8, 0x4, 0x85, 0xc8,
    0x20, 0x1a, 0xfb, 0x9e, 0x3, 0x4e, 0x4d, 0x0,
    0x14, 0xa8, 0x8e, 0xd2, 0x80, 0x86, 0x50, 0x3,
    0x88, 0x1, 0x3d, 0xf0, 0x0, 0x37, 0x50, 0x1,
    0x8a, 0xa2, 0xc0, 0x32, 0x5b, 0x20, 0x4, 0x5c,
    0xc0, 0x1e, 0x4e, 0x40,

    /* U+5426 "否" */
    0xe, 0xff, 0xff, 0xe0, 0x70, 0x3, 0x37, 0x7a,
    0x2, 0x37, 0x76, 0x0, 0x8, 0xb9, 0x61, 0x5c,
    0x8, 0xb0, 0x7, 0x16, 0x49, 0x1a, 0xed, 0x10,
    0x7, 0x25, 0xea, 0xfa, 0x2, 0xe9, 0xec, 0x88,
    0x16, 0xd8, 0x64, 0x88, 0x4, 0x53, 0xab, 0xe2,
    0x55, 0xb6, 0x60, 0x1f, 0x16, 0x50, 0x83, 0x90,
    0x6, 0xbb, 0x0, 0x72, 0x0, 0x45, 0xff, 0xb7,
    0x5f, 0xf9, 0x0, 0x3d, 0xbd, 0xdf, 0x0, 0x7e,
    0x21, 0x1f, 0x80, 0x3f, 0xf9, 0x84, 0x23, 0xf0,
    0x7, 0xed, 0xee, 0xf8, 0x3, 0x0,

    /* U+5427 "吧" */
    0x0, 0xe3, 0xff, 0xfb, 0x43, 0xbf, 0xe2, 0x1,
    0xee, 0xd, 0xf4, 0x80, 0x55, 0xa2, 0x1, 0x8,
    0x81, 0x84, 0x80, 0x27, 0x20, 0xf, 0xff, 0x28,
    0x88, 0x18, 0x48, 0x3, 0xf0, 0xf7, 0x6, 0xfa,
    0x40, 0x26, 0x10, 0x8, 0x7f, 0xfb, 0x60, 0x1,
    0x7c, 0x20, 0x1f, 0x89, 0x40, 0x19, 0xfe, 0x20,
    0xf, 0xc6, 0x12, 0x40, 0x1f, 0xf4, 0x3b, 0x84,
    0x2, 0x11, 0x20, 0x8e, 0x35, 0x30, 0xe, 0x26,
    0xbe, 0xed, 0x88, 0x80,

    /* U+5428 "吨" */
    0x0, 0xfc, 0x7c, 0x1, 0xd7, 0x99, 0x11, 0x65,
    0x2, 0x2c, 0xb, 0x50, 0x6b, 0xbb, 0x48, 0xee,
    0xe1, 0x4, 0x40, 0x37, 0xfd, 0x83, 0xff, 0x84,
    0x3, 0xa0, 0x40, 0x3a, 0x8, 0x3, 0xcc, 0x40,
    0x1c, 0xc2, 0x1, 0xff, 0xdb, 0x70, 0xf, 0xb7,
    0xc0, 0x2c, 0xfb, 0x1f, 0xf0, 0x80, 0x57, 0xba,
    0x1e, 0xff, 0x58, 0xff, 0x84, 0x0, 0xca, 0x44,
    0x0, 0xce, 0x1, 0x72, 0xc, 0x8, 0x7, 0xc2,
    0x42, 0x50, 0x60, 0x1f, 0x8c, 0xdb, 0xda, 0x84,
    0x1, 0xfd, 0x9f, 0xf5, 0x80,

    /* U+5429 "吩" */
    0x0, 0xff, 0x84, 0x3, 0xfd, 0x16, 0x13, 0x0,
    0x17, 0x7f, 0xc4, 0x0, 0x5c, 0xc, 0x40, 0xd,
    0x5a, 0x20, 0x3, 0x25, 0x5, 0x24, 0x0, 0x9c,
    0x80, 0x2a, 0x32, 0x0, 0x34, 0x0, 0x7c, 0x8d,
    0xe0, 0x14, 0x13, 0x80, 0x72, 0x5b, 0x10, 0x8c,
    0x11, 0x2, 0x0, 0xcb, 0xd, 0xdd, 0xd1, 0x84,
    0x1, 0x85, 0xfe, 0x87, 0xfd, 0x40, 0x60, 0x6,
    0x10, 0xc, 0x4a, 0x1, 0x18, 0x5, 0x7c, 0x20,
    0x15, 0xe0, 0x0, 0xc4, 0x2, 0xcf, 0xf1, 0x1,
    0x99, 0x80, 0x1c, 0xc0, 0x9, 0x20, 0xd, 0xcc,
    0x20, 0x2, 0x30, 0x3, 0x88, 0x0, 0x6c, 0x24,
    0x4, 0x49, 0xe0, 0x1e, 0x80, 0xc0, 0x7, 0xf1,
    0x30, 0x7, 0xa6, 0xc4, 0x1, 0xdf, 0x80, 0x10,

    /* U+542B "含" */
    0x0, 0xfc, 0x20, 0x1f, 0xfc, 0x2a, 0xc0, 0xf,
    0xfe, 0xc, 0xa0, 0x40, 0x7, 0xf8, 0x6d, 0x3f,
    0x16, 0x84, 0x3, 0xe7, 0xe0, 0x98, 0xd, 0xf,
    0x70, 0x8, 0x63, 0xaa, 0x96, 0x81, 0xe7, 0x57,
    0x5d, 0x24, 0x27, 0x7e, 0x82, 0x28, 0x97, 0x17,
    0xdb, 0x32, 0xb, 0x5d, 0xee, 0xd1, 0x7d, 0xac,
    0xb4, 0x1, 0xbf, 0xfd, 0xc6, 0xcc, 0x0, 0xf0,
    0x8f, 0x16, 0xbc, 0x8, 0x7, 0x17, 0x77, 0x69,
    0xa7, 0x70, 0x80, 0x3d, 0xff, 0xf7, 0x0, 0x7f,
    0xf3, 0x33, 0x3e, 0xd0, 0xf, 0xd3, 0x11, 0xe9,
    0x0, 0xc0,

    /* U+542C "听" */
    0x0, 0xff, 0x84, 0x80, 0x3f, 0x8d, 0xef, 0xb8,
    0x3d, 0xff, 0x20, 0x57, 0xf6, 0xe6, 0xe0, 0x84,
    0xe8, 0x80, 0x1a, 0x36, 0x9c, 0x80, 0x25, 0x20,
    0xf, 0xfe, 0x37, 0x19, 0xf1, 0x0, 0x7c, 0xd9,
    0x9d, 0xc0, 0x1e, 0x29, 0xff, 0x60, 0x7e, 0x0,
    0x78, 0x4c, 0x3, 0xff, 0x82, 0x20, 0x1f, 0x67,
    0x88, 0x10, 0x28, 0x7, 0xd3, 0x98, 0x44, 0x8,
    0x80, 0x3c, 0xc8, 0x66, 0xd, 0x70, 0xf, 0xa0,
    0x80, 0x8, 0x8a, 0x0, 0xff, 0x85, 0x8c, 0x3,
    0xe0,

    /* U+542D "吭" */
    0x0, 0xfc, 0xe8, 0x1, 0xc4, 0x58, 0x3, 0xa0,
    0x3, 0xb3, 0x76, 0x20, 0x9, 0x84, 0x40, 0x1d,
    0xbe, 0x2d, 0xbb, 0x60, 0x66, 0xec, 0x40, 0x19,
    0xe6, 0x7f, 0x8c, 0x3, 0xa, 0x27, 0xf0, 0x80,
    0x79, 0x7f, 0xf7, 0x0, 0x7f, 0x87, 0x75, 0x20,
    0x1f, 0xf1, 0x91, 0x14, 0x3, 0xff, 0x91, 0xbe,
    0x20, 0x2, 0x60, 0xf, 0xd5, 0x98, 0x20, 0xbc,
    0x0, 0xe5, 0x6, 0x43, 0x30, 0x29, 0xa8, 0x7,
    0x79, 0xc0, 0x80, 0x12, 0xa0, 0x80, 0x21, 0x13,
    0x8, 0x4, 0x35, 0xe, 0x1, 0x11, 0x39, 0xc8,
    0x2, 0x1e, 0x70, 0xc, 0x3b, 0xf6, 0x0,

    /* U+542E "吮" */
    0x0, 0xfc, 0xc2, 0x1, 0xff, 0xc0, 0x49, 0x30,
    0xe, 0xef, 0xf8, 0xc0, 0x10, 0xa4, 0x2, 0x1,
    0xab, 0x44, 0x0, 0x66, 0x80, 0x7d, 0x0, 0xce,
    0x40, 0x17, 0xb9, 0x3, 0x8b, 0x80, 0x7c, 0xe3,
    0x0, 0x26, 0xb0, 0x40, 0x1c, 0xb0, 0x7d, 0xfd,
    0x88, 0x52, 0x1, 0xcb, 0x14, 0x37, 0xa1, 0x9e,
    0x20, 0x1e, 0x74, 0x6, 0x30, 0x1, 0x50, 0x7,
    0xc4, 0x6, 0x1, 0xf6, 0xf8, 0x80, 0x10, 0x84,
    0x3, 0xea, 0xcc, 0x18, 0x6a, 0x80, 0x72, 0x8b,
    0x21, 0x98, 0x19, 0x28, 0x3, 0xa5, 0x60, 0x40,
    0xf, 0x32, 0x20, 0x8, 0xc4, 0x98, 0x2, 0xb9,
    0xa6, 0x0, 0x9, 0xe7, 0x11, 0x0, 0x2a, 0xe5,
    0x0, 0xd9, 0xfe, 0xc0,

    /* U+542F "启" */
    0x0, 0xf8, 0xc8, 0x3, 0xff, 0x83, 0x7c, 0x1,
    0xfc, 0x45, 0xac, 0xd4, 0x8b, 0x0, 0x49, 0xbb,
    0xb0, 0x2b, 0x77, 0x8, 0x4, 0x3f, 0xff, 0xb8,
    0x3, 0xff, 0x8e, 0x22, 0xff, 0xfd, 0xc0, 0x18,
    0xc7, 0x77, 0xfc, 0x20, 0x1, 0x22, 0xff, 0x80,
    0x2f, 0x65, 0xff, 0xfe, 0x60, 0x1, 0x10, 0xb,
    0x77, 0xe2, 0x0, 0x93, 0x40, 0x48, 0xbe, 0x0,
    0x8c, 0x50, 0x3, 0xff, 0x81, 0xa, 0x20, 0x7f,
    0xff, 0x10, 0x1, 0xa0, 0x0, 0x5d, 0xdf, 0x10,
    0x3, 0x48, 0x17, 0x44, 0x7e, 0xd6,

    /* U+5431 "吱" */
    0x0, 0xfc, 0x9c, 0x1, 0xd7, 0x99, 0x10, 0x7,
    0xf9, 0x63, 0x89, 0x3f, 0xeb, 0x1f, 0xfc, 0x0,
    0x62, 0x5, 0xdd, 0xa4, 0x77, 0x70, 0x7, 0x9,
    0x16, 0x2, 0x2c, 0x1, 0xe2, 0x2c, 0x4, 0x50,
    0x7, 0xdd, 0xb9, 0x1, 0x9b, 0xa1, 0x0, 0xf6,
    0x86, 0xf7, 0x4c, 0xc1, 0x0, 0xf0, 0xc7, 0x80,
    0xd, 0xac, 0x2, 0xdf, 0x10, 0x3, 0x8d, 0x16,
    0xc9, 0x0, 0x55, 0x98, 0x20, 0x6, 0x26, 0xbb,
    0x0, 0x4c, 0x86, 0x60, 0x9, 0x84, 0x8, 0x40,
    0x28, 0x10, 0x0, 0xbf, 0x55, 0xf0, 0x74, 0x10,
    0x6, 0x3e, 0xb8, 0xd4, 0x1b, 0xa4, 0xd2, 0x0,
    0x8f, 0x71, 0x80, 0x32, 0xe7, 0x10,

    /* U+5434 "吴" */
    0x0, 0x2f, 0xff, 0xf9, 0x0, 0x38, 0xbb, 0xbf,
    0x0, 0x7c, 0x23, 0xfe, 0x0, 0xf0, 0x91, 0x7e,
    0x10, 0xf, 0x16, 0xef, 0xe0, 0xf, 0x2f, 0xff,
    0xf9, 0x0, 0x21, 0xff, 0xff, 0xe0, 0x18, 0x0,
    0x7b, 0xb8, 0xdf, 0xbb, 0x8c, 0x2, 0x11, 0xe2,
    0xd1, 0x1e, 0x0, 0xf, 0xff, 0x86, 0xbf, 0xfc,
    0x22, 0xee, 0xe5, 0x33, 0x3f, 0x77, 0x8, 0x8,
    0xe7, 0x58, 0xf7, 0x41, 0x1c, 0x1, 0xa, 0xe4,
    0x5a, 0x1d, 0xd5, 0xa8, 0x80, 0x7, 0xb9, 0x37,
    0xc8, 0x0, 0x4e, 0x38, 0xee, 0x8, 0xb3, 0xf1,
    0xc0, 0x38, 0x63, 0x7f, 0x4,

    /* U+5435 "吵" */
    0x0, 0xfc, 0x7c, 0x1, 0xdd, 0xff, 0x10, 0x7,
    0xfd, 0x5a, 0x20, 0x8, 0x20, 0x9, 0xe0, 0x2,
    0x72, 0x0, 0x9c, 0xc0, 0x24, 0x71, 0x0, 0xf1,
    0x88, 0x80, 0x23, 0x46, 0x0, 0xf5, 0xa0, 0x7,
    0x75, 0x0, 0x70, 0xaf, 0x80, 0x72, 0x38, 0x7,
    0xad, 0x40, 0x30, 0xb5, 0x0, 0x18, 0x40, 0x58,
    0x3, 0xa3, 0x0, 0x2b, 0xe1, 0x0, 0xe3, 0x33,
    0x48, 0x5, 0x9f, 0xe2, 0x0, 0x8f, 0xb2, 0x8,
    0x1, 0x24, 0x1, 0xe8, 0xc8, 0x70, 0x9, 0xc4,
    0x2, 0x38, 0xe5, 0xc7, 0x0, 0xfd, 0x18, 0x57,
    0xa6, 0x1, 0xfd, 0x1f, 0x4a, 0x1, 0xf0,

    /* U+5438 "吸" */
    0x0, 0xcb, 0xff, 0xec, 0x0, 0xbb, 0xfe, 0x7e,
    0x47, 0xee, 0x22, 0x0, 0x35, 0xe8, 0x18, 0x87,
    0x8, 0x97, 0x0, 0x32, 0x90, 0x4, 0xc6, 0x2,
    0x25, 0x0, 0xfe, 0x31, 0x4, 0x21, 0x0, 0xfe,
    0x1d, 0xc, 0x2f, 0xf2, 0x0, 0x78, 0x81, 0xc2,
    0x7f, 0x81, 0x40, 0x3c, 0xc2, 0xa, 0x0, 0x64,
    0x10, 0x1, 0x8, 0x0, 0xde, 0x60, 0x1, 0x5a,
    0x1, 0x67, 0x0, 0x2b, 0x1c, 0xe1, 0xc5, 0x80,
    0x2d, 0xff, 0x19, 0x20, 0x6b, 0xc7, 0x80, 0x52,
    0x60, 0xb, 0x41, 0x0, 0x8, 0x30, 0x4, 0xe2,
    0x8, 0xd0, 0xd, 0x8d, 0x35, 0x42, 0x0, 0xd0,
    0xe7, 0x10, 0xa8, 0x6c, 0x6f, 0x0, 0xd9, 0x1,
    0x1c, 0xa0, 0x3, 0xcd, 0x0,

    /* U+5439 "吹" */
    0x0, 0xfa, 0xc, 0x3, 0xc4, 0x58, 0x0, 0x2e,
    0x1, 0xf6, 0x6e, 0xc6, 0xe, 0x6, 0x1, 0xf6,
    0x78, 0x80, 0x34, 0x33, 0x3c, 0x20, 0x1c, 0x29,
    0x13, 0x39, 0x48, 0x40, 0x3a, 0x49, 0xd0, 0x95,
    0x40, 0x80, 0x1c, 0xaf, 0x0, 0x50, 0x0, 0x7e,
    0x0, 0xe1, 0x65, 0x7, 0x0, 0x99, 0x0, 0x39,
    0x24, 0x0, 0x20, 0x41, 0x0, 0x1f, 0xec, 0x5,
    0x0, 0xec, 0xf1, 0x0, 0xce, 0x94, 0x1, 0xd3,
    0x98, 0x30, 0x4, 0x5, 0x9a, 0x80, 0x4c, 0xe6,
    0x60, 0x3, 0x3d, 0x5, 0xd1, 0x0, 0x20, 0x40,
    0x3, 0x32, 0xa4, 0x5, 0x56, 0x28, 0x7, 0x62,
    0xe2, 0x80, 0x54, 0xd4, 0x40, 0x1b, 0x30, 0x60,
    0x1d, 0x1e, 0x40,

    /* U+543B "吻" */
    0x0, 0xf2, 0x20, 0x3, 0xff, 0x81, 0xe6, 0x1,
    0xee, 0xff, 0x80, 0x8, 0x80, 0xf, 0xb3, 0x40,
    0x8, 0x19, 0xff, 0xdc, 0x2, 0x60, 0xe, 0x7d,
    0xc, 0x83, 0xa0, 0xe, 0x25, 0x97, 0x33, 0x72,
    0x9, 0x80, 0x69, 0x61, 0xea, 0x4, 0xc1, 0x10,
    0x6, 0xc9, 0x14, 0x61, 0x24, 0x37, 0x0, 0xce,
    0x12, 0xa0, 0xca, 0x2, 0x20, 0x13, 0x0, 0x1b,
    0xd8, 0x57, 0x7, 0x98, 0x66, 0x80, 0xf4, 0xb,
    0x2, 0x1, 0x70, 0x67, 0xf9, 0x9d, 0xc1, 0x12,
    0x0, 0x61, 0x62, 0x0, 0x3d, 0x5, 0xaa, 0x0,
    0xd, 0x60, 0x40, 0x34, 0xb5, 0x88, 0x98, 0xc,
    0x3, 0xd7, 0x81, 0x3d, 0x12, 0x1, 0xf1, 0x8,
    0x47, 0xf3, 0x0,

    /* U+543C "吼" */
    0x0, 0xff, 0xe1, 0x88, 0xe9, 0xff, 0xcb, 0xc6,
    0x1, 0x7f, 0x73, 0xe7, 0xb9, 0x20, 0x1f, 0xbb,
    0x80, 0x1, 0x15, 0xa2, 0x80, 0x7f, 0xd0, 0x14,
    0x1, 0xff, 0xc0, 0x69, 0x10, 0xf, 0xfe, 0xb,
    0x80, 0x7f, 0xf0, 0xa3, 0x90, 0x3, 0xf9, 0xf8,
    0x45, 0x48, 0x1, 0xfc, 0x36, 0x32, 0x80, 0x1f,
    0x11, 0x83, 0x28, 0x7, 0xfb, 0x34, 0x3, 0xfd,
    0x4, 0x1d, 0xfc, 0x1, 0xfc, 0x83, 0x42, 0x0,
    0x11, 0x80, 0x33, 0x9, 0xa, 0x0, 0x57, 0xc4,
    0x40, 0x3, 0xd7, 0x29, 0x0,

    /* U+543E "吾" */
    0x0, 0x6f, 0xff, 0xfc, 0x80, 0x16, 0xff, 0xc5,
    0x3f, 0xfe, 0x40, 0xf, 0x9, 0x20, 0x7, 0xf8,
    0x7f, 0xdc, 0x1b, 0xff, 0x98, 0x3, 0x87, 0xb8,
    0xc9, 0xdd, 0x8c, 0xc0, 0x1e, 0x11, 0x26, 0x88,
    0xf8, 0x2, 0x1f, 0xfc, 0x53, 0xff, 0x8a, 0xff,
    0xcc, 0x3d, 0xdf, 0xfc, 0x26, 0x1, 0x10, 0x7,
    0xf8, 0x44, 0x1, 0xbb, 0xbf, 0xcc, 0x1, 0xec,
    0xff, 0xf8, 0x80, 0x3f, 0xf9, 0x6e, 0x1, 0xff,
    0xc3, 0xbf, 0xff, 0x88, 0x2,

    /* U+5440 "呀" */
    0x0, 0xed, 0xff, 0xfb, 0x83, 0xbf, 0xe2, 0xcd,
    0xde, 0xb, 0xc0, 0x5, 0x68, 0x80, 0xc8, 0x11,
    0x40, 0xc4, 0x0, 0x72, 0x0, 0xa, 0x10, 0x7,
    0xff, 0x0, 0x84, 0x3, 0xff, 0x82, 0xa4, 0x67,
    0x81, 0xcc, 0x3, 0xde, 0x79, 0x98, 0x2b, 0x0,
    0x3d, 0x3f, 0xf4, 0x8, 0x6f, 0x80, 0x7f, 0x34,
    0xe0, 0x7, 0x6f, 0x88, 0x5, 0x10, 0xc2, 0x0,
    0xea, 0xcc, 0x10, 0xdb, 0x61, 0x0, 0x73, 0x21,
    0x99, 0xbc, 0x3c, 0x80, 0x3d, 0x2, 0x0, 0xfb,
    0xb0, 0x91, 0xa0, 0x7, 0xe9, 0x50, 0x5, 0x65,
    0xa1, 0x0, 0x7f, 0xa3, 0xfd, 0x60, 0x10,

    /* U+5446 "呆" */
    0x0, 0x17, 0xff, 0xf9, 0x0, 0x3d, 0xdd, 0xf8,
    0x3, 0xf0, 0x8f, 0xf0, 0x7, 0xff, 0x2f, 0xff,
    0xf0, 0x80, 0x71, 0x6e, 0xe4, 0x5d, 0xdc, 0x80,
    0x1c, 0x45, 0x84, 0xc8, 0xb0, 0x6, 0x34, 0x4e,
    0x12, 0x44, 0xe3, 0x0, 0x7c, 0xce, 0xb4, 0x45,
    0xcc, 0xef, 0x0, 0x66, 0xed, 0x22, 0x44, 0x1e,
    0xdd, 0xb0, 0x3, 0x9e, 0xb5, 0xd3, 0x74, 0xe0,
    0x1e, 0x5d, 0xac, 0x30, 0x1, 0xe5, 0x6b, 0x80,
    0xb, 0x6a, 0x9a, 0x40, 0x18, 0xb6, 0x2b, 0xc8,
    0x91, 0xee, 0x1, 0xf9, 0x77, 0x8,

    /* U+5448 "呈" */
    0x0, 0x7f, 0xff, 0x84, 0x3, 0x6f, 0xff, 0xb0,
    0x3, 0xc6, 0x1, 0xe1, 0x0, 0xff, 0xe4, 0x66,
    0xef, 0xbc, 0x3, 0xae, 0x67, 0xf5, 0x88, 0x0,
    0x55, 0x7f, 0xc2, 0x5, 0xdd, 0xff, 0xc0, 0x32,
    0xff, 0xe5, 0x6f, 0xfe, 0x30, 0x0, 0x8f, 0x0,
    0x8e, 0x0, 0xa7, 0xbb, 0x23, 0x77, 0x69, 0x0,
    0x4f, 0xfe, 0x56, 0xff, 0xd2, 0x2, 0x3f, 0x0,
    0x8f, 0xbb, 0xbc, 0x8d, 0xdd, 0xe0,

    /* U+544A "告" */
    0x0, 0x8e, 0xc0, 0x9, 0xe0, 0x1f, 0xe8, 0x12,
    0x20, 0x81, 0x17, 0x0, 0x63, 0x45, 0xdd, 0x50,
    0x6e, 0xef, 0x0, 0x87, 0xa7, 0xfe, 0xb0, 0xff,
    0xda, 0x1, 0x40, 0xb0, 0x7, 0xff, 0x7, 0x69,
    0x13, 0x18, 0x22, 0x78, 0x1, 0x37, 0x33, 0xa8,
    0xa6, 0x7c, 0x21, 0xbb, 0xff, 0xc2, 0x10, 0xb,
    0xff, 0xfc, 0x60, 0x1e, 0xbd, 0xdf, 0x80, 0x3f,
    0x31, 0x17, 0xc0, 0x1f, 0xfc, 0xc6, 0x11, 0xf1,
    0x0, 0x7e, 0xbe, 0xef, 0x68, 0x6,

    /* U+5450 "呐" */
    0x0, 0xfe, 0xe3, 0x0, 0xaa, 0xee, 0x10, 0xf,
    0xe4, 0xe8, 0x43, 0x0, 0xff, 0x39, 0x80, 0x33,
    0xfe, 0x1c, 0xff, 0x68, 0x7, 0xa7, 0x70, 0x33,
    0x64, 0x3, 0xe2, 0x23, 0x81, 0x91, 0x0, 0x3f,
    0xb0, 0x20, 0x3, 0xfe, 0x67, 0x71, 0x80, 0x7f,
    0x30, 0x43, 0xf0, 0x5, 0xbe, 0x1, 0x64, 0xc0,
    0x41, 0xc0, 0x2, 0xb3, 0x4, 0x4, 0xac, 0x0,
    0xab, 0x6, 0x43, 0x30, 0x3, 0xa8, 0x2, 0x43,
    0x8, 0x10, 0xf, 0xc2, 0x44, 0x0, 0xff, 0xaf,
    0x62, 0x80,

    /* U+5455 "呕" */
    0x0, 0xe4, 0xff, 0xfc, 0x3d, 0xff, 0x10, 0xf,
    0x77, 0xc2, 0x15, 0xa2, 0x1, 0x8, 0xf2, 0x80,
    0x4e, 0x40, 0x19, 0x30, 0x0, 0x56, 0x1, 0xfc,
    0x81, 0x21, 0x6a, 0x20, 0x1f, 0xda, 0xec, 0xc9,
    0x0, 0xff, 0xd, 0x49, 0x98, 0x3, 0xfe, 0x50,
    0xf, 0x8, 0x80, 0x3d, 0x48, 0x4c, 0x1, 0x67,
    0x8, 0x6, 0x75, 0xaa, 0x48, 0x80, 0x33, 0xfc,
    0x40, 0x5, 0x8b, 0x14, 0x43, 0x4, 0x90, 0x7,
    0x34, 0x28, 0x2, 0x9c, 0x1c, 0x40, 0x38, 0x98,
    0x46, 0x1, 0x0, 0xf8, 0x7b, 0xbe, 0x70,

    /* U+5458 "员" */
    0x0, 0x5f, 0xff, 0xf2, 0x0, 0x73, 0xff, 0xfc,
    0x1, 0xff, 0xca, 0x7f, 0xff, 0x80, 0x3d, 0x5d,
    0xdf, 0xc8, 0x1, 0x8c, 0xff, 0xc4, 0x1, 0x26,
    0xef, 0xfb, 0x0, 0x30, 0xff, 0xfe, 0xa0, 0xf,
    0xe5, 0xe0, 0xf, 0xfe, 0x9, 0x80, 0x7f, 0xf0,
    0xb1, 0x40, 0x3f, 0x3a, 0x0, 0x19, 0x7e, 0x14,
    0x19, 0xc0, 0x23, 0xa4, 0xb9, 0xa4, 0xe9, 0xea,
    0xa0, 0x1, 0x2f, 0xe7, 0x39, 0x41, 0xb3, 0x43,
    0x30, 0xb, 0xbb, 0x38, 0x80, 0x63, 0x9e, 0x80,

    /* U+545B "呛" */
    0x0, 0xfc, 0xac, 0x1, 0xff, 0xc0, 0x1b, 0xb0,
    0x7, 0x77, 0xfc, 0x40, 0xa, 0x27, 0xb0, 0xe,
    0xac, 0x0, 0x9d, 0x76, 0x9a, 0x0, 0x33, 0x98,
    0x84, 0xc5, 0x8, 0x7b, 0xc0, 0x7, 0xb9, 0xad,
    0x0, 0x5, 0x8d, 0x82, 0x1, 0x96, 0xed, 0xff,
    0xb7, 0xec, 0x40, 0x35, 0xa8, 0x66, 0xea, 0x80,
    0x5c, 0x3, 0xf1, 0x91, 0x4, 0xc0, 0x3f, 0xf8,
    0x24, 0xc0, 0x1b, 0xf4, 0x40, 0x34, 0xec, 0xe8,
    0x6, 0xb9, 0xb2, 0x0, 0xa7, 0x3d, 0x98, 0x40,
    0xee, 0x44, 0x0, 0x70, 0x80, 0x31, 0x2, 0x44,
    0x3, 0x94, 0x46, 0x24, 0x20, 0xf, 0xb, 0x57,
    0x75, 0xaa, 0x80,

    /* U+545C "呜" */
    0x0, 0xfc, 0x8c, 0x1, 0xff, 0xc0, 0xf0, 0xe,
    0xcf, 0xf8, 0x83, 0xfc, 0x93, 0xfe, 0xd0, 0x19,
    0xd1, 0x0, 0xb7, 0xfe, 0x91, 0x0, 0x11, 0x0,
    0x31, 0x80, 0x42, 0xe0, 0x1f, 0xfc, 0xd, 0x30,
    0xf, 0xf4, 0xfb, 0xd8, 0x7, 0xfa, 0x7f, 0x4c,
    0x3, 0xf7, 0x7f, 0xf4, 0x80, 0x7b, 0xbb, 0xcc,
    0x0, 0xbf, 0x10, 0x0, 0x8f, 0x80, 0x42, 0x77,
    0x4d, 0xff, 0xec, 0x0, 0x73, 0x11, 0x13, 0xff,
    0xd8, 0x5e, 0x60, 0x1f, 0xf3, 0x18, 0x7, 0xf0,
    0xff, 0x99, 0x0, 0x3f, 0x87, 0xfd, 0x60,

    /* U+5462 "呢" */
    0x0, 0xe3, 0xff, 0xf9, 0x7b, 0xfe, 0x20, 0x1e,
    0xee, 0x20, 0x5, 0x68, 0x80, 0xc, 0x47, 0xc0,
    0x7, 0x20, 0x8, 0xc4, 0x7c, 0x1, 0xf0, 0xf7,
    0x71, 0x0, 0x79, 0xcb, 0xd3, 0xbf, 0xe5, 0x0,
    0xfc, 0x80, 0x13, 0x90, 0x7, 0x8, 0x80, 0x23,
    0xcb, 0x10, 0xe, 0x27, 0x0, 0x56, 0xd6, 0x18,
    0x6f, 0x88, 0x71, 0x80, 0x33, 0x98, 0x2, 0xac,
    0xc1, 0x3e, 0x80, 0x18, 0x2, 0x16, 0x43, 0x32,
    0xa, 0x80, 0x71, 0x7c, 0x8, 0x2, 0x5c, 0x2,
    0x51, 0x12, 0x10, 0x4, 0x83, 0x0, 0x5, 0xbe,
    0xe4, 0xc8, 0x2, 0x4c, 0x0, 0xab, 0xff, 0x28,

    /* U+5468 "周" */
    0x0, 0x6f, 0xff, 0xfb, 0x80, 0x29, 0xee, 0xb7,
    0x5d, 0xd5, 0x0, 0x63, 0x11, 0xb4, 0x47, 0x80,
    0x3a, 0xfb, 0x81, 0x9d, 0xc3, 0x0, 0xf5, 0xf7,
    0x3, 0x3b, 0x86, 0x1, 0xe1, 0x18, 0x1c, 0x46,
    0x0, 0xc6, 0x6f, 0xf8, 0x6b, 0xfd, 0x60, 0x18,
    0x4b, 0xbb, 0xea, 0x0, 0x84, 0x19, 0x9f, 0xfd,
    0x80, 0x18, 0xc0, 0x81, 0x7f, 0xea, 0x0, 0xe4,
    0x30, 0xf, 0xfe, 0x6, 0xa0, 0x1, 0x7b, 0xaa,
    0x0, 0xc6, 0x94, 0x0, 0x5e, 0xee, 0x13, 0x5,
    0x62, 0x6, 0xb0, 0x8, 0x77, 0xa6, 0x4d, 0x20,
    0x10, 0x80, 0x6f, 0xf7, 0x38,

    /* U+5473 "味" */
    0x0, 0xfc, 0xf6, 0x1, 0xdb, 0xdd, 0x10, 0x7,
    0xf8, 0xf7, 0x80, 0x17, 0xfe, 0x84, 0xff, 0x8c,
    0x0, 0x20, 0x14, 0xe6, 0x18, 0xf3, 0x23, 0x0,
    0xf1, 0x19, 0xb9, 0xcc, 0xe0, 0xf, 0xfe, 0x4a,
    0xff, 0xd0, 0x9f, 0xf6, 0x80, 0x72, 0x6e, 0xa8,
    0x0, 0xfb, 0xaf, 0x0, 0xe1, 0x22, 0x70, 0x89,
    0x8c, 0x88, 0x0, 0xdf, 0x10, 0x2, 0xbc, 0xaa,
    0x40, 0x6, 0xac, 0xc1, 0x12, 0xf8, 0x1, 0x6e,
    0x80, 0x6, 0x43, 0x3b, 0x2c, 0x80, 0x3, 0x76,
    0x40, 0x81, 0x1, 0xda, 0x50, 0xc, 0xb3, 0x0,
    0x18, 0x79, 0x0, 0x3c, 0xd8, 0x0,

    /* U+5475 "呵" */
    0x0, 0xc3, 0xff, 0xfc, 0x9d, 0xff, 0x1e, 0xef,
    0xa4, 0x35, 0x2, 0xb4, 0x40, 0x8b, 0xca, 0x4,
    0x0, 0x72, 0x0, 0x84, 0x70, 0x7, 0xf8, 0x7b,
    0xb0, 0x80, 0x7f, 0x87, 0xfc, 0x20, 0x1f, 0xfd,
    0xd1, 0x55, 0x8, 0x7, 0xb7, 0xc4, 0x2, 0xff,
    0x28, 0x7, 0xab, 0x30, 0x40, 0x55, 0x50, 0x80,
    0x66, 0x43, 0x30, 0xe, 0x80, 0x7e, 0x81, 0x0,
    0xf8, 0xcc, 0xa0, 0x1f, 0xfc, 0xc, 0xc4, 0x38,
    0x7, 0xfd, 0xfe, 0xe8, 0x0, 0x0,

    /* U+5478 "呸" */
    0x0, 0xef, 0xff, 0xe1, 0xef, 0xf8, 0xfb, 0xb2,
    0x23, 0xba, 0x10, 0xad, 0x10, 0x11, 0x89, 0x38,
    0x46, 0x0, 0x39, 0x0, 0x74, 0x2, 0x80, 0x7f,
    0xc8, 0x81, 0x71, 0x0, 0xfe, 0x19, 0x10, 0xfc,
    0x10, 0xf, 0xda, 0x76, 0x10, 0x98, 0x20, 0x1c,
    0xf8, 0x58, 0xc0, 0x9, 0x6d, 0x0, 0x8, 0x83,
    0x43, 0xc8, 0x3, 0x5b, 0x90, 0x67, 0xd, 0x60,
    0x80, 0x7a, 0xc8, 0x33, 0xfc, 0x60, 0x1f, 0xe9,
    0x20, 0xf, 0x15, 0x80, 0x73, 0x88, 0x4, 0x23,
    0x2, 0x8, 0xe0, 0xe, 0x7e, 0xef, 0xe4,

    /* U+547B "呻" */
    0x0, 0xfc, 0x3e, 0x1, 0xaa, 0xee, 0x12, 0x29,
    0x40, 0xc8, 0xa4, 0xce, 0x40, 0xcd, 0xd5, 0x86,
    0x6e, 0xb0, 0x11, 0x40, 0x2d, 0xfe, 0xf, 0xf6,
    0x0, 0x7f, 0xf2, 0x77, 0xf8, 0x3f, 0xd8, 0x1,
    0xf5, 0xee, 0x6, 0xea, 0x80, 0x3e, 0x62, 0x20,
    0x11, 0x18, 0x0, 0xe2, 0x1, 0x2a, 0x98, 0x19,
    0x50, 0x1, 0x7c, 0x1, 0x54, 0xd8, 0x54, 0xd0,
    0x3, 0x3f, 0xc2, 0x9f, 0x9a, 0x19, 0x8f, 0x76,
    0x20, 0xa, 0x88, 0x3, 0x8a, 0x60, 0x40, 0x3f,
    0xf9, 0xc0,

    /* U+547C "呼" */
    0x0, 0xff, 0xe0, 0x18, 0x7, 0xc6, 0x8d, 0x15,
    0xbf, 0xa6, 0x1d, 0xfe, 0xe1, 0xef, 0xc3, 0x59,
    0xee, 0x18, 0x2, 0xec, 0x22, 0xf9, 0xaf, 0x14,
    0x17, 0x30, 0x3, 0x30, 0x0, 0xb0, 0x1, 0xd0,
    0x1, 0xf2, 0xa8, 0x3, 0x29, 0x18, 0x7, 0x88,
    0x88, 0x1, 0x75, 0x0, 0x7e, 0xa0, 0xe, 0x70,
    0xf, 0x1c, 0xf6, 0xf8, 0xc9, 0x4c, 0x84, 0x19,
    0x80, 0x1f, 0xfc, 0x1b, 0xb0, 0x9c, 0xcd, 0xe3,
    0x33, 0x84, 0x37, 0xf8, 0x3, 0xfe, 0xc2, 0x0,
    0xff, 0xe0, 0x90, 0x7, 0x9, 0x10, 0x3, 0xff,
    0x81, 0x1b, 0xc, 0x1, 0xff, 0x4f, 0xf4, 0x0,
    0x70,

    /* U+547D "命" */
    0x0, 0xf8, 0x4c, 0x3, 0xff, 0x85, 0xba, 0x0,
    0xff, 0xe0, 0x16, 0x2, 0xe0, 0x80, 0x7f, 0x2e,
    0x36, 0x5b, 0x7a, 0x80, 0x79, 0x72, 0x9a, 0x8,
    0x90, 0xd5, 0x8a, 0x0, 0x3e, 0xbb, 0x53, 0xee,
    0xe7, 0xcb, 0xb7, 0x91, 0xd7, 0x3a, 0xff, 0xf8,
    0xdf, 0xb0, 0x81, 0x3b, 0xfe, 0xe0, 0x5f, 0xfe,
    0x30, 0x8, 0x73, 0xac, 0x2, 0x2e, 0xe6, 0x0,
    0x78, 0x44, 0xe0, 0x10, 0x8e, 0x0, 0xff, 0xe5,
    0x2b, 0x58, 0x7, 0x84, 0x3, 0xd9, 0x82, 0x40,
    0x8, 0xbf, 0xc, 0x3, 0xc, 0xd5, 0x40, 0x11,
    0x77, 0xe0, 0x6, 0xe2, 0x0, 0xf8, 0x40, 0x30,

    /* U+5480 "咀" */
    0x0, 0xf7, 0xff, 0xb8, 0x1, 0xdf, 0xf1, 0x0,
    0x33, 0xba, 0xa0, 0xd, 0x5a, 0x20, 0x11, 0x8,
    0xe0, 0xc, 0xe4, 0x1, 0xff, 0xc7, 0xcd, 0xda,
    0x80, 0x3f, 0xd1, 0x33, 0x80, 0x3f, 0xc8, 0x98,
    0xc0, 0x3f, 0xf9, 0xb5, 0x77, 0x40, 0x6, 0xdf,
    0x10, 0xb, 0x37, 0x65, 0x0, 0xd5, 0x98, 0x20,
    0x3, 0x36, 0xd0, 0x9, 0x90, 0xcc, 0x1, 0xff,
    0x40, 0x80, 0x4, 0x80, 0x84, 0x70, 0x8, 0x7,
    0x76, 0x86, 0x77, 0x54, 0x3c, 0xc0,

    /* U+5486 "咆" */
    0x0, 0xf9, 0xcc, 0x3, 0xc4, 0x58, 0x0, 0x50,
    0x1, 0xf6, 0x6e, 0xc4, 0x16, 0x1d, 0xbb, 0x90,
    0x1, 0xbe, 0x20, 0x4d, 0x33, 0xc0, 0x20, 0x1c,
    0x3e, 0xac, 0x89, 0x84, 0x3, 0xde, 0x6b, 0xff,
    0x60, 0x7, 0xe4, 0xd0, 0xcf, 0xb1, 0x1, 0x0,
    0xf5, 0x18, 0x8, 0x38, 0x4, 0x20, 0x1f, 0x84,
    0x4c, 0x1, 0xe4, 0x40, 0x80, 0x5b, 0xf6, 0x20,
    0x4e, 0x0, 0xb9, 0x20, 0xb, 0x3b, 0x8d, 0xc2,
    0x60, 0xf, 0xdd, 0x10, 0x7, 0x5e, 0x70, 0x1,
    0x8c, 0x3, 0xf0, 0x90, 0x61, 0xc0, 0x80, 0x61,
    0x70, 0xc, 0x26, 0x20, 0x1e, 0x9b, 0xff, 0xdc,
    0xc4,

    /* U+548B "咋" */
    0x0, 0xf9, 0xc4, 0x3, 0xfe, 0x48, 0x10, 0xe,
    0xdf, 0xf9, 0x43, 0x94, 0x3, 0xea, 0xe2, 0x1,
    0x55, 0x7f, 0xf7, 0x0, 0x8c, 0x16, 0x9a, 0x33,
    0xbb, 0x60, 0x6, 0xc5, 0x82, 0x33, 0x11, 0x60,
    0xc, 0xac, 0x60, 0xd, 0x44, 0x88, 0x3, 0x4c,
    0x80, 0x25, 0x88, 0x94, 0x3, 0xfa, 0x33, 0x27,
    0x1, 0x18, 0x3, 0xfe, 0xae, 0x20, 0xe, 0xaf,
    0xfa, 0xc2, 0xff, 0xca, 0x1, 0xa7, 0x76, 0xaa,
    0x30, 0x7, 0xc6, 0x45, 0xb, 0x90, 0x7, 0xff,
    0x38,

    /* U+548C "和" */
    0x0, 0xf0, 0x80, 0x7f, 0x8d, 0xa7, 0x79, 0xc0,
    0x3f, 0x6f, 0x6b, 0x47, 0xbb, 0xbf, 0xf9, 0x3,
    0x75, 0x60, 0xe0, 0xf, 0x4c, 0xc8, 0x3, 0xfe,
    0x23, 0x38, 0x40, 0xbb, 0xa0, 0xce, 0xd0, 0xf,
    0x8b, 0x74, 0xe1, 0x1b, 0xc0, 0x1f, 0x8c, 0xce,
    0x16, 0x46, 0x1, 0xfc, 0xca, 0xf, 0x40, 0x1f,
    0xe8, 0xf0, 0x87, 0x80, 0xf, 0xd2, 0xa8, 0x0,
    0xed, 0x0, 0xf9, 0x1a, 0x40, 0x22, 0x50, 0xf,
    0x9e, 0x88, 0x3, 0xcd, 0xff, 0x8, 0x1a, 0x80,
    0x7c, 0x99, 0x90, 0x7, 0xfc, 0x46, 0x74, 0xb0,

    /* U+548E "咎" */
    0x0, 0xff, 0xe3, 0xae, 0x0, 0x63, 0xf0, 0xf,
    0xd6, 0x7f, 0xf1, 0x0, 0x20, 0x3, 0xd4, 0xbd,
    0xc8, 0x12, 0x0, 0x1e, 0x90, 0x5, 0x48, 0xa2,
    0x2a, 0x60, 0xa, 0xd3, 0xc, 0x2, 0xc4, 0x97,
    0x39, 0x0, 0xd2, 0xee, 0x0, 0x51, 0x5b, 0xc5,
    0x88, 0x7, 0x4a, 0x0, 0x69, 0x13, 0xab, 0x74,
    0x4f, 0x0, 0xcf, 0x9e, 0xe7, 0x66, 0xe3, 0xcc,
    0xde, 0x2, 0x2c, 0xf6, 0x45, 0x3e, 0xf8, 0x99,
    0x6d, 0x80, 0x20, 0xee, 0x62, 0x3d, 0x36, 0x20,
    0x1e, 0xfc, 0xcf, 0x78, 0x7, 0xff, 0x30, 0x40,
    0x3c, 0x20, 0x1f, 0xb3, 0xff, 0xd8, 0x1, 0x80,

    /* U+548F "咏" */
    0x0, 0xf8, 0x40, 0x3f, 0xf8, 0x2b, 0xd8, 0xe2,
    0x1, 0x91, 0x56, 0x0, 0x2f, 0xd5, 0xf3, 0x0,
    0x55, 0x13, 0x40, 0x1, 0x13, 0xed, 0xa0, 0x6,
    0xfc, 0x0, 0x57, 0x75, 0xe8, 0x40, 0x1f, 0xab,
    0xfd, 0x62, 0x0, 0x29, 0x0, 0xe1, 0x1c, 0xe0,
    0x83, 0xe0, 0x1e, 0x7e, 0xe9, 0xc3, 0xfc, 0xb2,
    0x1, 0xcd, 0xf2, 0x8e, 0x9, 0x30, 0x1, 0xfa,
    0xb4, 0x5, 0xf4, 0x3, 0x6f, 0x80, 0x14, 0x98,
    0x1, 0x8, 0x80, 0xa, 0xf7, 0x45, 0x76, 0x0,
    0xd7, 0x46, 0xe, 0xa4, 0xd9, 0x2a, 0x1, 0x96,
    0x71, 0x64, 0x40, 0xe9, 0xc4, 0x4a, 0x1, 0x3d,
    0xb8, 0x4, 0xe8, 0x9, 0xd2, 0xc0, 0x12, 0x10,

    /* U+5490 "咐" */
    0x0, 0xff, 0xe4, 0x8f, 0x90, 0x0, 0xfc, 0x1,
    0x79, 0x90, 0x83, 0x99, 0x0, 0x79, 0x6b, 0xcc,
    0xc1, 0x72, 0x1, 0xf9, 0xc, 0x0, 0xa4, 0x7f,
    0xf6, 0x7, 0xa0, 0x6, 0x1b, 0x5, 0xdd, 0xa8,
    0x35, 0x0, 0x37, 0x90, 0x8, 0x19, 0x30, 0x10,
    0x7, 0x2f, 0x8, 0x44, 0x80, 0x7f, 0x59, 0x0,
    0x25, 0x80, 0x3c, 0xc2, 0x1, 0xc6, 0x65, 0x0,
    0xeb, 0xe0, 0xf, 0x51, 0x80, 0x76, 0x7f, 0x88,
    0x3, 0x3b, 0x0, 0x66, 0x20, 0xf, 0xfe, 0xc,
    0x8, 0x7, 0xe1, 0x61, 0x0, 0xff, 0x9b, 0xad,
    0x80, 0x3f, 0x71, 0x3, 0x7f, 0x40, 0x0,

    /* U+5492 "咒" */
    0x2, 0xff, 0xe0, 0x2f, 0xfe, 0x30, 0x8, 0x7f,
    0xd8, 0x1, 0xbf, 0xe1, 0x0, 0xf8, 0x40, 0x21,
    0x0, 0xff, 0xe6, 0xf, 0xfb, 0x40, 0x21, 0xff,
    0x84, 0x2, 0x2e, 0xee, 0x2, 0xee, 0xe3, 0x0,
    0x84, 0x46, 0x71, 0x10, 0xcc, 0x2, 0x20, 0xf,
    0x66, 0xef, 0xa4, 0x3, 0xfa, 0xff, 0xf2, 0x80,
    0x7f, 0xb, 0x80, 0x7f, 0xf0, 0x48, 0x8, 0x3,
    0xf3, 0x8, 0x5, 0x28, 0x20, 0x1f, 0xad, 0x40,
    0xed, 0x64, 0x3, 0xc4, 0x59, 0x8b, 0x7, 0xc8,
    0x3, 0xbd, 0x77, 0x48, 0x44, 0xea, 0x10, 0xf,
    0x2f, 0xfd, 0x60,

    /* U+5495 "咕" */
    0x0, 0xfe, 0xe4, 0x0, 0xcf, 0x11, 0x38, 0x7,
    0xfa, 0x47, 0xc6, 0x40, 0x3f, 0xeb, 0x7a, 0x6,
    0xff, 0x86, 0xff, 0xe0, 0xf, 0x3e, 0xec, 0x33,
    0xbb, 0x0, 0x78, 0x48, 0xa0, 0x22, 0xc0, 0x1f,
    0xfc, 0xa6, 0x77, 0xe, 0xbb, 0x88, 0x0, 0xc2,
    0xe0, 0x8, 0xcd, 0x53, 0xd8, 0x70, 0x5, 0xf5,
    0x80, 0x5f, 0x55, 0x88, 0x2, 0xcf, 0xf7, 0x0,
    0x7f, 0xa4, 0x80, 0x3f, 0xf8, 0x2e, 0x20, 0x1d,
    0x7d, 0xd8, 0x80, 0x3f, 0xa7, 0x33, 0x8, 0x0,

    /* U+5496 "咖" */
    0x0, 0xe3, 0xd0, 0xf, 0xb7, 0xfd, 0xa0, 0x1c,
    0x2a, 0xb8, 0x3b, 0x80, 0x2e, 0x2, 0x22, 0xbf,
    0xeb, 0x0, 0xd5, 0x65, 0xdc, 0x62, 0xaa, 0x0,
    0x75, 0xe1, 0xf8, 0x8, 0x7, 0xf3, 0xb8, 0x3,
    0xff, 0x80, 0x22, 0x0, 0x38, 0x7, 0xf1, 0x18,
    0x80, 0x7f, 0xdd, 0xe6, 0x20, 0x1e, 0xff, 0x0,
    0x14, 0x84, 0xc0, 0x3d, 0x9d, 0xa0, 0x48, 0xe2,
    0x1, 0xe3, 0x0, 0x2a, 0x1, 0x38, 0x1f, 0xf0,
    0x68, 0x80, 0x27, 0x87, 0x8, 0xb, 0xb0, 0x3,
    0x3a, 0x2f, 0x25, 0x0, 0x88, 0x80, 0x32, 0xc0,
    0xff, 0x19, 0xb0, 0x7, 0x80,

    /* U+5499 "咙" */
    0x0, 0xfb, 0xc8, 0x6c, 0xc0, 0x2e, 0xff, 0x84,
    0x2, 0x31, 0xfd, 0x70, 0xb, 0x3c, 0x3, 0xe4,
    0xf4, 0x0, 0x84, 0x0, 0x9b, 0xa0, 0xcd, 0xd6,
    0x76, 0x80, 0x73, 0xf4, 0xf, 0x5, 0x77, 0x40,
    0x1c, 0x66, 0x2, 0x31, 0x23, 0x70, 0xf, 0xc6,
    0xc0, 0x10, 0xd0, 0x7, 0xef, 0x20, 0xa, 0xd0,
    0xc0, 0x3e, 0x7c, 0x0, 0x7a, 0x58, 0x5, 0xbe,
    0x0, 0x21, 0x40, 0x2, 0xd0, 0x80, 0x59, 0xdc,
    0x18, 0x50, 0x22, 0x42, 0x0, 0x4c, 0x42, 0x23,
    0x58, 0x1f, 0x12, 0x0, 0x48, 0xc0, 0x81, 0xeb,
    0x8f, 0xd1, 0x98, 0x5, 0xc0, 0x34, 0xa4, 0x15,
    0xbd, 0xcf, 0xf2, 0x88, 0x5, 0x54, 0x1, 0x50,
    0x7f, 0xfa, 0xc0,

    /* U+54A8 "咨" */
    0x0, 0xf9, 0x90, 0x3, 0xf2, 0x73, 0x80, 0x50,
    0x20, 0x1f, 0x93, 0x6f, 0x41, 0x46, 0xbb, 0xb7,
    0xd0, 0x4, 0x79, 0xe1, 0x10, 0xd4, 0x5c, 0xc1,
    0x60, 0x7, 0x14, 0xb, 0x93, 0x89, 0x1, 0x38,
    0x6, 0x18, 0xde, 0x4, 0x25, 0x13, 0xb1, 0x0,
    0x25, 0x71, 0x39, 0xc, 0xb3, 0xe8, 0xa0, 0x0,
    0x6c, 0x36, 0x89, 0x7c, 0x66, 0x1f, 0x50, 0x0,
    0x3d, 0x44, 0x3d, 0x4d, 0x80, 0xb, 0x5b, 0xe0,
    0x0, 0x81, 0x94, 0xdd, 0x8c, 0xf5, 0xf6, 0x0,
    0x6c, 0xd9, 0xad, 0xde, 0xc2, 0x20, 0x7, 0x6f,
    0x77, 0xc0, 0x1f, 0xfc, 0xc7, 0x11, 0xf1, 0x0,
    0x7e, 0xbe, 0xef, 0x68, 0x6,

    /* U+54AC "咬" */
    0x0, 0xfc, 0x46, 0x1, 0xff, 0xc1, 0x7d, 0x0,
    0xed, 0xee, 0x88, 0xb3, 0x92, 0x91, 0x40, 0x77,
    0xa2, 0x2c, 0xdd, 0x8e, 0xb7, 0x62, 0x7, 0x31,
    0xe, 0xf7, 0xef, 0xe8, 0xff, 0x10, 0x7, 0xa5,
    0x4, 0x6, 0xe4, 0x3, 0xe5, 0x6e, 0x0, 0xb5,
    0x1c, 0x3, 0x9a, 0x9d, 0x0, 0x3, 0x1d, 0x22,
    0x1, 0x9b, 0x2a, 0x44, 0x1d, 0x4f, 0x84, 0x18,
    0x40, 0x6, 0x49, 0x1, 0x74, 0x1, 0xaf, 0x84,
    0x2, 0x96, 0xa1, 0x60, 0xd, 0x9f, 0xe3, 0x0,
    0x13, 0x2c, 0x80, 0x66, 0x20, 0xe, 0x86, 0x4b,
    0x40, 0xa, 0x4, 0x2, 0x3b, 0x5d, 0xb9, 0xb9,
    0x20, 0xe, 0x7c, 0x3d, 0x20, 0x7c, 0x2d, 0x10,
    0xc, 0xfd, 0x0, 0x18, 0xef, 0x84,

    /* U+54AF "咯" */
    0x0, 0xfd, 0x2, 0x1, 0xff, 0xc0, 0x95, 0x10,
    0xe, 0xef, 0xf8, 0xc0, 0xd8, 0xbb, 0xad, 0x10,
    0x5, 0xe9, 0x1, 0x69, 0x66, 0x4a, 0xc2, 0x0,
    0x62, 0x5, 0xc2, 0x35, 0x21, 0x48, 0x0, 0xf6,
    0x96, 0x54, 0xa6, 0xb9, 0x80, 0x7a, 0x30, 0x11,
    0xed, 0x60, 0x3, 0xfc, 0xee, 0x34, 0x70, 0xf,
    0x99, 0xf6, 0x6f, 0x2a, 0x79, 0xc4, 0x18, 0x82,
    0x20, 0x72, 0x4c, 0x72, 0x14, 0x61, 0x7a, 0x53,
    0xe3, 0xbf, 0xf6, 0x8f, 0x90, 0x6f, 0xf9, 0x0,
    0x11, 0x33, 0x50, 0x5, 0x64, 0x1, 0xff, 0xc1,
    0x50, 0xf, 0x8, 0x4, 0x20, 0x1f, 0xec, 0xff,
    0xb8, 0x2,

    /* U+54B1 "咱" */
    0x0, 0xfe, 0x60, 0xf, 0xfe, 0x2, 0xc0, 0x6,
    0xef, 0xf8, 0x80, 0x45, 0xee, 0x23, 0x0, 0x2b,
    0x44, 0xf, 0xb8, 0xad, 0xdd, 0x20, 0x39, 0x0,
    0x43, 0xff, 0xc2, 0x1, 0xff, 0xc9, 0x1f, 0xfe,
    0x10, 0xf, 0x87, 0x77, 0x84, 0x3, 0xf1, 0x17,
    0x0, 0x7e, 0x18, 0x8e, 0x10, 0x6, 0xf8, 0x80,
    0x42, 0x3c, 0x1, 0x56, 0x60, 0x80, 0x66, 0x78,
    0x41, 0x90, 0xcc, 0x1, 0xfe, 0x81, 0x0, 0xc3,
    0xff, 0xc2, 0x1, 0xf0, 0xee, 0xf0, 0x80,

    /* U+54B3 "咳" */
    0x0, 0xfc, 0x24, 0x1, 0xff, 0xc1, 0x6c, 0x0,
    0xe5, 0x66, 0x84, 0x8a, 0x41, 0x62, 0x28, 0x2e,
    0xb6, 0x5f, 0x76, 0xc0, 0x9d, 0xd8, 0x43, 0xac,
    0x53, 0xfd, 0x61, 0xbf, 0xf8, 0x40, 0x3c, 0x35,
    0x24, 0xe, 0x60, 0x1f, 0x16, 0x92, 0x1b, 0x49,
    0x0, 0x7d, 0xc6, 0x6c, 0xc4, 0xd0, 0x7, 0xed,
    0xff, 0x48, 0xda, 0x64, 0x80, 0x78, 0x4e, 0xeb,
    0x12, 0x8e, 0x0, 0x1b, 0xe2, 0xd7, 0x87, 0xa5,
    0x49, 0x82, 0x0, 0xbd, 0xd2, 0x6f, 0x40, 0xda,
    0xe9, 0x0, 0xd, 0x88, 0x80, 0xc2, 0xbe, 0xe9,
    0xc4, 0x0, 0xd2, 0x0, 0x97, 0x2a, 0x72, 0xd3,
    0xc, 0x3, 0xaa, 0x89, 0xce, 0x0, 0x96, 0x80,
    0xe, 0xbf, 0x81, 0x0, 0xd1, 0x60,

    /* U+54B8 "咸" */
    0x0, 0xfe, 0x6b, 0x5a, 0x20, 0xf, 0xfe, 0xa,
    0xf7, 0x98, 0x5, 0xff, 0xf4, 0xa7, 0xd9, 0x61,
    0x80, 0x55, 0x99, 0xd0, 0x59, 0x98, 0xc0, 0x26,
    0x33, 0xe4, 0x3, 0x3c, 0x1, 0xdf, 0xfc, 0x24,
    0x5, 0xc0, 0x1c, 0x3f, 0xfc, 0x60, 0xb, 0x50,
    0xe, 0x3d, 0xee, 0xb4, 0x44, 0x8d, 0xc0, 0x11,
    0x0, 0x9e, 0x77, 0x98, 0x14, 0x1a, 0x80, 0x42,
    0x20, 0x1, 0x80, 0x65, 0x3f, 0x0, 0xca, 0x40,
    0xd, 0xcd, 0x1, 0x42, 0x30, 0x72, 0xc, 0x40,
    0x4, 0x7f, 0xab, 0x18, 0x8c, 0x30, 0x44, 0xb6,
    0x14, 0x86, 0xb4, 0xb6, 0xfc, 0x6a, 0x46, 0xa6,
    0x8, 0x0, 0xcb, 0x80, 0x84, 0xc7, 0x12, 0xa0,
    0xe, 0xa5, 0x0, 0xa7, 0xe4, 0x0,

    /* U+54BD "咽" */
    0x0, 0xee, 0xff, 0xfb, 0xb9, 0xfe, 0xe0, 0x5,
    0xf7, 0x75, 0x80, 0x2e, 0xc0, 0x13, 0x8, 0x68,
    0x89, 0xc0, 0xc, 0xa0, 0x1e, 0x20, 0xf, 0xf0,
    0x91, 0x0, 0x88, 0x1, 0xf9, 0x7f, 0x47, 0xfc,
    0xa0, 0x1f, 0x26, 0xe8, 0xb7, 0x4a, 0x1, 0xfc,
    0xa4, 0xa0, 0x18, 0x48, 0x3, 0xaa, 0x90, 0x20,
    0x16, 0x60, 0x3, 0x20, 0xaa, 0xa4, 0x2, 0xdf,
    0xe0, 0x3, 0xd7, 0x84, 0x33, 0x2, 0x4c, 0x3,
    0xa8, 0x80, 0x14, 0x20, 0xe2, 0x1, 0xae, 0xbb,
    0xaa, 0xb0, 0xf, 0xaf, 0x33, 0xa8, 0x0,

    /* U+54C0 "哀" */
    0x0, 0xfa, 0xc, 0x3, 0xff, 0x84, 0x52, 0x1,
    0xfb, 0x3f, 0xf9, 0x55, 0xff, 0xdc, 0x0, 0xdd,
    0xff, 0xe0, 0xe0, 0x0, 0x48, 0x47, 0xfc, 0x44,
    0x0, 0xd9, 0xdf, 0xfe, 0xed, 0x0, 0xfb, 0x33,
    0xe8, 0x0, 0xfc, 0x62, 0x3e, 0x30, 0xf, 0xdb,
    0xdd, 0xe9, 0x30, 0xf, 0x7f, 0x29, 0xf1, 0xcf,
    0xfd, 0x88, 0x1, 0xb, 0xf0, 0xe0, 0xc4, 0x8a,
    0xe5, 0xa0, 0x15, 0xf6, 0x19, 0x80, 0x8, 0xdf,
    0xd8, 0xe0, 0x3, 0x2d, 0xb5, 0x0, 0x86, 0x55,
    0x84, 0x2, 0x19, 0x20, 0x23, 0x8d, 0xc0, 0xba,
    0xca, 0x50, 0xc, 0x88, 0x51, 0x9d, 0x0, 0x3e,
    0x94, 0x10, 0x4, 0x99, 0xd2, 0x80, 0x18, 0xa3,
    0x48,

    /* U+54C1 "品" */
    0x0, 0x2f, 0xff, 0xe3, 0x0, 0xe2, 0xdd, 0xf0,
    0x7, 0xe2, 0x2f, 0x0, 0x7f, 0xf2, 0x4d, 0x57,
    0xc0, 0x1e, 0x12, 0x99, 0xf1, 0x88, 0x6, 0x4c,
    0xcf, 0xc4, 0x0, 0xde, 0xed, 0xa0, 0x7d, 0xdc,
    0xa7, 0x1b, 0xa8, 0x30, 0x0, 0xee, 0xc0, 0x11,
    0x19, 0x88, 0x2, 0x13, 0x3c, 0x1, 0xff, 0xd2,
    0xbf, 0xf5, 0x80, 0x43, 0xff, 0x10, 0x2, 0x73,
    0x10, 0x1, 0xb3, 0x21, 0xe, 0x63, 0x33, 0xf0,
    0x1f, 0x99, 0xdc, 0xa0,

    /* U+54C4 "哄" */
    0x0, 0xf1, 0x78, 0x0, 0x7c, 0x40, 0x17, 0x99,
    0x10, 0x7, 0xf9, 0x6b, 0xcc, 0x3, 0xff, 0x80,
    0x86, 0x21, 0xda, 0x1f, 0xee, 0xe, 0xe0, 0x7,
    0xb2, 0xc3, 0x75, 0x81, 0x98, 0x0, 0xf1, 0x30,
    0x11, 0x40, 0x44, 0x0, 0xff, 0xe4, 0x8, 0x7,
    0xff, 0x9, 0x3f, 0x43, 0xfd, 0xc1, 0xde, 0x61,
    0xbe, 0x29, 0xdd, 0xfc, 0x61, 0x59, 0x83, 0x15,
    0xd1, 0x11, 0xd8, 0x88, 0x19, 0xc, 0xc0, 0x35,
    0x60, 0x2, 0x6a, 0x0, 0x40, 0x80, 0xb, 0x15,
    0xc0, 0x2d, 0x47, 0x0, 0xef, 0x6b, 0x0, 0xc3,
    0x52, 0x1, 0xd9, 0x60, 0x1e, 0x4f, 0x0,

    /* U+54C6 "哆" */
    0x0, 0xfc, 0x2c, 0x1, 0xff, 0xc1, 0xde, 0x0,
    0xee, 0xff, 0x8c, 0xb, 0xd, 0xff, 0xdc, 0x20,
    0x9, 0xc0, 0x3, 0xed, 0xf7, 0xf1, 0xb0, 0x80,
    0x14, 0xc5, 0xb2, 0xf0, 0x82, 0x82, 0x0, 0x3c,
    0xd6, 0x9d, 0x9c, 0x38, 0x1, 0xf8, 0x5a, 0x45,
    0x30, 0x3, 0xf3, 0x75, 0x5e, 0xa7, 0x8, 0x80,
    0x3c, 0xdd, 0x89, 0xa2, 0xfd, 0xd0, 0x7, 0xd1,
    0x91, 0xff, 0x1c, 0x80, 0x33, 0xc5, 0xfc, 0xb2,
    0x8c, 0x24, 0x9c, 0x1, 0x59, 0x84, 0xea, 0x3a,
    0xcc, 0x3e, 0x80, 0x1d, 0xc6, 0x60, 0xc, 0x45,
    0x61, 0x80, 0x24, 0x80, 0x21, 0x5c, 0xb5, 0xf2,
    0x0, 0xf9, 0xfa, 0x53, 0xa0, 0x40, 0x3f, 0x37,
    0x64, 0x8, 0x7, 0x80,

    /* U+54C7 "哇" */
    0x0, 0xfc, 0xba, 0x1, 0xd7, 0x78, 0x44, 0x45,
    0x19, 0x14, 0x0, 0x5d, 0xf4, 0x3b, 0xdd, 0x40,
    0xee, 0xc0, 0x12, 0x20, 0x42, 0xbf, 0xd4, 0x5f,
    0xf0, 0x7, 0xff, 0x25, 0xff, 0xea, 0x2f, 0xfb,
    0x0, 0x39, 0xb7, 0x7f, 0x70, 0x7, 0x9, 0x14,
    0xd6, 0x45, 0x80, 0x2, 0x20, 0x1, 0x14, 0x6e,
    0x45, 0x0, 0x59, 0xc2, 0x19, 0xba, 0x81, 0xdd,
    0x90, 0x1, 0xbf, 0xe2, 0xef, 0xf5, 0x17, 0xfc,
    0x80, 0xc6, 0x1, 0xff, 0xc1, 0x81, 0x0, 0x8,
    0xe2, 0x31, 0x1c, 0x1, 0xdd, 0xda, 0x7, 0xbb,
    0x8,

    /* U+54C8 "哈" */
    0x0, 0xfe, 0x50, 0xf, 0xfe, 0xa, 0xd1, 0x80,
    0x6e, 0xff, 0x8c, 0x2, 0x83, 0xe0, 0xe, 0xad,
    0x10, 0xa, 0x43, 0x1a, 0x40, 0x33, 0x90, 0x4,
    0xcc, 0xe0, 0xa4, 0x60, 0xf, 0x9a, 0x60, 0x48,
    0xe2, 0x60, 0x3, 0xaa, 0x5a, 0x37, 0x6a, 0x86,
    0x30, 0xd, 0x5b, 0x3f, 0xfc, 0xfc, 0x60, 0x1c,
    0x48, 0x9e, 0x30, 0x9, 0x84, 0x0, 0x37, 0x31,
    0x14, 0xe8, 0x5, 0x7c, 0x20, 0x16, 0x66, 0x90,
    0xd, 0x9f, 0xe3, 0x0, 0xff, 0x49, 0x0, 0x7f,
    0xf0, 0x5c, 0x40, 0x3b, 0x37, 0x6a, 0x0, 0xff,
    0x47, 0x75, 0x26, 0x0,

    /* U+54C9 "哉" */
    0x0, 0xff, 0xe4, 0x54, 0x0, 0x55, 0x5, 0x42,
    0x1, 0x36, 0xe9, 0x5f, 0x74, 0x80, 0x24, 0x78,
    0x20, 0x7, 0xee, 0x22, 0xf7, 0x14, 0xc0, 0x12,
    0xf0, 0x0, 0x13, 0x30, 0x91, 0x98, 0x44, 0x60,
    0xa, 0x90, 0x2, 0xac, 0xc6, 0xab, 0x13, 0x2a,
    0xe1, 0x29, 0x98, 0x1e, 0x66, 0x43, 0x99, 0xc6,
    0x59, 0x9f, 0xa8, 0x73, 0x15, 0xc4, 0x5, 0xff,
    0xe0, 0x61, 0x3, 0x90, 0xe, 0xdd, 0xa8, 0x0,
    0x40, 0x9c, 0xc4, 0x1, 0x88, 0xa6, 0x0, 0x92,
    0x42, 0x0, 0x3f, 0xf8, 0x6, 0x5c, 0x2a, 0x20,
    0x17, 0xfd, 0x80, 0x6, 0x70, 0x70, 0xe5, 0x0,
    0xb7, 0x76, 0x54, 0x64, 0x4a, 0x2a, 0x80, 0xe4,
    0x8b, 0x30, 0xf9, 0xbb, 0xad, 0xc4,

    /* U+54CD "响" */
    0x0, 0xfe, 0x91, 0x0, 0x84, 0x70, 0x6, 0x47,
    0x10, 0xb, 0xfb, 0xa1, 0x0, 0xb5, 0x80, 0x3b,
    0x7c, 0x1, 0xdf, 0xe6, 0x7f, 0xfb, 0x80, 0x3d,
    0x7d, 0xdd, 0x60, 0x1f, 0x38, 0x8f, 0x38, 0x7,
    0xf7, 0x74, 0x20, 0x1f, 0xe2, 0xe5, 0x0, 0xff,
    0xea, 0x67, 0x0, 0x70, 0x9b, 0x80, 0x6b, 0xdc,
    0x10, 0x8, 0xa5, 0x80, 0x26, 0x43, 0x30, 0x6,
    0xba, 0xa0, 0x80, 0x20, 0x40, 0x3c, 0x80, 0x13,
    0x80, 0x7f, 0xc7, 0xf6, 0xe0, 0x1d, 0xc6, 0x1,
    0x1f, 0xfa, 0x40,

    /* U+54CE "哎" */
    0x0, 0xf1, 0x78, 0x0, 0xf8, 0x2, 0xde, 0xea,
    0x33, 0x83, 0x31, 0xc3, 0x98, 0x53, 0xaf, 0xd,
    0x9a, 0x9, 0x95, 0x4, 0xc9, 0xc1, 0x84, 0x19,
    0x50, 0x15, 0x48, 0x2a, 0xa2, 0x0, 0xf1, 0xa0,
    0x0, 0x54, 0x3, 0xf0, 0xe5, 0x0, 0xb, 0xf0,
    0x3, 0xe1, 0x13, 0x80, 0x5c, 0x80, 0x1f, 0xaa,
    0x80, 0x12, 0xd0, 0x4, 0xe6, 0x20, 0x6, 0x25,
    0x9, 0x42, 0x0, 0xaf, 0x44, 0x2, 0xab, 0x57,
    0xa0, 0xd, 0x9d, 0xc3, 0x0, 0x22, 0xd5, 0x88,
    0x5, 0x84, 0x1, 0xd2, 0x87, 0x66, 0x1, 0x10,
    0x4, 0x2f, 0xcb, 0xb8, 0xd9, 0x24, 0x1, 0x87,
    0xae, 0xd8, 0x41, 0x18, 0x5a, 0x80, 0x10, 0xf6,
    0x28, 0x6, 0x3b, 0xe4,

    /* U+54D1 "哑" */
    0x0, 0xcb, 0xff, 0xfb, 0x43, 0x7f, 0xda, 0xbd,
    0xc1, 0xce, 0xc, 0xec, 0x0, 0x66, 0xc, 0x4,
    0x40, 0x22, 0x2, 0x11, 0x0, 0x8, 0x80, 0x1f,
    0xfc, 0x45, 0x60, 0xf, 0x1d, 0x0, 0x73, 0x50,
    0x7, 0x90, 0x40, 0x38, 0xc8, 0x3, 0xdb, 0xa0,
    0xf, 0x2a, 0x0, 0x63, 0x47, 0x0, 0x19, 0x80,
    0x7, 0x80, 0x19, 0x8, 0x40, 0x1b, 0xa0, 0x6,
    0x70, 0x6, 0x1a, 0x0, 0xbb, 0xf8, 0x11, 0x80,
    0x33, 0x30, 0x1, 0x42, 0x1, 0xff, 0xc1, 0x70,
    0x8, 0x46, 0x1, 0x10, 0x10, 0x88, 0x3, 0x17,
    0x74, 0x39, 0xc1, 0x9d, 0xc5,

    /* U+54D7 "哗" */
    0x0, 0xf8, 0x80, 0x3f, 0xf8, 0x27, 0x80, 0xd4,
    0x2, 0x20, 0xef, 0xf8, 0x82, 0x58, 0x2, 0x1c,
    0x90, 0x5, 0x68, 0x81, 0xad, 0x80, 0x1b, 0x1e,
    0x0, 0xe, 0x40, 0x3a, 0x1, 0x71, 0xd5, 0x0,
    0x3d, 0x6a, 0x2d, 0x8e, 0x8e, 0x4, 0x1, 0xd5,
    0x60, 0xd5, 0x0, 0x16, 0x8, 0x7, 0xe6, 0x34,
    0xbc, 0x31, 0x0, 0xf3, 0x11, 0x37, 0xe7, 0xb4,
    0x3, 0xe8, 0x11, 0x30, 0x11, 0x0, 0x2f, 0xd1,
    0x4f, 0xfb, 0x3, 0xff, 0x8, 0x5c, 0xdb, 0xee,
    0xd4, 0x1b, 0xb8, 0x5d, 0xc8, 0x81, 0x22, 0x98,
    0x8, 0xb0, 0x48, 0x80, 0x7f, 0xf4, 0x0,

    /* U+54DF "哟" */
    0x0, 0xff, 0xe4, 0xe9, 0x2, 0xd8, 0x6, 0xef,
    0xf2, 0x2, 0x1, 0x6, 0x10, 0x7, 0x72, 0x0,
    0x3a, 0x80, 0x8, 0x26, 0x70, 0x7, 0x12, 0x38,
    0x91, 0x17, 0xfb, 0x0, 0x3a, 0x24, 0xfe, 0xd3,
    0x73, 0xc0, 0x38, 0x96, 0x72, 0x7, 0xc0, 0x21,
    0x0, 0xc5, 0xf4, 0x6d, 0x1c, 0xe0, 0x20, 0x1f,
    0x4f, 0x0, 0x26, 0x5, 0xcc, 0x3, 0xac, 0xe3,
    0x18, 0xd2, 0x44, 0x40, 0xe, 0x40, 0x19, 0xfe,
    0x60, 0x8f, 0x30, 0xb, 0xbd, 0x29, 0xd4, 0x84,
    0xd, 0xc5, 0x80, 0x38, 0x9e, 0xfe, 0x0, 0x2e,
    0x30, 0xe1, 0x1, 0xdc, 0xc5, 0xc8, 0x9, 0x3f,
    0x80, 0x61, 0xfb, 0x74, 0x0, 0x6e, 0x89, 0x80,
    0x3f, 0xec, 0xfc, 0x0, 0x0,

    /* U+54E5 "哥" */
    0xb, 0xff, 0xff, 0xe0, 0x60, 0x2, 0xff, 0xff,
    0xb0, 0x3b, 0x0, 0x36, 0xef, 0xc0, 0x20, 0x20,
    0x1c, 0x5b, 0xbc, 0x40, 0x1f, 0xfc, 0x21, 0x0,
    0xff, 0x16, 0xee, 0xc2, 0x0, 0xf8, 0x89, 0xff,
    0xf1, 0x30, 0x19, 0x0, 0xe6, 0x7f, 0xa8, 0x37,
    0x8, 0x7b, 0xbf, 0xe0, 0xde, 0x20, 0x1, 0x7f,
    0x76, 0xfd, 0x0, 0xff, 0x77, 0x6a, 0x0, 0xff,
    0xae, 0xf4, 0x80, 0x7f, 0xd1, 0x1b, 0xf8, 0x48,
    0x3, 0xc5, 0xa6, 0x7c, 0x3d, 0xa6, 0x40, 0x0,

    /* U+54E6 "哦" */
    0x0, 0xf9, 0xa9, 0x3c, 0x9c, 0x1, 0xdf, 0xee,
    0x5b, 0xfc, 0xe6, 0x2, 0xc7, 0x0, 0x77, 0x1,
    0xa4, 0x65, 0xc, 0x1, 0x54, 0x10, 0xc, 0x64,
    0x1, 0xe1, 0xd1, 0x0, 0xd7, 0xc3, 0xbd, 0xe1,
    0xdd, 0x18, 0x6, 0x9c, 0x1b, 0xcd, 0xa, 0xdd,
    0x18, 0x6, 0x22, 0x3, 0x11, 0x8b, 0x5c, 0x80,
    0x7e, 0x47, 0x43, 0x66, 0x48, 0x7, 0x3e, 0xd,
    0x73, 0xb4, 0x11, 0x80, 0x3b, 0x80, 0x9, 0x1e,
    0x93, 0x23, 0x80, 0xb, 0x7f, 0x9d, 0x40, 0x32,
    0x9a, 0x0, 0x46, 0x1, 0xf5, 0x19, 0x3, 0xa7,
    0x8, 0x0, 0x48, 0x1f, 0x13, 0xd, 0xf1, 0xc0,
    0x34, 0x69, 0x2a, 0xbc, 0xe6, 0x4c, 0x60, 0x1a,
    0x7f, 0x6, 0x44, 0x13, 0xb4, 0x0,

    /* U+54E8 "哨" */
    0x0, 0xe6, 0x40, 0x1f, 0x0, 0x23, 0xf7, 0xfd,
    0xa5, 0x40, 0x1d, 0x0, 0xa, 0xd9, 0x4, 0x26,
    0x0, 0x90, 0x5c, 0x1c, 0x88, 0x0, 0x85, 0x0,
    0xdc, 0x1, 0xe2, 0xbc, 0xe0, 0xfb, 0xc3, 0x0,
    0xf0, 0xee, 0xf0, 0x80, 0x7e, 0x33, 0xe0, 0xf,
    0xc3, 0xdd, 0xc2, 0x0, 0x10, 0x10, 0x0, 0xff,
    0xf0, 0x80, 0x33, 0xe8, 0x2, 0x22, 0xe0, 0xa,
    0xfb, 0x98, 0x3, 0xbb, 0xc2, 0x18, 0x82, 0x30,
    0xf, 0xff, 0x8, 0x10, 0x7, 0xf0, 0x8c, 0x1,
    0xff, 0x67, 0x11, 0x0, 0x38, 0xb8, 0x2, 0xdf,
    0xd1,

    /* U+54E9 "哩" */
    0x0, 0xeb, 0xff, 0xf9, 0x83, 0xbf, 0xe1, 0x9,
    0xfc, 0x1f, 0xf2, 0x0, 0x55, 0x80, 0x11, 0x80,
    0x98, 0x7, 0x9c, 0xc0, 0x2d, 0x37, 0x33, 0x9c,
    0x3, 0xf2, 0xc4, 0x8c, 0x40, 0x80, 0x3f, 0x45,
    0xf1, 0x5d, 0x94, 0x3, 0xf6, 0x9b, 0x99, 0xce,
    0x1, 0xf1, 0x2f, 0x58, 0xf7, 0x4, 0x2, 0x73,
    0x0, 0x4e, 0xec, 0x1b, 0xb3, 0x0, 0x23, 0xcc,
    0x33, 0x76, 0xd, 0xda, 0x40, 0x1f, 0x98, 0x1f,
    0xee, 0x40, 0x77, 0x56, 0x12, 0x60, 0x11, 0x9c,
    0xa0, 0x67, 0x10, 0x38, 0x80, 0x4, 0x73, 0x80,
    0x8e, 0x0, 0xec, 0xee, 0xac, 0x3b, 0xb1, 0x80,

    /* U+54EA "哪" */
    0x0, 0xff, 0xe3, 0xef, 0xfe, 0x1f, 0xfb, 0x43,
    0xbf, 0xc7, 0xa7, 0x7c, 0x0, 0x1f, 0xb0, 0xb,
    0x4c, 0x0, 0xee, 0x0, 0xec, 0x50, 0x1, 0x38,
    0x7, 0x8, 0x4, 0x96, 0x1, 0xd8, 0x99, 0xc0,
    0x10, 0x91, 0x80, 0x76, 0x9d, 0xe8, 0x4, 0xa8,
    0x1, 0xe1, 0x6, 0x30, 0x9, 0x1c, 0x40, 0x3c,
    0x20, 0x60, 0x1a, 0xa4, 0x0, 0x2e, 0x1a, 0x5b,
    0xa0, 0xc, 0x88, 0x0, 0x71, 0x87, 0x97, 0xe9,
    0x80, 0x44, 0x40, 0x7, 0xf8, 0xd5, 0x40, 0x1e,
    0x53, 0x6, 0x0, 0xab, 0x0, 0x44, 0x0, 0x7b,
    0xb0, 0x40, 0x2, 0x5, 0x5, 0x1c, 0x0, 0xfe,
    0xc0, 0x18, 0xfd, 0x7a, 0x7c, 0x3, 0xfa, 0xcd,
    0x7f, 0x90, 0x78, 0x3, 0x0,

    /* U+54ED "哭" */
    0x7, 0xff, 0xd8, 0x11, 0xff, 0xc0, 0x19, 0x7f,
    0xd2, 0x1, 0x37, 0x73, 0x0, 0x3f, 0x18, 0x4,
    0x23, 0x10, 0x7, 0xff, 0x25, 0x7f, 0xd4, 0x1,
    0x3f, 0xfb, 0x80, 0x33, 0xff, 0xec, 0xbc, 0xf8,
    0x9f, 0xf0, 0x7, 0xf2, 0x0, 0xe, 0x2c, 0x40,
    0x2, 0x67, 0xca, 0x2, 0x6f, 0x4c, 0xe6, 0x13,
    0x99, 0xd4, 0x15, 0x98, 0xb2, 0x9c, 0x18, 0xff,
    0xe3, 0x51, 0xbf, 0xfe, 0x10, 0xe, 0x53, 0x89,
    0x90, 0x80, 0x7f, 0x2d, 0x49, 0x3b, 0x79, 0x0,
    0x79, 0x2e, 0xa1, 0x80, 0x16, 0x9b, 0x48, 0x0,
    0x5f, 0xb1, 0xd7, 0x0, 0xd5, 0x83, 0x7e, 0x2b,
    0x5f, 0x44, 0x1, 0xe3, 0xbf, 0xc1,

    /* U+54EE "哮" */
    0x0, 0xfd, 0xe2, 0x0, 0x37, 0xf, 0xfc, 0x13,
    0x9a, 0x19, 0x8b, 0xe1, 0x0, 0x77, 0x80, 0x2f,
    0xe4, 0x27, 0xc1, 0x98, 0x1, 0xe2, 0x34, 0x5,
    0x64, 0xa0, 0xf, 0x3f, 0x73, 0xc3, 0xa8, 0x3f,
    0x80, 0x39, 0xbf, 0xdd, 0x82, 0xdd, 0xfe, 0x0,
    0xe1, 0x11, 0x9a, 0x2, 0x8c, 0x4, 0x3, 0xc3,
    0x9a, 0xa7, 0xba, 0x80, 0xf, 0xb, 0x83, 0xf5,
    0x9c, 0xc8, 0x2, 0xef, 0xc, 0x8b, 0x92, 0x9e,
    0x71, 0x10, 0x3, 0x7f, 0xa8, 0x2b, 0xb4, 0x33,
    0xba, 0x17, 0x20, 0x17, 0xef, 0xf7, 0x7, 0x7f,
    0xc3, 0x0, 0x1e, 0x13, 0x0, 0xff, 0xe0, 0xf6,
    0x98, 0x80, 0x60,

    /* U+54F2 "哲" */
    0x0, 0x93, 0x40, 0x31, 0x23, 0x56, 0x10, 0x2,
    0x6b, 0xca, 0xa8, 0x3b, 0x38, 0x13, 0x84, 0x0,
    0xa9, 0xc1, 0x99, 0x8, 0x44, 0x18, 0xc0, 0x31,
    0x98, 0x81, 0x90, 0x8f, 0x3f, 0xf8, 0x87, 0x7e,
    0x87, 0xfc, 0x3, 0xbd, 0x61, 0xdc, 0x21, 0x9e,
    0xb2, 0xa8, 0x62, 0x20, 0xb0, 0x8, 0x80, 0x8,
    0x2, 0x1, 0x45, 0x0, 0x7f, 0x64, 0x50, 0x2b,
    0xb8, 0x3, 0xfb, 0x7d, 0x49, 0xe0, 0x8a, 0x1c,
    0x0, 0xf6, 0xe6, 0x5b, 0x99, 0x6e, 0x10, 0x7,
    0xb3, 0xbb, 0xe0, 0xf, 0xfe, 0x60, 0x8f, 0xe0,
    0xf, 0xd9, 0xdd, 0xf0, 0x6,

    /* U+54FA "哺" */
    0x0, 0xff, 0xe5, 0x9f, 0x6, 0x40, 0x2, 0x67,
    0x11, 0x66, 0x2, 0xe1, 0xb1, 0x7e, 0xc6, 0xbd,
    0xda, 0x87, 0x74, 0xc8, 0xe0, 0xaa, 0x18, 0xff,
    0xb0, 0x7f, 0xf3, 0x0, 0x72, 0x26, 0x14, 0x48,
    0xc0, 0x3d, 0x53, 0x14, 0x11, 0x9, 0xf0, 0xf,
    0xbf, 0x38, 0x73, 0x10, 0x1, 0xfb, 0x7b, 0x7,
    0xb9, 0x40, 0x12, 0xb0, 0x80, 0x33, 0xac, 0x7b,
    0x94, 0x1, 0x4d, 0x90, 0x7, 0xff, 0x3, 0x37,
    0x42, 0x19, 0xd6, 0x3d, 0xca, 0x0, 0x69, 0x0,
    0x6d, 0xec, 0x1e, 0xe5, 0x0, 0xc, 0x3, 0xfc,
    0x26, 0x1, 0xff, 0xc1, 0xd8, 0xb0,

    /* U+54FC "哼" */
    0x0, 0xfc, 0x66, 0x0, 0xe1, 0x1c, 0x1, 0x9b,
    0x40, 0x3b, 0xfb, 0xa3, 0xdd, 0xa0, 0x77, 0x71,
    0x7, 0x78, 0x8b, 0xbb, 0x67, 0x76, 0x20, 0xe,
    0x3d, 0xdf, 0x8c, 0x3, 0xe1, 0xfe, 0xeb, 0x4,
    0x3, 0xf9, 0x48, 0xa6, 0x0, 0xfe, 0x5e, 0x88,
    0xb9, 0x40, 0x3e, 0x32, 0x2f, 0x84, 0x1, 0xfa,
    0x20, 0x59, 0x96, 0xa3, 0x70, 0x80, 0x2f, 0xb0,
    0x85, 0x10, 0xb6, 0xbc, 0xc0, 0x2, 0x43, 0x30,
    0x7, 0xc, 0x0, 0x6c, 0x10, 0xf, 0xfe, 0x49,
    0x80, 0x7f, 0xf0, 0xb, 0xf5, 0x4, 0x3, 0x0,

    /* U+5501 "唁" */
    0x0, 0xfc, 0xa6, 0x1, 0xc2, 0x38, 0x3, 0x17,
    0x0, 0x77, 0xf7, 0x40, 0x19, 0xc0, 0x80, 0x3b,
    0x7c, 0xf, 0xff, 0x16, 0xff, 0xc0, 0x1c, 0x7f,
    0xff, 0xc0, 0x1f, 0x5d, 0xfc, 0x1, 0xfb, 0xff,
    0xe0, 0xf, 0xc8, 0x9f, 0x0, 0x7e, 0xee, 0xf8,
    0x2, 0x11, 0x0, 0x5d, 0xdf, 0x0, 0x59, 0xc0,
    0x4, 0xff, 0xf8, 0x40, 0x1b, 0xfe, 0x0, 0x17,
    0xfe, 0xe0, 0x9, 0x8c, 0x3, 0xf8, 0x40, 0x28,
    0x10, 0xf, 0xfe, 0x39, 0x7f, 0xf0, 0x4,

    /* U+5506 "唆" */
    0x0, 0xfc, 0x60, 0x1f, 0xfc, 0x16, 0xd1, 0x32,
    0x0, 0xaa, 0xee, 0x0, 0x1c, 0x60, 0xaf, 0x88,
    0x1, 0xf, 0x10, 0x13, 0x60, 0x50, 0xc3, 0x40,
    0x2a, 0x60, 0x5, 0x8c, 0x74, 0x73, 0x84, 0x80,
    0x7b, 0xb8, 0xf9, 0x83, 0xdd, 0x40, 0x7, 0x8f,
    0x38, 0x42, 0x6e, 0x84, 0x3, 0x97, 0x2d, 0x64,
    0x7, 0x7, 0x44, 0x3, 0xd, 0x3f, 0x99, 0x15,
    0x7c, 0x20, 0x26, 0x8, 0xba, 0xd, 0xdc, 0xcc,
    0x18, 0x3, 0x34, 0x13, 0xc5, 0xf3, 0x1a, 0x12,
    0x1, 0x6f, 0xf8, 0xe3, 0x5a, 0x4b, 0x1d, 0x0,
    0xc, 0x60, 0x7, 0x60, 0xd7, 0xd7, 0x90, 0xa,
    0x4, 0x2, 0x27, 0xf2, 0x65, 0xa4, 0x0, 0xf7,
    0x66, 0xd6, 0x4f, 0x14, 0xf8, 0x80, 0x6f, 0xea,
    0x40, 0x0, 0xc6, 0xf0, 0x80,

    /* U+5507 "唇" */
    0x0, 0x6f, 0xff, 0xfc, 0xc0, 0x1a, 0x7f, 0xff,
    0xcc, 0x1, 0x8e, 0x37, 0x7f, 0x18, 0x7, 0xa3,
    0x77, 0xf1, 0x80, 0x74, 0x66, 0x7f, 0xa8, 0x3,
    0x5e, 0x84, 0xeb, 0xae, 0xe9, 0x26, 0xc0, 0x23,
    0x51, 0x1, 0x15, 0x3b, 0xa1, 0x1c, 0x40, 0x21,
    0x20, 0x2d, 0xba, 0xc8, 0x4f, 0x20, 0x8, 0x40,
    0x48, 0x4b, 0x68, 0xbd, 0x73, 0xac, 0x0, 0x42,
    0x5, 0x92, 0x86, 0x47, 0x5b, 0x5c, 0x0, 0x55,
    0x2, 0x67, 0xff, 0xb4, 0x14, 0x1, 0x98, 0x0,
    0xe, 0xef, 0x84, 0x2, 0x15, 0x60, 0xf, 0xfe,
    0xb, 0xa8, 0x80, 0x7, 0xff, 0xc2, 0x1, 0x35,
    0x0, 0x13, 0xff, 0xf2, 0x0, 0x0,

    /* U+5509 "唉" */
    0x0, 0xfc, 0x20, 0x1f, 0xfc, 0x13, 0xe3, 0x11,
    0x0, 0x55, 0x77, 0x0, 0x7, 0xa8, 0xe7, 0x40,
    0x24, 0xcd, 0x40, 0x1d, 0xa5, 0x1a, 0xa, 0x0,
    0x95, 0x80, 0x1a, 0x71, 0xfd, 0x82, 0x8c, 0x1,
    0xef, 0x87, 0xff, 0x76, 0xd0, 0x7, 0xc7, 0x40,
    0x23, 0x95, 0x80, 0x3c, 0xe4, 0xfd, 0xdc, 0xa0,
    0x1c, 0x71, 0x9f, 0x47, 0xff, 0x28, 0x0, 0x48,
    0xa, 0xc4, 0x88, 0x4, 0x58, 0x1, 0x9a, 0x9,
    0x59, 0x88, 0x3c, 0xcc, 0x0, 0xcf, 0xf2, 0xf7,
    0x3c, 0x42, 0xfb, 0xa0, 0x62, 0x0, 0xea, 0x2d,
    0xb3, 0x0, 0xa0, 0x40, 0x24, 0xd7, 0xd2, 0xbc,
    0x70, 0xf, 0x55, 0x58, 0x20, 0xbb, 0x9e, 0x40,
    0x1a, 0xf9, 0xc0, 0x31, 0x5f, 0x10,

    /* U+5510 "唐" */
    0x0, 0xf8, 0x6c, 0x3, 0xf8, 0x8b, 0xcb, 0x4,
    0x5c, 0x0, 0x1d, 0xcc, 0xda, 0x2d, 0x99, 0xc2,
    0x1, 0x77, 0x71, 0xdf, 0x77, 0x8, 0x6, 0x4e,
    0xe8, 0xeb, 0xba, 0xd0, 0xf, 0x27, 0x74, 0x55,
    0xdc, 0xa3, 0x0, 0xe7, 0xbb, 0xc5, 0x17, 0x68,
    0x1b, 0x0, 0x18, 0x2c, 0x46, 0x2a, 0x88, 0x50,
    0x40, 0x0, 0x40, 0x8c, 0x8a, 0x1, 0x22, 0x18,
    0x98, 0x1, 0xc4, 0x13, 0x76, 0x2b, 0xdd, 0x4a,
    0x80, 0x62, 0x4, 0xcc, 0x8e, 0x33, 0x2b, 0x0,
    0x8d, 0x41, 0x7f, 0xb8, 0x57, 0xdd, 0x78, 0x80,
    0x37, 0xc0, 0x5, 0xdd, 0xef, 0x0, 0xc8, 0xe0,
    0x1f, 0xfc, 0x14, 0x51, 0x0, 0x17, 0x77, 0xc0,
    0x12, 0x58, 0x1, 0x7f, 0xbb, 0xdf, 0xe1, 0x0,

    /* U+5524 "唤" */
    0x0, 0xf9, 0x58, 0x3, 0xff, 0x83, 0x7e, 0x67,
    0x0, 0x59, 0xba, 0xc0, 0x3, 0x2, 0xff, 0x62,
    0x0, 0xa, 0x20, 0x40, 0x73, 0x59, 0x84, 0x48,
    0x2, 0x44, 0x1, 0x69, 0xb1, 0x23, 0x79, 0x0,
    0x7c, 0x66, 0xef, 0xb3, 0x9c, 0x0, 0xf1, 0x49,
    0xe7, 0x8e, 0x70, 0x7, 0xfc, 0x20, 0x1f, 0xfc,
    0x27, 0x30, 0xf, 0xe5, 0x93, 0xb9, 0x2b, 0xf1,
    0xb0, 0x6, 0x60, 0x13, 0xb2, 0xc, 0x37, 0xf2,
    0x0, 0x11, 0x34, 0x26, 0x6a, 0x2a, 0x82, 0x33,
    0x2, 0xa2, 0x40, 0x9, 0x4d, 0x57, 0xd1, 0x0,
    0x58, 0x80, 0xf, 0x17, 0x4, 0x25, 0xfd, 0x40,
    0x31, 0x6d, 0xe0, 0x80, 0x57, 0x10, 0x10, 0x8,
    0xb9, 0xc0, 0x3c, 0xda, 0x20,

    /* U+552C "唬" */
    0x0, 0xfc, 0xd8, 0x1, 0xd5, 0x77, 0x0, 0x71,
    0xf7, 0x50, 0x9, 0xbc, 0x80, 0x18, 0x4f, 0xba,
    0x80, 0x3, 0xa0, 0x3, 0xbf, 0xa4, 0xbb, 0x9f,
    0xe0, 0xf, 0xb7, 0xa5, 0xfb, 0x98, 0x60, 0x1f,
    0x32, 0xe2, 0x5e, 0xbf, 0x0, 0x7d, 0x9e, 0xed,
    0x1a, 0x94, 0x1, 0xf5, 0x52, 0x16, 0x6a, 0xcc,
    0x3, 0xc2, 0x60, 0x99, 0x32, 0x8b, 0x0, 0x77,
    0x0, 0x40, 0x4f, 0xf7, 0x38, 0xc0, 0x2d, 0xff,
    0x18, 0x83, 0x9f, 0xe0, 0x6, 0x63, 0x0, 0x2a,
    0x80, 0xd4, 0x3, 0x30, 0xc0, 0x80, 0x2b, 0x86,
    0x74, 0x3, 0x51, 0x80, 0x48, 0xcf, 0xcc, 0x80,
    0x61, 0xe2, 0x40, 0x12, 0x59, 0x74, 0x0, 0x5b,
    0xfa, 0x0,

    /* U+552E "售" */
    0x0, 0x8a, 0x0, 0x6, 0xc0, 0x1f, 0xd0, 0x40,
    0x1, 0x92, 0x0, 0xf9, 0x15, 0x5d, 0xcc, 0xd,
    0xee, 0xc0, 0x2, 0xa0, 0xfe, 0xe8, 0x6f, 0xbb,
    0x0, 0xf9, 0x86, 0xee, 0x1a, 0xdd, 0x90, 0xd,
    0xb8, 0x37, 0x70, 0xd6, 0xec, 0x80, 0x56, 0x0,
    0xdd, 0xc3, 0x5b, 0xb2, 0x0, 0x76, 0xee, 0x1d,
    0xdc, 0x80, 0x1d, 0xbb, 0x87, 0xb7, 0x72, 0x80,
    0x5, 0x33, 0x37, 0x66, 0x72, 0x80, 0x4f, 0xbb,
    0xfc, 0x40, 0x10, 0x9f, 0xff, 0xe3, 0x70, 0xe,
    0x33, 0xfc, 0x20, 0x1f, 0xfc, 0x9f, 0xff, 0xc2,
    0x0,

    /* U+552F "唯" */
    0x0, 0xff, 0xe5, 0x72, 0xaa, 0xc0, 0x35, 0xde,
    0x10, 0x51, 0x54, 0x41, 0x80, 0x4a, 0x7a, 0x86,
    0x12, 0x6a, 0x88, 0xb5, 0x40, 0x5, 0x30, 0x1,
    0x4c, 0x66, 0x48, 0x89, 0xe0, 0xe, 0x6b, 0xe,
    0xce, 0xc, 0xc5, 0x0, 0x74, 0x28, 0xb1, 0xb8,
    0x19, 0x84, 0x3, 0xa6, 0x82, 0xfa, 0xc3, 0xb8,
    0xc0, 0x1c, 0xe2, 0x1b, 0xac, 0xd, 0xd3, 0x80,
    0x7e, 0x45, 0x50, 0x2a, 0x88, 0x1, 0xbe, 0x1,
    0xaf, 0xf0, 0x3f, 0xce, 0x0, 0xac, 0xc1, 0x0,
    0x3e, 0xa4, 0x2a, 0x8a, 0xc, 0x86, 0x60, 0xf,
    0xfa, 0x4, 0x3, 0xb3, 0xf4, 0x3f, 0xe2, 0x0,
    0xfa, 0xfb, 0xbc, 0x40,

    /* U+5531 "唱" */
    0x22, 0xc0, 0xdf, 0xff, 0x6, 0x6e, 0xc4, 0x9,
    0xff, 0xb0, 0x2, 0x9b, 0x0, 0x9c, 0x47, 0x38,
    0x4, 0xa8, 0x1, 0x1e, 0x66, 0x90, 0xf, 0xc9,
    0xbb, 0xb8, 0x3, 0xf2, 0x66, 0x6e, 0x0, 0xf9,
    0xbf, 0x33, 0x6f, 0x80, 0x7b, 0xbf, 0xfe, 0x80,
    0x62, 0x0, 0xab, 0xbb, 0x90, 0x1, 0x5a, 0x1,
    0xfc, 0x20, 0xb, 0xee, 0x10, 0x57, 0x77, 0x28,
    0x32, 0x88, 0x80, 0x17, 0xff, 0xca, 0x10, 0x20,
    0x1f, 0xfc, 0x6b, 0xff, 0xe5, 0x0,

    /* U+553E "唾" */
    0x0, 0xf8, 0x4d, 0x1a, 0x60, 0x0, 0xf1, 0x10,
    0x67, 0xfb, 0x6f, 0xfb, 0x0, 0x12, 0x86, 0xe3,
    0x9f, 0xd4, 0x52, 0xe8, 0x1, 0x6d, 0x88, 0x7,
    0xff, 0xd, 0xf7, 0x6a, 0x2d, 0xda, 0xc0, 0x39,
    0x24, 0xba, 0x47, 0x91, 0xe4, 0x3, 0x8d, 0x40,
    0xcf, 0x9, 0x10, 0x3, 0xa3, 0x3, 0x68, 0xb5,
    0x99, 0xa4, 0x1, 0xaa, 0x2, 0x64, 0x32, 0x88,
    0x92, 0x0, 0x84, 0x90, 0x10, 0xcc, 0x84, 0x44,
    0x0, 0x77, 0x81, 0xa8, 0x19, 0xe1, 0x22, 0x0,
    0x2f, 0x30, 0x92, 0x5d, 0x23, 0xc8, 0xf2, 0xc,
    0x86, 0x66, 0xdd, 0xa8, 0xb7, 0x6b, 0x8, 0x0,
    0xc2, 0x38, 0x4, 0x60, 0xf, 0xbb, 0xaa, 0x2e,
    0xe9, 0x0,

    /* U+5543 "啃" */
    0x23, 0x31, 0x0, 0x2d, 0x3, 0xc0, 0x3b, 0x33,
    0x0, 0x7b, 0xfe, 0x0, 0xbb, 0x80, 0x1f, 0x77,
    0xf8, 0x3, 0xe1, 0x72, 0x20, 0x18, 0x8c, 0x1,
    0xcd, 0xc7, 0x3a, 0x1b, 0xdd, 0x10, 0x6, 0x6f,
    0xff, 0xe2, 0x0, 0xe3, 0xff, 0xf7, 0x0, 0x7e,
    0x1f, 0xfd, 0x80, 0x18, 0x88, 0x1, 0xf, 0x76,
    0xd0, 0xd, 0xba, 0x30, 0x0, 0xf7, 0x6d, 0x0,
    0xdf, 0xda, 0x0, 0x1e, 0xed, 0xa0, 0x13, 0x8,
    0x6, 0x1e, 0xed, 0xa0, 0x14, 0x0, 0x7f, 0x9c,
    0x3, 0xff, 0x83, 0xb4, 0xe0, 0x0,

    /* U+5544 "啄" */
    0x0, 0xc2, 0x89, 0xfc, 0x1d, 0xff, 0x2c, 0xcd,
    0x57, 0x33, 0x80, 0x17, 0x80, 0x9b, 0xae, 0x9,
    0xdd, 0xc0, 0x6, 0x20, 0x9, 0xf1, 0x58, 0x2,
    0x30, 0xe, 0x5e, 0xbc, 0x54, 0x1, 0xcf, 0x0,
    0xec, 0x8c, 0x35, 0x94, 0xf5, 0xc0, 0xe, 0x90,
    0xac, 0x23, 0xa0, 0xa0, 0xf, 0x85, 0x55, 0x2a,
    0xcc, 0xb0, 0x8, 0x4c, 0x23, 0x20, 0x95, 0xa,
    0xd0, 0x2, 0xcd, 0x8, 0xb7, 0x38, 0x76, 0x32,
    0x20, 0x3, 0x7f, 0xc0, 0x36, 0x99, 0xe0, 0x7,
    0x80, 0x93, 0x0, 0x3f, 0xee, 0xf, 0x30, 0x42,
    0x1b, 0x88, 0x1, 0x7d, 0xc4, 0xdf, 0xc0, 0x70,
    0xc0, 0x31, 0xa, 0xf6, 0x3a, 0x80, 0x8, 0x3,
    0xe4, 0xff, 0x48, 0x7, 0x0,

    /* U+5546 "商" */
    0x0, 0xf9, 0xd0, 0x3, 0xff, 0x85, 0xfe, 0x0,
    0xfd, 0xdd, 0xe7, 0x4e, 0xef, 0x0, 0x3f, 0xe8,
    0x7f, 0xee, 0x7b, 0x4f, 0xfc, 0x0, 0x11, 0x91,
    0x8c, 0x44, 0xe, 0x42, 0x30, 0x4, 0x44, 0x5,
    0x72, 0x24, 0x93, 0x91, 0x0, 0x21, 0xdc, 0xf7,
    0x8f, 0xf2, 0x87, 0xfb, 0x48, 0x3, 0x76, 0xfb,
    0xee, 0x9e, 0x37, 0x42, 0x1, 0xe5, 0xce, 0x0,
    0x44, 0x28, 0x3, 0xe4, 0xb9, 0x73, 0x30, 0xc8,
    0xc8, 0x7, 0x93, 0xe2, 0x13, 0x28, 0xab, 0x90,
    0xf, 0x84, 0x2e, 0xaa, 0x0, 0xff, 0xe0, 0x76,
    0xeb, 0xc0, 0x3f, 0xf8, 0x1d, 0xba, 0xee, 0x0,
    0x4, 0x3, 0xec, 0x0, 0xc9, 0xdc, 0x32, 0x0,

    /* U+554A "啊" */
    0x0, 0xff, 0xe1, 0x91, 0x42, 0xdf, 0xed, 0xbf,
    0xfe, 0x8f, 0xdd, 0x50, 0x3d, 0x35, 0x6e, 0xd4,
    0x72, 0x1d, 0x80, 0x16, 0xe0, 0x91, 0x42, 0xe2,
    0x1, 0xe3, 0x46, 0xff, 0x58, 0x7, 0xf3, 0x18,
    0x36, 0x38, 0x7, 0xf8, 0x40, 0x48, 0x3, 0xfd,
    0x70, 0x1, 0xff, 0xc1, 0x77, 0x0, 0x7e, 0x55,
    0x0, 0x42, 0x2, 0x22, 0x0, 0xeb, 0x90, 0xc,
    0x22, 0x6c, 0x0, 0xee, 0xfb, 0x1, 0xf7, 0x38,
    0xfc, 0x0, 0x94, 0x40, 0x21, 0xf8, 0x57, 0x0,
    0xe8, 0x0, 0xfe, 0x12, 0x20, 0x7, 0xff, 0x1,
    0x76, 0x34, 0x3, 0x9a, 0x0, 0x32, 0x7f, 0x30,
    0x0,

    /* U+5561 "啡" */
    0x0, 0xf9, 0x70, 0x38, 0xc0, 0x2c, 0xdd, 0x80,
    0x3f, 0xe2, 0xfc, 0x20, 0xdf, 0xa0, 0xb, 0x3f,
    0x80, 0x3d, 0xfb, 0x0, 0x15, 0x6e, 0x0, 0x78,
    0x8a, 0x0, 0x98, 0x88, 0x1, 0xe1, 0x22, 0x0,
    0x4c, 0x42, 0x1, 0xea, 0xd8, 0x0, 0xab, 0x74,
    0x1, 0xeb, 0xfa, 0x0, 0xb3, 0xf0, 0x0, 0xea,
    0x1, 0xf9, 0xc0, 0x34, 0x49, 0x1f, 0xfa, 0x80,
    0x2b, 0xff, 0x8, 0x7e, 0xe8, 0xf7, 0x50, 0x1,
    0x5f, 0xf8, 0x58, 0xc0, 0x22, 0x28, 0x2, 0x70,
    0xa, 0x4, 0x3, 0xff, 0xae, 0xb8, 0x1c, 0x60,
    0x10,

    /* U+5564 "啤" */
    0x0, 0xfc, 0x52, 0x20, 0x1f, 0xfc, 0x4, 0x40,
    0x80, 0x6e, 0xff, 0x88, 0xf7, 0x52, 0x5b, 0xb2,
    0x0, 0x33, 0x84, 0x0, 0x79, 0x80, 0xcc, 0x18,
    0x4, 0x22, 0x0, 0x8c, 0x44, 0x2, 0x23, 0x0,
    0xfc, 0x5d, 0x81, 0xdc, 0x20, 0xf, 0xc5, 0xda,
    0x3d, 0xc2, 0x0, 0xfc, 0x59, 0xc3, 0x98, 0x20,
    0xf, 0x8f, 0x64, 0xac, 0xe3, 0x50, 0x0, 0xac,
    0x20, 0x5, 0xb9, 0x40, 0x52, 0x0, 0xaa, 0xc8,
    0xa, 0xec, 0xc0, 0x3, 0x0, 0xdf, 0xba, 0xbd,
    0x3a, 0xff, 0x6, 0xff, 0x83, 0x48, 0x1, 0x3f,
    0xfc, 0x1d, 0xfe, 0x3, 0x0, 0xff, 0xe8, 0x80,

    /* U+5565 "啥" */
    0x0, 0xfc, 0x2a, 0x1, 0xff, 0xc1, 0xab, 0x10,
    0xd, 0xdf, 0xee, 0x0, 0xa5, 0x9f, 0x8, 0x3,
    0x5d, 0x80, 0x3, 0x69, 0x93, 0x58, 0xa0, 0x12,
    0xa8, 0x1b, 0x83, 0xc4, 0x1e, 0xee, 0x10, 0xd,
    0xf3, 0xfb, 0xff, 0x5f, 0x98, 0x80, 0x69, 0x64,
    0xfd, 0x1f, 0xe1, 0x80, 0xf, 0x22, 0x61, 0x44,
    0x8c, 0x3, 0x86, 0x22, 0xb0, 0x88, 0xa4, 0x3,
    0x87, 0x3b, 0x90, 0x3d, 0xd5, 0x0, 0x3b, 0x80,
    0x4, 0xde, 0x92, 0xef, 0xc0, 0xa, 0xf3, 0x0,
    0x2, 0xcc, 0xdc, 0x1, 0x32, 0x99, 0x0, 0x7f,
    0xd0, 0x20, 0x1f, 0xfc, 0x72, 0xff, 0xd8, 0x1,
    0x0,

    /* U+5566 "啦" */
    0x0, 0xff, 0xe4, 0x1e, 0x0, 0x58, 0x80, 0x14,
    0xd5, 0x20, 0x3, 0xd7, 0xc0, 0x13, 0xfe, 0xa0,
    0xb0, 0x89, 0x1b, 0xc1, 0x98, 0x0, 0x45, 0xb,
    0xa2, 0xec, 0xf1, 0x3f, 0xf0, 0x7, 0x56, 0x1f,
    0xce, 0x4c, 0xbf, 0x40, 0x3f, 0x8e, 0x0, 0x18,
    0x60, 0x1f, 0x9, 0x98, 0x80, 0xc, 0x40, 0x1c,
    0x54, 0x5c, 0x2, 0x40, 0x4e, 0x0, 0x36, 0x9,
    0x52, 0xd1, 0x26, 0x1, 0x20, 0x6, 0xd8, 0x5f,
    0x88, 0x1, 0x88, 0xa0, 0xb, 0xbf, 0x0, 0x38,
    0xc5, 0xdc, 0x0, 0x61, 0x0, 0xf8, 0x43, 0x48,
    0x1, 0x0, 0x10, 0xb0, 0x5, 0x2e, 0x7a, 0x1,
    0xe9, 0xa4, 0x1f, 0xef, 0x4a, 0xf5,

    /* U+556A "啪" */
    0x0, 0xff, 0xe3, 0x97, 0x0, 0x43, 0xe2, 0x13,
    0x54, 0x80, 0xf, 0x39, 0x88, 0x3e, 0x6a, 0xb,
    0x1, 0xb, 0x53, 0xb3, 0x1, 0xd0, 0x36, 0xc7,
    0x5e, 0x58, 0x76, 0x0, 0x36, 0x68, 0xfb, 0x8d,
    0x52, 0x40, 0x3f, 0xf9, 0x23, 0x8, 0x1, 0xfc,
    0xde, 0x4, 0xc3, 0x54, 0x90, 0x1, 0xb8, 0xa,
    0x8d, 0x10, 0x66, 0xc, 0x1, 0xb6, 0xf, 0x40,
    0x10, 0xb3, 0x28, 0x1, 0xdf, 0x80, 0x1f, 0xe6,
    0x10, 0xf, 0xfe, 0x4, 0x0, 0x61, 0x0, 0x87,
    0xb9, 0xa0, 0x1d, 0x58, 0xe0, 0x16, 0xea, 0x80,
    0x3a, 0xbe, 0x40, 0x7c, 0xcc, 0xbc,

    /* U+556E "啮" */
    0x34, 0x41, 0x80, 0x3c, 0x83, 0x8c, 0x3, 0x6d,
    0xdb, 0x40, 0x3d, 0x9d, 0xc5, 0x0, 0x77, 0x0,
    0x3e, 0xaf, 0xf2, 0x80, 0x7f, 0xcc, 0x22, 0x0,
    0xf4, 0x78, 0x6f, 0x8e, 0x7f, 0xce, 0x1, 0xa3,
    0xbb, 0x36, 0xf7, 0x4e, 0x1, 0xde, 0x42, 0x6c,
    0x42, 0xb8, 0x1, 0xfc, 0x86, 0x1, 0xe3, 0x30,
    0x7, 0x61, 0xa0, 0x7, 0x6e, 0x80, 0x31, 0xac,
    0xd9, 0x80, 0x6e, 0xfe, 0x0, 0x2e, 0xcb, 0x56,
    0x88, 0x1, 0x84, 0x3, 0x15, 0x30, 0x2e, 0x8,
    0x2, 0x0, 0x3a, 0xed, 0xff, 0x6d, 0x80, 0x7d,
    0xfd, 0xde, 0xa0, 0x0,

    /* U+5578 "啸" */
    0x22, 0xc0, 0x19, 0x70, 0x3, 0xb3, 0xb9, 0x81,
    0xdd, 0x51, 0xf7, 0x3c, 0x80, 0x1b, 0xa0, 0x7,
    0x75, 0x47, 0xdc, 0x10, 0xf, 0x5f, 0x75, 0x47,
    0xdc, 0x1c, 0x20, 0xd, 0x7d, 0xd5, 0x1f, 0x70,
    0x70, 0x80, 0x30, 0xe6, 0x50, 0x79, 0x81, 0x0,
    0xf0, 0xff, 0xd4, 0x5f, 0xec, 0x20, 0xe, 0x39,
    0x32, 0x20, 0x99, 0xbc, 0x80, 0x39, 0xc4, 0x54,
    0x0, 0x91, 0x18, 0x1, 0xdc, 0x2, 0x15, 0x30,
    0x7, 0xa0, 0x6, 0xdf, 0xe1, 0x2c, 0xd0, 0x2,
    0xe8, 0x4, 0xa4, 0x0, 0xde, 0x55, 0x0, 0xc,
    0xc0, 0x15, 0x80, 0x48, 0x8a, 0x0, 0xdc, 0x1,
    0xe3, 0x72, 0x70, 0xc, 0xa0, 0x1e, 0x39, 0x0,
    0x97, 0x0, 0x1a, 0x60,

    /* U+557C "啼" */
    0x0, 0xfc, 0x84, 0x1, 0xff, 0xc0, 0x38, 0x0,
    0xdd, 0xff, 0x7, 0x7f, 0xa1, 0x7f, 0xe9, 0xb,
    0xd0, 0x7, 0xd2, 0xf7, 0x34, 0xba, 0x41, 0x88,
    0x0, 0x28, 0xa2, 0x25, 0x71, 0x0, 0xe2, 0xcd,
    0x2c, 0xc4, 0xbe, 0x50, 0x7, 0x17, 0xf4, 0x26,
    0xf5, 0x38, 0x7, 0x29, 0x99, 0xd4, 0xcc, 0x8e,
    0x1, 0x8b, 0xf3, 0x1c, 0x59, 0x8e, 0xb0, 0x11,
    0x0, 0x4, 0x26, 0x86, 0x64, 0x60, 0xc, 0xe0,
    0x9, 0x95, 0xd, 0x54, 0x1, 0x6f, 0xf8, 0x3,
    0xfd, 0x26, 0x1, 0xf8, 0x48, 0x0, 0xe2, 0x1,
    0x9, 0x0, 0x45, 0xea, 0x20, 0x1c, 0x90, 0x1,
    0x1e, 0xd0, 0x0,

    /* U+5580 "喀" */
    0x0, 0xfc, 0x64, 0x1, 0xff, 0xc1, 0xb9, 0x0,
    0xee, 0xff, 0x8f, 0xfe, 0x74, 0xff, 0xb0, 0x1,
    0xde, 0x0, 0x1f, 0xcb, 0xff, 0xa8, 0x3, 0x84,
    0x4a, 0x1d, 0x80, 0x13, 0x28, 0x7, 0x1d, 0xc1,
    0x37, 0x73, 0xde, 0x40, 0x3d, 0x2c, 0x3b, 0xce,
    0x88, 0x0, 0xf1, 0x1f, 0xd6, 0xd2, 0x50, 0x7,
    0xc5, 0x42, 0x6, 0xae, 0x60, 0x1f, 0x13, 0xec,
    0x4f, 0xee, 0x5b, 0x80, 0xc, 0x44, 0xba, 0x29,
    0x91, 0xef, 0x9e, 0x0, 0xde, 0x7, 0xa3, 0xfe,
    0xe9, 0xa, 0x0, 0x1d, 0xfe, 0x10, 0x3, 0x36,
    0x10, 0xa, 0xc4, 0x3, 0xff, 0x82, 0xa0, 0x1e,
    0xef, 0xf8, 0xc0, 0x20,

    /* U+5582 "喂" */
    0x11, 0xc1, 0xbf, 0xdf, 0xee, 0xe7, 0x90, 0x7f,
    0x73, 0xc0, 0x19, 0xda, 0x3d, 0xc1, 0x0, 0xa6,
    0x40, 0x13, 0x80, 0x7f, 0x22, 0x0, 0x29, 0xdf,
    0x1d, 0xd0, 0x80, 0x7e, 0xed, 0xf1, 0xdd, 0x8,
    0x7, 0xec, 0xfd, 0x1f, 0xf0, 0x80, 0x7d, 0xbf,
    0xff, 0x10, 0x7, 0x2d, 0x57, 0xf0, 0x1, 0x84,
    0x18, 0x17, 0x49, 0x4b, 0x76, 0x0, 0x5e, 0x1,
    0xf8, 0xbc, 0x27, 0x3f, 0x10, 0x3, 0x3f, 0x80,
    0x3b, 0xaf, 0xd, 0x1, 0x88, 0x3, 0xe5, 0x16,
    0xa1, 0x8, 0x10, 0x8, 0x81, 0x62, 0xb9, 0x24,
    0x3, 0xeb, 0x19, 0xe, 0x2c, 0x5d, 0x0, 0xf7,
    0x7e, 0x42, 0x1, 0x67, 0x80,

    /* U+5584 "善" */
    0x0, 0xce, 0x40, 0x19, 0x1c, 0x3, 0xf7, 0xc8,
    0x6, 0x90, 0xf, 0x1f, 0x71, 0xd3, 0xbb, 0x14,
    0xf7, 0x10, 0x0, 0x7d, 0xcf, 0xf7, 0x23, 0xf7,
    0xf7, 0x48, 0x1, 0x1e, 0xee, 0x56, 0xdd, 0xc8,
    0x1, 0x8f, 0x77, 0x2b, 0x6e, 0xe4, 0x0, 0xa3,
    0x77, 0x95, 0xf7, 0x7a, 0x80, 0x13, 0x8e, 0xb9,
    0x84, 0x7c, 0xc3, 0xae, 0x58, 0x6, 0xf7, 0x30,
    0xc, 0x4b, 0x80, 0x11, 0x7f, 0xac, 0x73, 0xd5,
    0xff, 0x46, 0xbf, 0xc4, 0x4e, 0xef, 0xfe, 0x11,
    0x0, 0x5f, 0xee, 0xef, 0x7f, 0x88, 0x3, 0xdd,
    0xdf, 0x78, 0x7, 0xff, 0x33, 0xbf, 0xfe, 0x0,
    0xc0,

    /* U+5587 "喇" */
    0x0, 0xf7, 0x10, 0x6, 0x2e, 0xce, 0xe5, 0x3c,
    0xc, 0x40, 0xe0, 0x80, 0x3, 0x56, 0x25, 0xe0,
    0x5e, 0x6, 0x20, 0x12, 0xb0, 0x22, 0x8e, 0xa9,
    0x80, 0x7e, 0x9e, 0x19, 0xc3, 0x0, 0xfe, 0xe3,
    0xc4, 0x0, 0xff, 0xe6, 0x59, 0x43, 0x80, 0x78,
    0xdc, 0x2c, 0x46, 0xb2, 0x0, 0xed, 0xb0, 0x32,
    0x7, 0x21, 0x0, 0xee, 0xfb, 0x36, 0x1b, 0xa5,
    0xb3, 0x0, 0x50, 0x80, 0xef, 0x83, 0xd3, 0x80,
    0x67, 0x0, 0x4b, 0x18, 0x1, 0x8, 0x44, 0xc0,
    0x1a, 0x60, 0x3, 0xa7, 0xaa, 0x40, 0x21, 0x0,
    0x71, 0x0, 0x23, 0xf9, 0xc0,

    /* U+5589 "喉" */
    0x0, 0xf3, 0x20, 0x7, 0xc2, 0x44, 0x10, 0x4,
    0x6, 0x7f, 0xdc, 0x0, 0xcd, 0xd6, 0x2, 0x2,
    0x67, 0xfa, 0xcc, 0x2, 0xee, 0x0, 0x39, 0x80,
    0x30, 0xb0, 0x7, 0x8d, 0x6f, 0xff, 0x52, 0x7a,
    0x80, 0x47, 0xe0, 0xe, 0x5a, 0xee, 0xca, 0x1,
    0x9, 0x0, 0x5, 0x58, 0x47, 0x0, 0x61, 0xd1,
    0x6, 0xc, 0xff, 0xb8, 0x3, 0x19, 0x81, 0xe3,
    0x3c, 0x3b, 0xf8, 0x3, 0xf4, 0x10, 0x81, 0x88,
    0x80, 0x1d, 0xc0, 0x8, 0xe3, 0xf8, 0x37, 0xfc,
    0x81, 0x9b, 0x80, 0x4, 0xee, 0x50, 0x2f, 0x71,
    0x4, 0x88, 0x20, 0x18, 0x62, 0xe, 0x60, 0xc,
    0x10, 0xe, 0x3c, 0x57, 0x9d, 0x50, 0xf, 0x97,
    0xa6, 0x1, 0x32, 0x50, 0x3, 0xb9, 0xb5, 0x0,
    0x22, 0xc4,

    /* U+558A "喊" */
    0x0, 0xff, 0xe6, 0xea, 0xe1, 0x5, 0xde, 0x0,
    0xf9, 0xfe, 0x41, 0x7e, 0x10, 0xbf, 0xf8, 0xb7,
    0x10, 0xc1, 0x4c, 0x0, 0x3d, 0xd8, 0xeb, 0xb8,
    0x60, 0x1c, 0x6d, 0x98, 0xd6, 0x0, 0x48, 0x7,
    0xcd, 0x98, 0xd3, 0x32, 0x18, 0x7, 0xe2, 0x21,
    0x88, 0xbf, 0x40, 0x38, 0x41, 0xfa, 0x3f, 0xdc,
    0x88, 0x0, 0xf0, 0x84, 0x58, 0x9b, 0x91, 0x0,
    0x1d, 0xe0, 0xee, 0x0, 0xcc, 0x32, 0x1, 0x6f,
    0xf8, 0x88, 0x15, 0xe2, 0xa0, 0x84, 0x2c, 0x60,
    0xf, 0xf0, 0x57, 0xcc, 0xa, 0x21, 0xa0, 0x40,
    0xe, 0x8c, 0xaa, 0xac, 0x88, 0x69, 0x80, 0x42,
    0x84, 0x0, 0xfc, 0x36, 0x63, 0xa0, 0x4, 0x34,
    0x1, 0x51, 0x0, 0x2f, 0x0,

    /* U+5598 "喘" */
    0x22, 0xc1, 0xe4, 0x5, 0xa0, 0x4, 0xd0, 0xcd,
    0xd6, 0x0, 0x7f, 0xf0, 0x37, 0x40, 0x1f, 0xfc,
    0x23, 0x0, 0xb7, 0xf4, 0xbf, 0xd6, 0x1, 0xf7,
    0xff, 0xed, 0x0, 0xe7, 0xee, 0xfe, 0x70, 0xc,
    0xff, 0xf4, 0xaf, 0xfe, 0x70, 0xe, 0x33, 0xb4,
    0xcf, 0x80, 0x2, 0x40, 0xd, 0xcc, 0x2a, 0xb7,
    0x31, 0xa0, 0xc, 0xc0, 0x5, 0xda, 0x9a, 0x3d,
    0xe0, 0x16, 0xff, 0x0, 0x7f, 0xcc, 0x60, 0x1f,
    0xfc, 0x18, 0x10, 0xf, 0xfe, 0x62, 0xf2, 0x0,

    /* U+559C "喜" */
    0x0, 0x8, 0xf5, 0x48, 0x8f, 0x0, 0x53, 0x99,
    0xca, 0xf9, 0x9d, 0x40, 0x9, 0xfe, 0xec, 0x88,
    0xee, 0xdf, 0x40, 0x13, 0x5d, 0xe3, 0x2b, 0xbc,
    0xe0, 0x19, 0x9, 0x13, 0xf1, 0xa8, 0x7, 0x3c,
    0x66, 0x7a, 0x14, 0x3, 0xe8, 0xbb, 0xf4, 0x0,
    0x7d, 0x8a, 0x13, 0x39, 0x97, 0x0, 0x22, 0xaa,
    0x5a, 0xa4, 0x46, 0x22, 0x45, 0x50, 0x8f, 0xba,
    0x8b, 0xee, 0xd7, 0xfd, 0xd1, 0x8a, 0x2c, 0x47,
    0xf9, 0x90, 0x40, 0x23, 0xdc, 0xcf, 0x69, 0x88,
    0x7, 0x84, 0x3, 0xc2, 0x1, 0xfb, 0x77, 0xf0,
    0x6,

    /* U+559D "喝" */
    0x11, 0xc0, 0x5f, 0xdd, 0xde, 0x61, 0xfd, 0xd1,
    0x0, 0xf7, 0x70, 0x80, 0x5b, 0xe0, 0x10, 0xe6,
    0x70, 0x80, 0x7e, 0x1c, 0xce, 0x10, 0xf, 0xe2,
    0x2e, 0x0, 0xfe, 0x3f, 0xee, 0xc4, 0x20, 0x1e,
    0x21, 0xac, 0xce, 0x20, 0xf, 0x39, 0xcf, 0x77,
    0x78, 0x0, 0x44, 0x15, 0x15, 0xdc, 0x7d, 0xec,
    0x0, 0xb3, 0x83, 0x23, 0x81, 0x1e, 0x4, 0x60,
    0x6, 0xff, 0x91, 0x0, 0xbf, 0xdc, 0xa7, 0x30,
    0x63, 0x0, 0xcb, 0xc3, 0x5e, 0x38, 0xc1, 0x2,
    0x1, 0x1e, 0x4c, 0x46, 0x12, 0x0, 0xf8, 0x8b,
    0x1f, 0xbd, 0x0, 0x7f, 0xc3, 0xbc, 0x60,

    /* U+55A7 "喧" */
    0x0, 0xfc, 0x8a, 0x1, 0xc4, 0x58, 0x3, 0xa0,
    0x3, 0xb3, 0x76, 0x4d, 0xda, 0x4b, 0x77, 0x8,
    0x6f, 0x80, 0xb, 0xfe, 0xdf, 0xf8, 0x8c, 0x3,
    0x88, 0xcf, 0xe2, 0x30, 0xc, 0xbb, 0xaf, 0xfe,
    0xbd, 0x10, 0xf, 0x67, 0x77, 0x50, 0x7, 0xc5,
    0xfd, 0xdb, 0xf8, 0x3, 0xf0, 0xf7, 0x6c, 0x0,
    0xce, 0x60, 0x10, 0xee, 0xf0, 0x6, 0xac, 0x0,
    0x87, 0x77, 0x80, 0x36, 0x77, 0x4, 0x0, 0x45,
    0x98, 0x2, 0x51, 0x18, 0x0, 0x5d, 0xda, 0x54,
    0x1, 0x64, 0x0, 0x13, 0xdd, 0xf5, 0x8, 0x7,
    0x57, 0x77, 0xf2, 0x80,

    /* U+55B3 "喳" */
    0x0, 0xfc, 0x7c, 0x1, 0xd1, 0x33, 0x1, 0x9c,
    0xa2, 0x67, 0x81, 0x80, 0x5c, 0xbf, 0xdd, 0x21,
    0x9f, 0xf0, 0x85, 0xc8, 0x16, 0x61, 0x8c, 0x51,
    0x73, 0x2, 0x1, 0xea, 0x2f, 0xb, 0x39, 0x0,
    0xf2, 0xdf, 0x48, 0x5, 0x5f, 0x86, 0x1, 0x92,
    0x63, 0x34, 0x73, 0x1b, 0xa3, 0x0, 0xc2, 0x5,
    0xd9, 0xbd, 0x2a, 0x20, 0x1f, 0xfc, 0x5b, 0x90,
    0x8, 0x66, 0x78, 0x3, 0x11, 0x1c, 0x0, 0x37,
    0x7a, 0x0, 0x24, 0xaa, 0x48, 0x0, 0xb3, 0x34,
    0x28, 0x2, 0x84, 0x2, 0x2c, 0xcf, 0x58, 0x7,
    0xb3, 0xff, 0xf8, 0xc0,

    /* U+55B7 "喷" */
    0x0, 0xfc, 0xba, 0x1, 0xdb, 0xfe, 0xd0, 0xee,
    0xa8, 0xbb, 0xa8, 0x3, 0xcc, 0x18, 0x77, 0xf5,
    0x1f, 0x7f, 0x40, 0x0, 0x88, 0x1, 0x53, 0xa7,
    0x6, 0x20, 0x7, 0x9f, 0xd2, 0x3b, 0x7c, 0xaf,
    0xc8, 0x3, 0x3f, 0xa4, 0xff, 0xc5, 0x9e, 0x40,
    0x1c, 0xc9, 0x3f, 0xf1, 0x60, 0x7, 0xc2, 0xbf,
    0xfb, 0x80, 0x31, 0x98, 0x2, 0x30, 0x39, 0x1,
    0x0, 0xdb, 0xa0, 0xe, 0x74, 0x0, 0xf7, 0x7f,
    0x0, 0x61, 0x10, 0x7, 0x58, 0x80, 0x4b, 0x43,
    0x15, 0x29, 0x40, 0x5, 0x0, 0xc3, 0x7c, 0xad,
    0x5f, 0x2a, 0x1, 0xd9, 0xfe, 0xe8, 0x3, 0xb8,
    0x81, 0x80, 0x6c, 0xc3, 0x88, 0x6, 0x4d, 0x30,

    /* U+55BB "喻" */
    0x0, 0xfe, 0x10, 0xf, 0xfe, 0xc, 0x70, 0x7,
    0x77, 0xfb, 0x80, 0x2a, 0x45, 0xd3, 0x0, 0xdd,
    0xc0, 0x3, 0xf6, 0x62, 0xa3, 0x69, 0x0, 0x3b,
    0x34, 0xb6, 0xed, 0xc4, 0x72, 0x60, 0x1b, 0x2b,
    0xe2, 0x37, 0xce, 0x98, 0x7, 0x3a, 0x24, 0x67,
    0x4a, 0x80, 0x70, 0xcf, 0x72, 0x3, 0x80, 0x6,
    0x1, 0xe3, 0x88, 0x0, 0x7f, 0xf0, 0xb, 0x74,
    0x1, 0xfa, 0xa8, 0x0, 0x2c, 0xc0, 0x7, 0xed,
    0xea, 0x2, 0xdd, 0x0, 0x7e, 0x75, 0x40, 0x2d,
    0xd0, 0x1, 0x40, 0x37, 0x8, 0x7, 0x8, 0x2,
    0xc0, 0xc0, 0x3f, 0xf, 0x20, 0x27, 0xba, 0x0,
    0x70, 0xe8, 0xfd, 0x82, 0x7e, 0x90, 0x0,

    /* U+55C5 "嗅" */
    0x0, 0xfc, 0x2a, 0x1, 0xff, 0xc1, 0x9e, 0x0,
    0xed, 0xee, 0x68, 0x1f, 0x71, 0xd7, 0xba, 0x0,
    0x1c, 0x59, 0x0, 0x5d, 0xfd, 0xcd, 0x10, 0x9,
    0x10, 0x1, 0xe, 0x66, 0xe0, 0xf, 0xe1, 0xcc,
    0xdc, 0x1, 0xfc, 0x37, 0x7b, 0xc0, 0x3f, 0x86,
    0xef, 0x78, 0x7, 0xfb, 0xbb, 0x60, 0x80, 0x7c,
    0x7d, 0xca, 0x5e, 0x4a, 0x0, 0xb7, 0x81, 0x3b,
    0xab, 0x4e, 0x5b, 0xe0, 0x5, 0x66, 0x13, 0x31,
    0x40, 0x8, 0xcd, 0xc0, 0x44, 0x19, 0x80, 0x89,
    0x7, 0x70, 0x24, 0x40, 0xa1, 0x0, 0x8a, 0xcb,
    0x92, 0x32, 0x4, 0x3, 0xab, 0x47, 0xc8, 0x1b,
    0xf, 0xc4, 0x3, 0x5f, 0x50, 0x80, 0x47, 0x7e,
    0x20,

    /* U+55D3 "嗓" */
    0x0, 0xff, 0xe4, 0x1f, 0x77, 0x7c, 0x80, 0x3b,
    0xfd, 0xc0, 0x73, 0x2c, 0xf5, 0x49, 0x0, 0xb7,
    0x40, 0x12, 0xee, 0xb9, 0xa4, 0x3, 0x19, 0x80,
    0xf, 0xdb, 0x9f, 0x1c, 0xe0, 0x1e, 0x5a, 0x1a,
    0x86, 0x81, 0xac, 0x0, 0xe4, 0xac, 0x7d, 0x7b,
    0xd7, 0x40, 0xe, 0x10, 0xe4, 0x60, 0xfe, 0x78,
    0x0, 0xe5, 0x97, 0x68, 0x47, 0x70, 0xd8, 0x2,
    0xec, 0xf, 0x91, 0xc, 0x8c, 0x9c, 0x80, 0x1,
    0x6c, 0xd6, 0x77, 0x2c, 0xb3, 0xb9, 0xa8, 0x72,
    0xee, 0x8e, 0xe3, 0x80, 0x5b, 0xdc, 0x4d, 0x10,
    0x8, 0x6d, 0x68, 0xa3, 0x54, 0x3, 0x86, 0x3c,
    0xb0, 0x41, 0xb6, 0x31, 0x0, 0x3b, 0x24, 0x3,
    0x1e, 0xd3, 0x80,

    /* U+55DC "嗜" */
    0x0, 0xfa, 0x24, 0x2, 0x32, 0x9, 0xaa, 0x48,
    0xf7, 0x1d, 0xbb, 0x91, 0xc0, 0x7, 0xdd, 0x38,
    0xf7, 0x1d, 0xbd, 0xf, 0x8, 0x0, 0xcc, 0xb,
    0xff, 0x3b, 0x72, 0xa7, 0x79, 0x0, 0x6b, 0xe8,
    0x14, 0xdf, 0xce, 0xf2, 0x0, 0x86, 0xba, 0x8c,
    0xd3, 0xb2, 0x80, 0x1c, 0x3d, 0xcb, 0xc, 0xad,
    0xa7, 0xb0, 0xe, 0x41, 0x40, 0xaf, 0xee, 0x69,
    0x80, 0x8, 0x80, 0x11, 0x6f, 0x76, 0xf8, 0x0,
    0x66, 0x0, 0x19, 0xdb, 0xbb, 0xbc, 0x40, 0x1d,
    0xfc, 0x0, 0xad, 0xdd, 0xc0, 0x16, 0x8, 0x6,
    0x9c, 0xcd, 0xa0, 0x11, 0x0, 0x74, 0xe6, 0x6d,
    0x0, 0xfe, 0xad, 0xdd, 0xc0, 0x10,

    /* U+55E1 "嗡" */
    0x0, 0xff, 0xe4, 0x8e, 0x90, 0x5b, 0x0, 0x5d,
    0xfe, 0xd0, 0x6, 0xd1, 0x5, 0x43, 0x0, 0x5d,
    0xc0, 0x3d, 0x56, 0xd2, 0x1c, 0xad, 0x30, 0xc,
    0xd1, 0x34, 0xa5, 0x83, 0x96, 0x40, 0x19, 0x52,
    0xca, 0x8e, 0xf1, 0x18, 0x40, 0x3a, 0xd1, 0xfa,
    0x39, 0xe8, 0x80, 0x3d, 0x7d, 0xcc, 0xb9, 0x8c,
    0x20, 0xe, 0x8e, 0xe7, 0xe5, 0x7f, 0xb7, 0x0,
    0x3a, 0x53, 0xb0, 0x25, 0x7e, 0xc0, 0x2e, 0xe0,
    0xf, 0xeb, 0x81, 0xe6, 0x0, 0x37, 0x7e, 0x82,
    0x4c, 0x80, 0xd, 0x72, 0x1, 0xe4, 0xd8, 0x50,
    0x6d, 0xb5, 0x0, 0x70, 0x80, 0xe, 0x77, 0x0,
    0x7b, 0x30, 0x1, 0xe7, 0x4b, 0xb2, 0xb9, 0xe5,
    0xa0, 0x0,

    /* U+55E3 "嗣" */
    0x8f, 0xfe, 0x2e, 0xff, 0xeb, 0x6, 0xff, 0x84,
    0x3f, 0xbb, 0x40, 0x7, 0xe3, 0x22, 0xc2, 0x0,
    0x6f, 0xf8, 0x42, 0xfb, 0xb0, 0x2, 0x3f, 0xf8,
    0xa7, 0x77, 0x0, 0xc, 0xfc, 0x42, 0x67, 0x10,
    0x3, 0x7f, 0x3f, 0x3a, 0x17, 0x63, 0xa8, 0x2,
    0xc2, 0xc4, 0xe0, 0x3, 0xdd, 0x80, 0x3f, 0xf8,
    0xd8, 0x58, 0x9c, 0x0, 0x31, 0x10, 0x6, 0xf2,
    0xf3, 0xb0, 0x2, 0xe5, 0x78, 0x4, 0x60, 0x6e,
    0xa0, 0xf3, 0xba, 0x70, 0xf, 0x9c, 0xd, 0x80,
    0x89, 0xc0, 0x1c, 0xf3, 0x80, 0x17, 0x6b, 0x6f,
    0x6, 0x86, 0x6b, 0x0, 0x59, 0xfc, 0xc0,

    /* U+55FD "嗽" */
    0x0, 0xf7, 0x80, 0x50, 0xc0, 0x17, 0x67, 0xaf,
    0xf8, 0x3f, 0xca, 0x86, 0x22, 0x0, 0x61, 0x27,
    0xf8, 0x3b, 0xd4, 0xeb, 0xb8, 0x80, 0x18, 0x8c,
    0x8, 0xd0, 0xb3, 0x2, 0xa0, 0x1b, 0xe4, 0x67,
    0x3a, 0x98, 0xc0, 0x40, 0x3a, 0x8a, 0x89, 0x99,
    0x48, 0x80, 0xf, 0xf6, 0x8, 0x92, 0xc0, 0x3d,
    0xa7, 0xa4, 0x2, 0x20, 0x10, 0xe, 0xda, 0x5,
    0xf0, 0x50, 0x20, 0xb, 0x88, 0xa, 0x41, 0x24,
    0xc, 0x14, 0x2, 0xef, 0xe, 0xb0, 0xd5, 0x1a,
    0x9b, 0x0, 0x30, 0xe, 0xaa, 0x80, 0x71, 0x5,
    0x85, 0x42, 0x0, 0x9, 0x20, 0x11, 0x5f, 0x84,
    0xd8, 0x80, 0x6, 0x0, 0x32, 0xc1, 0x82, 0x31,
    0x0, 0x7b, 0xc1, 0xd8, 0x2, 0x83,

    /* U+5609 "嘉" */
    0xe, 0xff, 0xff, 0xe0, 0x80, 0x3b, 0xff, 0x95,
    0xff, 0xfc, 0x1, 0x67, 0x76, 0x57, 0xee, 0xda,
    0x1, 0xb7, 0x33, 0x6e, 0xb3, 0x37, 0x80, 0x62,
    0xff, 0xff, 0x38, 0x6, 0x70, 0xdd, 0xfc, 0x20,
    0x1e, 0x2c, 0xcf, 0xc6, 0x1, 0xc9, 0xfe, 0x2e,
    0xcc, 0x69, 0x47, 0xa8, 0x5, 0x57, 0x68, 0x1e,
    0xbb, 0x68, 0xfd, 0xda, 0x80, 0x13, 0x1f, 0x98,
    0xf8, 0x87, 0xe4, 0x45, 0x20, 0x1, 0x3, 0xb0,
    0x8, 0x6e, 0xf8, 0x40, 0x15, 0x30, 0x13, 0xd0,
    0x2d, 0xbb, 0x33, 0x0, 0x11, 0x87, 0x94, 0xa4,
    0x6, 0xab, 0x18, 0x0, 0x6f, 0xf6, 0x39, 0xa8,
    0xb, 0xba, 0x20, 0x0, 0xdc, 0x8c, 0x77, 0xc,
    0xdf, 0xdd, 0x7a, 0x0,

    /* U+560E "嘎" */
    0x0, 0xcf, 0xff, 0xfc, 0x1d, 0xff, 0x2f, 0xfc,
    0xad, 0xff, 0x80, 0x19, 0xa2, 0x17, 0xdc, 0x57,
    0xee, 0x8c, 0x0, 0x44, 0x0, 0x3d, 0x77, 0xf7,
    0x40, 0x1f, 0xd1, 0x77, 0xc2, 0x1, 0xf9, 0x77,
    0x78, 0x3, 0xfb, 0x88, 0xb8, 0x3, 0xf3, 0xdc,
    0xc4, 0x61, 0x0, 0x91, 0x2, 0x17, 0x8f, 0x79,
    0x41, 0x66, 0x0, 0xfd, 0x68, 0xcc, 0x24, 0xe5,
    0xc, 0xd9, 0x5, 0xcc, 0xa3, 0xb9, 0xe1, 0x19,
    0x41, 0x65, 0xc2, 0x0, 0x22, 0x86, 0x6b, 0x76,
    0x30, 0xe, 0x15, 0x9d, 0x95, 0x3c, 0x3f, 0x40,
    0xd, 0x92, 0x3d, 0xcb, 0xad, 0xd0, 0x20,

    /* U+5618 "嘘" */
    0x56, 0x62, 0x80, 0x65, 0xff, 0xd4, 0x11, 0x32,
    0x80, 0xe, 0x4f, 0xfa, 0x80, 0x13, 0x20, 0x1,
    0x9d, 0xae, 0x67, 0x80, 0xe, 0xe0, 0x3c, 0xff,
    0x38, 0xff, 0xd8, 0x40, 0x1c, 0x59, 0x83, 0xec,
    0xef, 0x12, 0x0, 0xf4, 0x61, 0xf6, 0x43, 0xc0,
    0x7, 0x38, 0x4e, 0x1c, 0xe5, 0x0, 0x80, 0x78,
    0x44, 0x17, 0x3b, 0xa8, 0x30, 0x1, 0x10, 0x9,
    0xc0, 0x3, 0x93, 0xd8, 0x80, 0xc, 0xc0, 0x70,
    0xf0, 0x51, 0xe2, 0xa6, 0x0, 0x3b, 0xf4, 0xf1,
    0xd8, 0x3, 0x75, 0x6, 0x8, 0x1, 0x11, 0x98,
    0x0, 0xbd, 0xd8, 0x4, 0x0, 0xa2, 0x4b, 0x60,
    0x17, 0x60, 0x7, 0x74, 0xff, 0xb8, 0xf5, 0xe3,
    0xbd, 0x40, 0x29, 0x7f, 0xff, 0xe5,

    /* U+561B "嘛" */
    0x0, 0xfc, 0xc2, 0x1, 0xca, 0xb0, 0x7, 0x7d,
    0x0, 0x75, 0xe5, 0x7, 0x7f, 0xcc, 0x9f, 0xf8,
    0x82, 0x44, 0x7, 0xb9, 0x5f, 0xf5, 0x77, 0x90,
    0x7, 0x8, 0x58, 0x5, 0x0, 0x1f, 0x84, 0x3,
    0xff, 0x85, 0x1e, 0x3c, 0x9c, 0x5f, 0xa0, 0x1e,
    0x98, 0xb, 0x4a, 0x8, 0xd0, 0xf, 0xb4, 0x64,
    0xb4, 0x30, 0x3, 0x84, 0x40, 0x14, 0x2a, 0x88,
    0x40, 0x2f, 0x13, 0x33, 0x68, 0x21, 0xd8, 0x62,
    0x0, 0x3f, 0xce, 0xd6, 0xe0, 0x8, 0x60, 0x5e,
    0x2, 0x0, 0x61, 0xd8, 0x83, 0x58, 0x81, 0x98,
    0x70, 0x0, 0xf4, 0xc0, 0x6, 0x70, 0xa, 0x44,
    0x0, 0x48, 0x40, 0x1f, 0xfc, 0x2, 0xa0, 0xb,
    0x80, 0x2d, 0x10, 0x0,

    /* U+5631 "嘱" */
    0x55, 0xc5, 0xfd, 0xde, 0xf6, 0xba, 0xa5, 0x81,
    0x77, 0x79, 0x0, 0x1d, 0xc0, 0xf, 0xfe, 0x21,
    0x77, 0x79, 0x4c, 0x3, 0x8b, 0x62, 0x59, 0x16,
    0x54, 0x3, 0xe3, 0x33, 0x4d, 0xb8, 0x7, 0x8,
    0xae, 0x20, 0x3f, 0x9e, 0x20, 0x19, 0x9c, 0x2b,
    0x47, 0xf4, 0x40, 0x15, 0x40, 0x22, 0x67, 0x40,
    0xd4, 0x38, 0x3, 0xbf, 0x75, 0xdc, 0x33, 0x1,
    0x19, 0x9d, 0x54, 0x86, 0xa8, 0xb1, 0x1, 0xf9,
    0x2f, 0xb0, 0x2, 0x91, 0x81, 0x10, 0x1, 0x3c,
    0x1, 0xae, 0xc0, 0x9, 0xd5, 0xe1, 0xf0, 0x8,
    0x51, 0x80, 0x13, 0xb7, 0x58, 0x9e,

    /* U+5632 "嘲" */
    0x11, 0xc0, 0xe, 0x20, 0x2f, 0xfb, 0xb3, 0xb9,
    0x95, 0xc3, 0xbc, 0xa3, 0xfc, 0x0, 0xee, 0x5,
    0xf8, 0xe7, 0xa1, 0x80, 0x7c, 0x20, 0x18, 0x40,
    0x3f, 0x3f, 0x9f, 0x70, 0x4a, 0xf4, 0x3, 0xd7,
    0xba, 0x10, 0x18, 0x90, 0xf, 0x57, 0x70, 0x5c,
    0xcc, 0x80, 0x1e, 0xae, 0xe0, 0x81, 0xab, 0x80,
    0x8, 0x80, 0xa, 0xee, 0x8, 0x83, 0xf4, 0x1,
    0xde, 0xcf, 0xe1, 0x9e, 0x9, 0x54, 0x0, 0x66,
    0x27, 0x30, 0x3f, 0x91, 0xa0, 0x14, 0x88, 0x17,
    0xf8, 0x22, 0x4, 0x80, 0x12, 0x0, 0x46, 0x61,
    0x73, 0x23, 0x12, 0x0, 0xfe, 0xde, 0x8, 0xc7,
    0x0, 0xf7, 0x15, 0x18, 0x4f, 0xc8,

    /* U+5634 "嘴" */
    0x0, 0xc3, 0xc3, 0xe8, 0x5c, 0x32, 0xe1, 0xdf,
    0xea, 0x0, 0xd0, 0x83, 0x9c, 0xc0, 0xc, 0x90,
    0xc, 0x38, 0xc3, 0xae, 0xe0, 0x1, 0xa8, 0x28,
    0xd8, 0xf3, 0x9d, 0x5d, 0x80, 0x38, 0xe3, 0x4f,
    0x9f, 0x26, 0x34, 0x3, 0x9d, 0xd6, 0x5b, 0xae,
    0xa3, 0x0, 0xf0, 0xe2, 0x76, 0xf1, 0x40, 0x7,
    0xd6, 0x4f, 0xdc, 0xc3, 0xff, 0x18, 0x7, 0x52,
    0x4f, 0x60, 0xf7, 0xc, 0x2, 0x89, 0x0, 0xa3,
    0x70, 0x77, 0x46, 0x1, 0x9, 0xe0, 0x35, 0xee,
    0xe, 0xe8, 0xc0, 0x5, 0x32, 0x60, 0x2b, 0xdc,
    0x1d, 0xd1, 0x80, 0x30, 0x2, 0x63, 0xed, 0xc1,
    0xdd, 0x10, 0x7, 0xa3, 0x80, 0x31, 0x70, 0x10,
    0x7, 0x71, 0x80, 0xb, 0x8b, 0xb4, 0x40,

    /* U+5636 "嘶" */
    0x0, 0xc3, 0xa1, 0x66, 0x0, 0x2a, 0xb1, 0xbd,
    0xd1, 0x90, 0x13, 0xb0, 0xe6, 0xe, 0x5, 0xb8,
    0x57, 0x8b, 0x8e, 0x14, 0xfa, 0x4c, 0x0, 0x40,
    0x98, 0x58, 0x9c, 0x80, 0x1f, 0xe2, 0xb5, 0x0,
    0xff, 0xe0, 0x15, 0x28, 0x5, 0xff, 0x48, 0x7,
    0x84, 0x3, 0x78, 0xf4, 0x80, 0x71, 0x72, 0x0,
    0x88, 0x3, 0xf8, 0xb9, 0x0, 0xcc, 0x1, 0xca,
    0x2e, 0x86, 0x8e, 0x8e, 0x20, 0x1d, 0x21, 0xbe,
    0x9c, 0xfb, 0xec, 0x1, 0xd9, 0xb1, 0x83, 0x4d,
    0x61, 0x80, 0x1b, 0x4, 0x1a, 0x20, 0x17, 0x2a,
    0x80, 0x18, 0x40, 0x1d, 0xa6, 0xd, 0xce, 0x40,
    0x1f, 0x41, 0x80, 0x4d, 0x0, 0xe, 0x10,

    /* U+563B "嘻" */
    0x0, 0xe1, 0x19, 0xf4, 0x47, 0x7, 0x7f, 0xb9,
    0x6a, 0xb1, 0x55, 0x60, 0x5, 0xd8, 0x17, 0xfe,
    0x52, 0xff, 0xa4, 0x0, 0xca, 0x0, 0x33, 0xbe,
    0x8c, 0xe1, 0x0, 0xf0, 0xdd, 0xfc, 0x60, 0x1e,
    0x16, 0xcc, 0xdc, 0x60, 0x1f, 0x93, 0x33, 0x78,
    0x7, 0xe7, 0x75, 0xe6, 0x3c, 0xf8, 0x2, 0x47,
    0x4, 0x60, 0xa6, 0x64, 0x93, 0xb0, 0x85, 0xd2,
    0x8f, 0xa, 0xf7, 0x9, 0x3b, 0x86, 0x1f, 0x96,
    0xbc, 0x67, 0xf5, 0x94, 0x98, 0x5, 0xe5, 0x33,
    0xca, 0xe0, 0xe2, 0x1, 0x84, 0x8b, 0x80, 0x3f,
    0x9f, 0x77, 0x84, 0x0,

    /* U+563F "嘿" */
    0x11, 0xc1, 0xbf, 0xdf, 0xee, 0xe7, 0xa0, 0x7f,
    0x74, 0x21, 0x9d, 0xc2, 0xee, 0x18, 0x5, 0xde,
    0x1, 0x3d, 0x80, 0xa, 0xc0, 0x3f, 0x9d, 0xc4,
    0x9, 0xa0, 0x1f, 0xef, 0x0, 0x13, 0x0, 0x7e,
    0x1d, 0xd8, 0xab, 0x88, 0x3, 0xec, 0xee, 0x68,
    0x77, 0x48, 0x1, 0xeb, 0xff, 0x60, 0x7f, 0xc8,
    0x0, 0xcc, 0x0, 0x2f, 0xb9, 0x61, 0xdd, 0x20,
    0x1, 0xd9, 0x40, 0x8c, 0xc2, 0x6, 0x71, 0x1,
    0x5d, 0x51, 0xf3, 0x2b, 0x1c, 0xcb, 0xc3, 0x4,
    0x0, 0xcf, 0x57, 0x5b, 0x14, 0x5a, 0x1, 0xc2,
    0xe8, 0x1e, 0x76, 0x8e, 0xe0, 0xe, 0xb9, 0x7,
    0x50, 0x73, 0x89, 0x0, 0xeb, 0x70, 0x2f, 0xa,
    0x33, 0x78, 0x0,

    /* U+564E "噎" */
    0x0, 0xfd, 0x32, 0x0, 0xea, 0xbb, 0x52, 0x6e,
    0xce, 0xed, 0xda, 0x1, 0x33, 0x8, 0x8c, 0xc9,
    0xdd, 0x99, 0x40, 0x1, 0x98, 0x0, 0xbd, 0xd2,
    0xab, 0x76, 0x0, 0xf1, 0xed, 0xdf, 0xcc, 0x1,
    0xc9, 0xe6, 0x7e, 0xa, 0x0, 0xe2, 0xe9, 0x9f,
    0xb, 0x0, 0x72, 0xb6, 0xef, 0x9a, 0x80, 0x3d,
    0x5d, 0xbb, 0xba, 0xc0, 0x2e, 0xe0, 0x5, 0x1b,
    0xba, 0x0, 0x37, 0x7f, 0x1, 0xde, 0xe6, 0x36,
    0xc4, 0x0, 0xc2, 0x1, 0x4d, 0xa6, 0x61, 0xea,
    0x80, 0x8, 0x0, 0xe4, 0x70, 0x15, 0x50, 0x7,
    0xdb, 0xda, 0x3d, 0xc0, 0xce, 0xe0, 0x0,

    /* U+5668 "器" */
    0x0, 0x7f, 0xf0, 0x17, 0xff, 0x0, 0x76, 0xfe,
    0x80, 0x6f, 0xf6, 0x0, 0x7f, 0xf0, 0xc4, 0x3,
    0xce, 0x6e, 0x1, 0x8c, 0xce, 0x1, 0xc7, 0x1d,
    0x4, 0x60, 0x59, 0xd0, 0x40, 0x1b, 0x37, 0x67,
    0x92, 0xd7, 0x18, 0xd0, 0x1, 0x77, 0x6f, 0x55,
    0x77, 0x18, 0xeb, 0xb8, 0x44, 0xcc, 0x69, 0x1e,
    0xeb, 0x2c, 0x5f, 0x73, 0x4, 0x4, 0xfa, 0xd8,
    0x45, 0x2e, 0x2f, 0x31, 0x1, 0xed, 0xa, 0x6e,
    0x80, 0x77, 0x8c, 0xd7, 0xc6, 0x6b, 0xa, 0xc9,
    0x20, 0x1, 0x7e, 0x58, 0x51, 0x83, 0x3, 0x93,
    0x0, 0x62, 0x23, 0x2, 0x0, 0x61, 0x1, 0x0,
    0xf0, 0x80, 0x7b, 0x3f, 0x0, 0x37, 0xfb, 0x0,
    0x20,

    /* U+566A "噪" */
    0x0, 0xf7, 0x77, 0x78, 0x80, 0x3b, 0xfd, 0xc0,
    0x16, 0x77, 0x40, 0x1d, 0x98, 0x0, 0xce, 0x67,
    0x0, 0x71, 0x10, 0x2, 0x6d, 0xbb, 0x9c, 0x3,
    0xe3, 0xc4, 0x41, 0xd2, 0x23, 0x64, 0x3, 0x9d,
    0x36, 0x94, 0x1b, 0x64, 0x80, 0x3d, 0xe2, 0x60,
    0x10, 0xb0, 0x7, 0xd1, 0xd6, 0x28, 0xbd, 0xa0,
    0x1e, 0x4f, 0xee, 0x64, 0x7f, 0x72, 0xc0, 0x1d,
    0xc0, 0x8e, 0xeb, 0x7, 0xbb, 0x8, 0x5e, 0x6c,
    0x7e, 0x28, 0x5, 0xbf, 0xe1, 0x74, 0x33, 0x1,
    0xf3, 0xd0, 0xd6, 0xa8, 0x84, 0x80, 0xa, 0xb5,
    0x31, 0x81, 0x36, 0x6c, 0x40, 0x23, 0xde, 0x80,
    0xc, 0x7b, 0xc2,

    /* U+566C "噬" */
    0x0, 0xe1, 0x80, 0x8, 0x9c, 0x3, 0xf3, 0xa0,
    0x5, 0x7c, 0x1, 0x6f, 0xfb, 0x82, 0xcb, 0x74,
    0x8e, 0xed, 0xd3, 0x9e, 0x60, 0x18, 0x24, 0x7f,
    0x56, 0xcf, 0x98, 0x8, 0x83, 0x32, 0x72, 0x77,
    0x52, 0xbd, 0x8, 0x4, 0x36, 0x81, 0xa9, 0xa2,
    0x11, 0x80, 0x1c, 0x5f, 0xec, 0xec, 0xff, 0x75,
    0x10, 0x6, 0x6e, 0xbd, 0xa1, 0xed, 0xce, 0x20,
    0xe, 0x3b, 0x21, 0x1, 0x48, 0x10, 0x1, 0x10,
    0x1, 0x46, 0x1, 0xb7, 0x0, 0x2c, 0xc0, 0x13,
    0x13, 0x0, 0x15, 0x25, 0x0, 0xbb, 0xfd, 0x8f,
    0xf7, 0x81, 0x75, 0xb4, 0x98, 0x20, 0x2d, 0x23,
    0xb8, 0x1a, 0xa7, 0x88, 0x1, 0xa4, 0x47, 0x1,
    0x8, 0x8c, 0x3, 0x47, 0x76, 0xa1, 0xee, 0xd2,

    /* U+5676 "噶" */
    0x22, 0xcb, 0xff, 0xfc, 0x39, 0xbb, 0x33, 0xb8,
    0x19, 0xd4, 0x1d, 0xc0, 0x7, 0x80, 0x38, 0x80,
    0xc4, 0x45, 0x10, 0x10, 0x97, 0x0, 0x27, 0x96,
    0xe7, 0xf, 0x90, 0x7, 0xc5, 0x33, 0xc0, 0x1f,
    0xfc, 0xc2, 0x99, 0xe0, 0xf, 0xc9, 0x5, 0xdb,
    0xb7, 0x18, 0x0, 0xc8, 0x0, 0x50, 0x39, 0xff,
    0x77, 0x80, 0x37, 0x40, 0x78, 0x9f, 0xc7, 0xdc,
    0xc3, 0x0, 0x77, 0xf9, 0x54, 0xe1, 0x20, 0xe0,
    0xe2, 0x10, 0x20, 0x6, 0x80, 0x81, 0xdf, 0x52,
    0x70, 0x60, 0xe, 0x35, 0x4c, 0x46, 0xf3, 0x0,
    0xf1, 0xf6, 0x6e, 0xa3, 0x1e, 0xc0, 0x3e, 0x11,
    0xc9, 0xfc, 0x60,

    /* U+568E "嚎" */
    0x0, 0xfc, 0xca, 0x1, 0xfc, 0x4a, 0xb7, 0x53,
    0x2a, 0xc3, 0xdf, 0xee, 0x1c, 0xc8, 0x5b, 0xf3,
    0x23, 0xd, 0xd0, 0x1c, 0x11, 0x78, 0x24, 0x80,
    0xcc, 0x0, 0x35, 0xbb, 0xd0, 0x80, 0x1f, 0x19,
    0xae, 0xf7, 0x88, 0x7, 0x8d, 0xab, 0x33, 0x5d,
    0x9c, 0x80, 0x32, 0x69, 0x17, 0xd6, 0xe0, 0x18,
    0xb2, 0x65, 0x71, 0x32, 0xe4, 0x60, 0x32, 0x5,
    0x6e, 0x71, 0xfc, 0xd0, 0xd3, 0xd, 0xc0, 0x5,
    0xc4, 0x17, 0xdf, 0xf5, 0x40, 0x1d, 0xfc, 0x13,
    0xb1, 0xef, 0x4a, 0x60, 0x6, 0x10, 0x0, 0xc1,
    0xf7, 0x34, 0xaa, 0xc, 0x20, 0x2, 0x50, 0x82,
    0xb6, 0x11, 0x76, 0x90, 0x7, 0x4e, 0x3d, 0xfc,
    0x81, 0xf9, 0x0,

    /* U+568F "嚏" */
    0x0, 0xe1, 0x19, 0x38, 0x47, 0x3, 0xcc, 0xa1,
    0xb3, 0x29, 0x1c, 0xcc, 0x14, 0x22, 0x57, 0xff,
    0xa0, 0x7f, 0xf0, 0x2, 0x64, 0xd, 0xd3, 0x2e,
    0x59, 0x9b, 0x40, 0x38, 0x53, 0x77, 0xe2, 0x0,
    0xe6, 0x31, 0x53, 0x85, 0x29, 0xd0, 0xf, 0xae,
    0x78, 0x67, 0xc0, 0x3f, 0x97, 0xc, 0x73, 0x0,
    0x19, 0x54, 0x0, 0x8d, 0x2c, 0xa2, 0x3b, 0x0,
    0xa6, 0x43, 0x3d, 0x32, 0xab, 0x99, 0x57, 0x88,
    0x66, 0xe4, 0xd4, 0x6e, 0xe, 0xea, 0x8c, 0x70,
    0x40, 0x29, 0x30, 0x0, 0xee, 0x8b, 0x40, 0x40,
    0x28, 0x28, 0x76, 0x1d, 0xd3, 0x8, 0x6, 0x54,
    0xcc, 0x6d, 0xf, 0xfe, 0x30, 0x9, 0x70, 0xa,
    0xbb, 0xff, 0x8c,

    /* U+56A3 "嚣" */
    0x0, 0x66, 0x2e, 0xdc, 0xad, 0xd7, 0x6c, 0xe0,
    0xd, 0xf7, 0x64, 0x0, 0x3d, 0xdb, 0x80, 0x3b,
    0xee, 0xc8, 0x0, 0x7b, 0xb7, 0x18, 0x1, 0xaa,
    0x9b, 0xa8, 0x30, 0x8d, 0xd5, 0x5b, 0x0, 0x78,
    0x67, 0xc0, 0x3e, 0x65, 0xdd, 0xb0, 0xb, 0x77,
    0x2b, 0x0, 0x1d, 0x66, 0x6b, 0x89, 0x99, 0x1c,
    0x3, 0x88, 0x87, 0x6c, 0x45, 0x0, 0x73, 0x30,
    0xb, 0x17, 0x3a, 0xd9, 0xd4, 0x0, 0x6e, 0x1b,
    0xa5, 0xa9, 0xee, 0x6b, 0xd9, 0x87, 0x41, 0x5f,
    0x40, 0x4, 0xb7, 0x81, 0x21, 0xa4, 0xdb, 0x5c,
    0xcb, 0xd7, 0x6f, 0x5b, 0x0, 0xb6, 0xec, 0xa0,
    0x4, 0xbb, 0x60, 0x8, 0x5, 0x99, 0x20, 0x1,
    0x33, 0x20, 0x0,

    /* U+56B7 "嚷" */
    0x0, 0xfc, 0xca, 0x1, 0xcc, 0xee, 0x53, 0x44,
    0xb2, 0x11, 0x30, 0xc7, 0x72, 0x57, 0xba, 0x7,
    0xee, 0xca, 0x11, 0x60, 0xc0, 0x11, 0xc0, 0x5,
    0xa8, 0x1, 0xc9, 0x56, 0x82, 0xd5, 0x38, 0x1,
    0xe1, 0x9b, 0x0, 0x14, 0xc0, 0x7, 0xdb, 0xa5,
    0xc3, 0xa7, 0x9a, 0x0, 0xe4, 0xfa, 0xc, 0xda,
    0x1f, 0xd0, 0xe, 0x4b, 0x60, 0xbb, 0x30, 0xdc,
    0x0, 0x79, 0x74, 0x8, 0x9c, 0x4, 0xc0, 0xe,
    0xd0, 0xad, 0xb1, 0xbb, 0x40, 0x56, 0x28, 0x77,
    0xe5, 0x74, 0x1c, 0x33, 0xf5, 0x22, 0xa8, 0x0,
    0x31, 0xd1, 0x4f, 0x9, 0x71, 0x0, 0xb1, 0x1,
    0xff, 0x27, 0x9a, 0x7b, 0x3b, 0x0, 0x73, 0x9a,
    0xb4, 0x99, 0x69, 0xd2, 0x0, 0x71, 0x6f, 0x53,
    0x0, 0x23, 0x90,

    /* U+56BC "嚼" */
    0x0, 0xfe, 0x13, 0x58, 0x10, 0x23, 0x31, 0x1e,
    0xf7, 0xf6, 0x7f, 0x80, 0xc3, 0x33, 0x1d, 0xd7,
    0xac, 0xe4, 0xa9, 0x0, 0x3b, 0x80, 0x4, 0xe0,
    0xde, 0x8, 0xa0, 0xf, 0xf, 0xa6, 0xc2, 0x6a,
    0x4a, 0x80, 0x7d, 0xc1, 0xf8, 0xde, 0xe6, 0x1,
    0xe2, 0xc2, 0xdf, 0x4c, 0x70, 0xf, 0xf, 0xe7,
    0xe6, 0xfe, 0x23, 0x0, 0x72, 0x75, 0xe5, 0x80,
    0x4a, 0x1, 0xf1, 0x99, 0x82, 0x2a, 0x81, 0x40,
    0xf, 0xf0, 0x1, 0xaf, 0x42, 0xff, 0x83, 0x80,
    0x15, 0xba, 0x5, 0x8c, 0x30, 0xe4, 0x4, 0x6,
    0x43, 0x30, 0x25, 0x34, 0x18, 0xa0, 0x5, 0x0,
    0x11, 0x35, 0x9c, 0x85, 0x20, 0x7, 0xde, 0xd3,
    0xc0, 0x6, 0xe4, 0x0, 0xf4, 0xd1, 0x84, 0x83,
    0x75, 0x80, 0x0,

    /* U+56CA "囊" */
    0x7, 0xbb, 0xee, 0xe5, 0xdf, 0x38, 0x1, 0xe8,
    0x8b, 0x19, 0x88, 0xb4, 0x38, 0x4, 0x4f, 0x77,
    0x33, 0xdd, 0xca, 0xa0, 0xc, 0x2f, 0x77, 0x33,
    0xdd, 0xca, 0x40, 0x16, 0xc0, 0x6, 0x66, 0x0,
    0x6e, 0xd0, 0x1, 0xd9, 0x0, 0xb, 0xb4, 0xc0,
    0xb, 0x6, 0x0, 0xe1, 0x4f, 0xf0, 0x17, 0x7,
    0xf8, 0xcb, 0x80, 0x21, 0xa3, 0x9c, 0x4b, 0xd9,
    0x3a, 0x10, 0x8, 0x63, 0x30, 0x1b, 0x54, 0xc0,
    0xcc, 0x41, 0x0, 0x7, 0x80, 0x3f, 0xc2, 0x40,
    0x37, 0x84, 0x41, 0x75, 0x53, 0x89, 0x10, 0xec,
    0x45, 0x71, 0xc2, 0x55, 0xb6, 0xff, 0x2, 0x2b,
    0x11, 0x65, 0x1b, 0xca, 0xa0, 0xfe, 0x63, 0x6c,
    0x0, 0x39, 0x2a, 0x57, 0x3a, 0x49, 0xb5, 0xbf,
    0xa2, 0x1, 0x1e, 0x75, 0xc2, 0x0, 0x16, 0xbb,
    0x4,

    /* U+56DA "囚" */
    0xef, 0xff, 0xfe, 0x2, 0x4, 0xee, 0xff, 0x84,
    0x0, 0x45, 0xc8, 0xc4, 0x58, 0x3, 0xf6, 0x90,
    0x7, 0xff, 0x1, 0x94, 0x3, 0xfe, 0x12, 0x30,
    0xf, 0xf9, 0x0, 0x80, 0x3f, 0xef, 0x2f, 0x10,
    0xf, 0xe3, 0x5c, 0x4d, 0x0, 0xfe, 0xf7, 0x19,
    0x7a, 0x0, 0xfa, 0xc2, 0x0, 0x14, 0x8e, 0x1,
    0xd4, 0x1a, 0x1, 0xd, 0x60, 0x6, 0x29, 0x91,
    0x91, 0x66, 0x92, 0x0, 0xa7, 0x37, 0x7f, 0x84,
    0x0,

    /* U+56DB "四" */
    0x0, 0xff, 0xe1, 0x2f, 0xff, 0xff, 0x3, 0x80,
    0xbb, 0x96, 0x1d, 0xc1, 0xbe, 0xe4, 0x80, 0x42,
    0x27, 0x11, 0x81, 0xc4, 0x44, 0x1, 0xce, 0x60,
    0x1f, 0xfc, 0x2, 0x60, 0xf, 0xfe, 0x6, 0x18,
    0x7, 0xfc, 0x2b, 0x60, 0x13, 0x8, 0xc0, 0x10,
    0xea, 0x98, 0x1, 0xaf, 0xba, 0x0, 0xad, 0x68,
    0x2, 0x8e, 0xff, 0x80, 0x2a, 0x90, 0xf, 0xf8,
    0xb7, 0x7f, 0xd4, 0x0, 0x19, 0x9f, 0xf3, 0x0,
    0xd, 0x13, 0xfd, 0x80,

    /* U+56DE "回" */
    0xef, 0xff, 0xfe, 0x2, 0x84, 0x66, 0x7f, 0x80,
    0x22, 0x33, 0xff, 0x8, 0x7, 0x8, 0xf8, 0x3,
    0xe3, 0xee, 0xef, 0x0, 0xfc, 0x3f, 0xf5, 0x80,
    0x7f, 0xf6, 0x84, 0x70, 0x7, 0xf0, 0xf7, 0x54,
    0x1, 0xf8, 0xff, 0xfb, 0x80, 0x3f, 0xf8, 0xf5,
    0xff, 0xfe, 0x10, 0x4, 0x6e, 0xff, 0x84, 0x0,

    /* U+56E0 "因" */
    0xef, 0xff, 0xfe, 0x2, 0x5, 0xf7, 0x7f, 0x84,
    0x0, 0xe2, 0x3a, 0x10, 0x47, 0x0, 0x7e, 0x40,
    0xf, 0xe2, 0x2c, 0x66, 0x22, 0x80, 0x3b, 0xf3,
    0x21, 0x8c, 0xc9, 0x0, 0x36, 0xf7, 0x34, 0x3f,
    0xba, 0x40, 0xf, 0xac, 0x74, 0x40, 0x3f, 0x85,
    0xae, 0xd8, 0x40, 0x1f, 0xb5, 0x54, 0xf5, 0x84,
    0x1, 0xcb, 0xaf, 0x40, 0x7, 0x6f, 0x10, 0xe,
    0xbb, 0x8, 0x5, 0x16, 0x20, 0x17, 0x4d, 0x66,
    0x7a, 0xb0, 0x40, 0x15, 0x11, 0xfe, 0x10,

    /* U+56E2 "团" */
    0xdf, 0xff, 0xfe, 0x2, 0x84, 0xf7, 0x7f, 0x84,
    0x0, 0x62, 0x3c, 0xee, 0x11, 0x80, 0x3f, 0xbf,
    0xc0, 0x1f, 0x5f, 0xfe, 0x66, 0x7f, 0x84, 0x3,
    0x57, 0x75, 0x0, 0xbd, 0xc1, 0x0, 0xc2, 0x31,
    0x40, 0x98, 0x88, 0x3, 0xe3, 0xc8, 0x70, 0xf,
    0xe6, 0xc8, 0x70, 0xf, 0xe9, 0x8b, 0x70, 0xf,
    0xf5, 0x7a, 0xa, 0x10, 0x7, 0xe3, 0x10, 0x38,
    0xa, 0x0, 0xf1, 0x88, 0xc7, 0xb4, 0x42, 0x30,
    0x5, 0x3d, 0xdf, 0xe1, 0x0,

    /* U+56E4 "囤" */
    0x4f, 0xff, 0xfe, 0x7, 0x1, 0x77, 0x6d, 0xae,
    0xed, 0x40, 0x10, 0x8e, 0xb, 0x11, 0xe0, 0x9,
    0x73, 0x2f, 0x1c, 0xca, 0x40, 0x32, 0x4f, 0xf4,
    0xf, 0x7c, 0xd8, 0x6, 0x18, 0x2, 0x70, 0x21,
    0xb2, 0x0, 0xff, 0xe4, 0x76, 0x78, 0xe7, 0x80,
    0x7d, 0xfe, 0xe8, 0x1e, 0xfc, 0x0, 0xf1, 0x14,
    0xe2, 0x45, 0x69, 0x80, 0x7c, 0x63, 0x97, 0x86,
    0x40, 0x1f, 0xf, 0x7f, 0xe1, 0x0, 0x17, 0x77,
    0xb6, 0xb7, 0xec, 0x0, 0x39, 0x9f, 0xe9, 0x0,

    /* U+56ED "园" */
    0xef, 0xff, 0xfe, 0x2, 0x85, 0x77, 0x7f, 0x84,
    0x0, 0x23, 0xff, 0x0, 0x77, 0xff, 0xd2, 0x1,
    0xef, 0xff, 0xa4, 0x3, 0xff, 0x8c, 0x3f, 0xff,
    0xcc, 0x1, 0xf, 0xf9, 0xdd, 0xee, 0xef, 0xf3,
    0x0, 0x79, 0x38, 0x3, 0xfe, 0x43, 0x70, 0xc,
    0x90, 0x1, 0xb, 0xdb, 0x8, 0x73, 0x5c, 0xe8,
    0x6, 0xa8, 0x90, 0x3, 0x6f, 0xf2, 0x80, 0x6f,
    0x61, 0x1c, 0x4a, 0x42, 0x1, 0x56, 0xf7, 0x7f,
    0x8, 0x0,

    /* U+56F0 "困" */
    0xdf, 0xff, 0xfe, 0x2, 0x84, 0xf7, 0x7f, 0x84,
    0x0, 0x62, 0x3b, 0x8c, 0x47, 0x0, 0x7f, 0xf1,
    0xa6, 0xaa, 0x9, 0xaa, 0x88, 0x3, 0x7e, 0x6a,
    0x3, 0xe6, 0x46, 0x1, 0x99, 0x82, 0x40, 0x42,
    0xcc, 0x10, 0xe, 0x38, 0xd0, 0xda, 0x80, 0xf,
    0x26, 0xd0, 0x80, 0xe2, 0xc0, 0x6, 0x2a, 0xd4,
    0x0, 0x87, 0xd8, 0xc0, 0x22, 0xf3, 0x0, 0xe2,
    0xf3, 0x0, 0xc2, 0x1, 0x39, 0x80, 0x4, 0x3,
    0x18, 0x8e, 0x90, 0x11, 0xc0, 0x14, 0xf7, 0x7f,
    0x84, 0x0,

    /* U+56F1 "囱" */
    0x0, 0xf1, 0x80, 0x7f, 0xf0, 0xb, 0x10, 0x3,
    0xe2, 0x2d, 0x64, 0xc4, 0x5c, 0x9, 0xbb, 0x98,
    0xb7, 0x7c, 0x80, 0x3f, 0xf7, 0x2f, 0x7f, 0xe0,
    0xf, 0xa9, 0x6a, 0xec, 0xe0, 0x1f, 0x4b, 0xe4,
    0xc2, 0x90, 0x7, 0xe, 0x2c, 0x19, 0x21, 0xa8,
    0x7, 0x12, 0xe7, 0x6b, 0x47, 0x0, 0x78, 0xe4,
    0x29, 0xe5, 0x4c, 0x3, 0xf0, 0xd2, 0x4a, 0x40,
    0x7, 0x86, 0x78, 0x3d, 0xb0, 0x40, 0x3c, 0x3d,
    0xb4, 0x20, 0x52, 0x1, 0xc3, 0xf1, 0xbf, 0xff,
    0x0, 0x43, 0xbb, 0xfe, 0x0, 0x0,

    /* U+56F4 "围" */
    0xef, 0xff, 0xfe, 0x2, 0x5, 0xff, 0xdd, 0x1d,
    0xff, 0x84, 0x0, 0xe0, 0x10, 0xc0, 0x80, 0x7e,
    0xbf, 0xf8, 0x3f, 0xf1, 0x0, 0x6b, 0xff, 0x83,
    0xbf, 0xe2, 0x0, 0xee, 0xe8, 0x3f, 0xb8, 0xe0,
    0x1e, 0xff, 0x83, 0x3f, 0xce, 0x1, 0xc2, 0x0,
    0x30, 0xc, 0x20, 0x1d, 0x9f, 0xec, 0xc, 0xff,
    0x72, 0x0, 0x6d, 0xee, 0x83, 0xb9, 0xe0, 0xa0,
    0x1f, 0xc3, 0xde, 0xc2, 0x1, 0xf8, 0xc7, 0xb9,
    0x20, 0x1b, 0xb3, 0x30, 0x66, 0x70, 0x80, 0x2a,
    0x23, 0xfc, 0x20,

    /* U+56FA "固" */
    0x5f, 0xff, 0xfe, 0x7, 0x1, 0x77, 0x7f, 0xa4,
    0x2, 0x11, 0xc7, 0x62, 0x38, 0x80, 0x3e, 0x64,
    0x0, 0xfc, 0x5f, 0xf5, 0x8f, 0xfd, 0xa0, 0x18,
    0xbf, 0xec, 0x1f, 0xfb, 0x40, 0x3f, 0xf8, 0xe3,
    0xfd, 0xa1, 0xdf, 0xc0, 0x1f, 0xbb, 0xb6, 0x0,
    0x7f, 0xf2, 0xfb, 0xb6, 0x0, 0x7c, 0x3f, 0xdd,
    0xbf, 0x80, 0x38, 0x47, 0xfc, 0x40, 0x2, 0xee,
    0xff, 0x48, 0x0,

    /* U+56FD "国" */
    0xdf, 0xff, 0xfe, 0x2, 0x84, 0x77, 0x7f, 0x84,
    0x0, 0x42, 0x1, 0xf8, 0x40, 0x33, 0xf7, 0x7d,
    0x40, 0x1c, 0xff, 0xf0, 0x77, 0xfa, 0xc0, 0x3f,
    0xf9, 0x1f, 0xf0, 0x77, 0xf9, 0x40, 0x3d, 0xdd,
    0x6, 0x4e, 0x28, 0x7, 0x84, 0x60, 0x22, 0x70,
    0x80, 0x78, 0x46, 0x2, 0x5a, 0x50, 0xe, 0xae,
    0xe8, 0x33, 0xa2, 0xc4, 0x3, 0x57, 0xff, 0xe1,
    0x0, 0xaf, 0x77, 0xfc, 0x20, 0x6, 0x99, 0xff,
    0x0, 0x0,

    /* U+56FE "图" */
    0xdf, 0xff, 0xfe, 0x2, 0x5, 0x77, 0x59, 0xdd,
    0xe1, 0x0, 0x8, 0xcb, 0xa0, 0x23, 0xc0, 0x1c,
    0x74, 0x1f, 0xdc, 0xf5, 0x0, 0xe5, 0xd0, 0x8e,
    0xe2, 0x21, 0x40, 0x3b, 0xf7, 0x2e, 0x70, 0xec,
    0x3, 0xd4, 0x6c, 0xc7, 0x31, 0x30, 0xe, 0x2a,
    0xe9, 0xde, 0xd1, 0xce, 0x60, 0x8, 0xcb, 0x72,
    0xa5, 0xe7, 0xe9, 0x0, 0x21, 0x83, 0x1c, 0xde,
    0xb0, 0x42, 0x0, 0xe8, 0xc9, 0x3f, 0xb0, 0xf,
    0xd1, 0xd9, 0xf1, 0xf4, 0x1, 0xc2, 0x31, 0xa4,
    0xee, 0xb8, 0x44, 0x1, 0x57, 0x77, 0xb6, 0xfb,
    0x82, 0x0,

    /* U+5703 "圃" */
    0xef, 0xff, 0xfe, 0x2, 0x5, 0xff, 0xec, 0xee,
    0x7f, 0xc2, 0x0, 0x70, 0xd, 0xc4, 0x96, 0x40,
    0x1d, 0xbd, 0xd1, 0x6d, 0xae, 0x30, 0x6, 0xde,
    0xe8, 0xb7, 0xba, 0x60, 0xc, 0x7d, 0xba, 0x2e,
    0xdd, 0x48, 0x7, 0x8b, 0x74, 0x7f, 0xb0, 0x60,
    0x1e, 0x3c, 0xc1, 0xfe, 0x58, 0x7, 0xc7, 0x98,
    0x3f, 0xcb, 0x0, 0xf8, 0xf3, 0x7, 0xf9, 0x0,
    0x1f, 0x1e, 0x60, 0xff, 0x20, 0x3, 0xc2, 0xc0,
    0x5, 0x38, 0x9f, 0x0, 0xe2, 0xa0, 0x4, 0x8c,
    0x62, 0x80, 0x6c, 0xff, 0xff, 0x8, 0x0,

    /* U+5706 "圆" */
    0xef, 0xff, 0xfe, 0x2, 0x6, 0x7f, 0xff, 0x84,
    0x3, 0x5e, 0xef, 0x71, 0x80, 0x79, 0xe7, 0x77,
    0x0, 0x7e, 0x7a, 0xdd, 0xc2, 0x1, 0xf5, 0xf6,
    0xee, 0xf3, 0x0, 0xe2, 0xff, 0xfa, 0x40, 0x3c,
    0x3f, 0xec, 0xef, 0x70, 0xf, 0xf7, 0xa8, 0x7,
    0xfc, 0x26, 0xe0, 0x1f, 0x8b, 0x13, 0x1a, 0x73,
    0x64, 0x3, 0x3c, 0xe5, 0x5c, 0xd4, 0xc5, 0x88,
    0x4, 0xff, 0x5c, 0xc0, 0x5, 0xdd, 0x8, 0x5,
    0x93, 0x7f, 0xfe, 0x9f, 0x10,

    /* U+5708 "圈" */
    0xef, 0xff, 0xfe, 0x2, 0x5, 0xff, 0xeb, 0xcf,
    0xef, 0xf0, 0x80, 0x1c, 0x21, 0x83, 0xd8, 0x28,
    0xc0, 0x3d, 0x3e, 0x8, 0x81, 0x73, 0x0, 0xe4,
    0xd5, 0xe1, 0xdd, 0x6, 0x8, 0x6, 0x6e, 0xe0,
    0x47, 0x76, 0x0, 0xcf, 0x10, 0xd2, 0xc8, 0xec,
    0x87, 0x0, 0x9e, 0x18, 0x6b, 0xfd, 0x45, 0xac,
    0x1, 0x27, 0xc1, 0x80, 0x8a, 0x37, 0xe0, 0x2,
    0x4d, 0x40, 0x40, 0xf2, 0x8, 0x80, 0x7, 0xc2,
    0x97, 0x88, 0xe0, 0x1f, 0x2f, 0x66, 0x50, 0xa0,
    0x1f, 0x46, 0xe6, 0x5a, 0x40, 0x1b, 0x3f, 0xff,
    0xc2, 0x0,

    /* U+571F "土" */
    0x0, 0xfa, 0xa4, 0x3, 0xff, 0xda, 0x67, 0xc2,
    0x46, 0x7c, 0x1, 0x16, 0x67, 0x22, 0x33, 0x38,
    0x80, 0x5, 0xff, 0xca, 0xdf, 0xfc, 0x40, 0x1f,
    0xff, 0xf0, 0xf, 0x88, 0xbc, 0x26, 0x45, 0xe0,
    0x2d, 0xdf, 0x22, 0xee, 0xf8, 0x80,

    /* U+5723 "圣" */
    0x0, 0xff, 0xe2, 0xb7, 0xff, 0xfc, 0xa0, 0x13,
    0x72, 0x16, 0xf7, 0x6d, 0x33, 0x28, 0x6, 0x1a,
    0x9, 0x11, 0xd0, 0x7c, 0x1, 0xe1, 0xf6, 0xd3,
    0x2c, 0x7c, 0x20, 0xf, 0x8b, 0x47, 0x34, 0x30,
    0xc0, 0x3e, 0x38, 0xd3, 0x3d, 0xae, 0x40, 0x11,
    0xef, 0xe2, 0x57, 0x66, 0x35, 0x27, 0x7e, 0xc8,
    0xef, 0x3f, 0x1c, 0x62, 0x5, 0x1d, 0xcb, 0xc2,
    0x6, 0x32, 0x2f, 0xe3, 0x47, 0x0, 0x93, 0x77,
    0x2a, 0xb7, 0x72, 0x0, 0x64, 0xff, 0xcc, 0xcf,
    0xfc, 0x80, 0x1f, 0xfc, 0x72, 0x2f, 0x19, 0x88,
    0xbc, 0x3, 0xbb, 0xe5, 0x56, 0xef, 0x84,

    /* U+5728 "在" */
    0x0, 0xf2, 0x8, 0x7, 0xff, 0x4, 0x6d, 0x40,
    0x3f, 0xf8, 0x2e, 0x28, 0x1, 0xfd, 0xff, 0xa4,
    0x7f, 0xff, 0x0, 0x37, 0x68, 0xc, 0xdd, 0xfc,
    0x0, 0x22, 0xa6, 0xc, 0x88, 0xf0, 0x45, 0x80,
    0x34, 0x9b, 0x80, 0x46, 0xc0, 0x1f, 0x33, 0x20,
    0x3, 0xff, 0x80, 0xd2, 0x2, 0x1f, 0xf4, 0x9f,
    0xfc, 0xc0, 0x73, 0x21, 0x0, 0x6e, 0xce, 0x5b,
    0xb3, 0x81, 0xe3, 0x0, 0x44, 0x57, 0x9, 0x14,
    0x20, 0x3, 0x0, 0xff, 0xeb, 0x88, 0xf0, 0x8,
    0xe0, 0xf, 0x5f, 0x75, 0x7, 0xdd, 0x80,

    /* U+572D "圭" */
    0x0, 0xfa, 0xa4, 0x3, 0xf8, 0x48, 0xb0, 0x99,
    0x16, 0x10, 0xc, 0xdb, 0xb9, 0x17, 0x77, 0x38,
    0x6, 0x7f, 0xfc, 0xad, 0xff, 0x98, 0x3, 0xff,
    0x8f, 0x5f, 0xfc, 0xad, 0xff, 0xd4, 0x0, 0x8c,
    0xcf, 0xfe, 0x4, 0x0, 0x8, 0xcf, 0xaa, 0xcc,
    0xf8, 0x80, 0x22, 0x2f, 0xfe, 0x0, 0x6, 0xcd,
    0xdc, 0x8b, 0xbb, 0xbc, 0x3, 0x77, 0xfe, 0x56,
    0xff, 0xda, 0x1, 0xff, 0xc7, 0x22, 0xf0, 0x99,
    0x17, 0x80, 0x77, 0x7c, 0x8b, 0xbb, 0xe2,

    /* U+5730 "地" */
    0x0, 0xf, 0x80, 0x7b, 0x8c, 0x3, 0xfe, 0xd1,
    0x0, 0xff, 0xe1, 0x10, 0x6, 0x17, 0x90, 0x1c,
    0xc0, 0x65, 0x80, 0x77, 0x72, 0x90, 0x6, 0x6c,
    0x27, 0xc0, 0x13, 0xc2, 0x9d, 0x20, 0x12, 0xb8,
    0x2a, 0xa0, 0x16, 0xc6, 0x84, 0x3, 0xf3, 0x20,
    0x62, 0x80, 0x42, 0x1, 0xf3, 0xe0, 0x7, 0xc2,
    0x1, 0xc2, 0xc0, 0x1c, 0xe0, 0x4e, 0x1, 0x10,
    0x75, 0x80, 0x7b, 0xa7, 0x80, 0x6f, 0xa, 0xb4,
    0x3, 0x9f, 0xb8, 0xa0, 0x2f, 0x5a, 0xa0, 0x1d,
    0x86, 0x0, 0x86, 0xc, 0x50, 0xe, 0x41, 0x31,
    0x11, 0xa8, 0x7, 0xe8, 0xbe, 0xed, 0x82, 0xc0,

    /* U+573A "场" */
    0x0, 0xff, 0xe3, 0xf, 0x80, 0x37, 0xff, 0xcc,
    0x1, 0xfb, 0x37, 0x6a, 0x5, 0x60, 0xf, 0xc2,
    0x44, 0x6a, 0x6a, 0x0, 0xd3, 0x61, 0x2e, 0x0,
    0x6b, 0x89, 0x0, 0xe3, 0x10, 0x2f, 0x1a, 0x99,
    0x29, 0x16, 0x0, 0x55, 0x2, 0xe2, 0xa, 0x13,
    0xbb, 0xc2, 0x1, 0xe9, 0xfd, 0x1e, 0x76, 0xe0,
    0x10, 0xf, 0xd2, 0xc2, 0xd4, 0x40, 0x1f, 0xcc,
    0xb0, 0xa6, 0x67, 0x10, 0xe, 0x7a, 0x8b, 0xc0,
    0xb9, 0x2, 0x30, 0x3, 0x68, 0x67, 0xf6, 0x14,
    0xaa, 0x7, 0x30, 0xd, 0xdb, 0xad, 0x58, 0x5d,
    0x28, 0x0, 0x66, 0x1, 0xd7, 0x10, 0xa, 0x27,
    0xc4, 0x8d, 0x30, 0x3, 0xe7, 0x4f, 0x20, 0xdc,
    0x44, 0x0, 0x7c, 0xf8, 0x20, 0xf, 0xf5, 0x80,
    0x0,

    /* U+573E "圾" */
    0x0, 0xf, 0x80, 0x3f, 0xfe, 0x20, 0xf, 0xdd,
    0x45, 0xdc, 0xa1, 0x20, 0xf, 0xc2, 0x2, 0x31,
    0x28, 0x4, 0x39, 0x80, 0xdb, 0x3, 0x70, 0x6,
    0x60, 0x2, 0x14, 0x40, 0x2e, 0x0, 0x80, 0x48,
    0x60, 0x1a, 0x20, 0x10, 0xe1, 0xc8, 0x6, 0x17,
    0xf6, 0x1, 0xf9, 0x41, 0x4f, 0xfc, 0x98, 0x1,
    0xf8, 0x89, 0xc0, 0x1, 0x45, 0x0, 0xf8, 0x45,
    0xe8, 0x80, 0x63, 0x20, 0xe, 0x7c, 0x64, 0x27,
    0xa2, 0x8f, 0x0, 0x96, 0x82, 0xea, 0x98, 0x10,
    0x5a, 0xc6, 0x0, 0x2a, 0x2c, 0xc1, 0x11, 0x40,
    0xc, 0x6, 0x1, 0x17, 0xc9, 0x8d, 0x31, 0x13,
    0x1e, 0xdf, 0x50, 0x3, 0xa4, 0xe4, 0xb5, 0xb5,
    0x35, 0x2d, 0x0, 0x34, 0x60, 0x17, 0x50, 0x5,
    0x3c, 0x80,

    /* U+5740 "址" */
    0x0, 0xf, 0x80, 0x79, 0x38, 0x3, 0xff, 0xb0,
    0x2a, 0xe0, 0xaa, 0xa, 0x20, 0xf, 0x8f, 0x30,
    0x19, 0x81, 0x51, 0x0, 0xf8, 0xa6, 0xc2, 0x64,
    0x20, 0x18, 0x7f, 0xe5, 0x0, 0xff, 0xe0, 0x66,
    0x48, 0x1, 0xff, 0x9, 0x9c, 0x20, 0x18, 0x58,
    0x40, 0x3f, 0xe2, 0xe, 0xb3, 0x0, 0xfe, 0x3c,
    0xc2, 0x5e, 0x90, 0x7, 0xf0, 0xae, 0xda, 0x0,
    0x7f, 0xc5, 0x24, 0x0, 0x22, 0x3, 0x11, 0x0,
    0x8a, 0x10, 0xe, 0xdd, 0x5, 0x6c, 0x8e, 0xed,
    0x0,

    /* U+5747 "均" */
    0x0, 0xfc, 0x20, 0x1f, 0x8b, 0xc0, 0x22, 0xe2,
    0x0, 0xff, 0xe0, 0x29, 0x10, 0x3, 0xff, 0x81,
    0x41, 0x33, 0xd0, 0x8, 0x80, 0x44, 0x29, 0x20,
    0x8e, 0x37, 0x29, 0xb0, 0x99, 0x43, 0xcc, 0x46,
    0xe1, 0x2d, 0xf0, 0xd5, 0x3d, 0xd1, 0x80, 0x42,
    0x1, 0xe8, 0xc5, 0xbc, 0x50, 0x8, 0xc0, 0x3c,
    0x40, 0xd7, 0xe0, 0x3, 0x0, 0xff, 0x25, 0x18,
    0x8, 0x80, 0xc, 0x17, 0xe6, 0x9, 0x3d, 0xc1,
    0xf7, 0x3d, 0xb4, 0xde, 0x9f, 0x91, 0xcd, 0x11,
    0x8a, 0x3a, 0xd8, 0x7b, 0x75, 0x4, 0x0, 0x22,
    0xa, 0x88, 0x4, 0x84, 0x0, 0x32, 0x44, 0x68,
    0x7, 0xfb, 0x75, 0x68, 0xa0, 0x1f, 0xee, 0xff,
    0x58, 0x0,

    /* U+574A "坊" */
    0x0, 0xff, 0x10, 0x7, 0xc3, 0xe0, 0x1e, 0xc3,
    0x0, 0xff, 0xe1, 0x25, 0x80, 0x7f, 0x99, 0xb1,
    0x83, 0x34, 0x60, 0x6a, 0x6, 0x9b, 0xaa, 0x92,
    0x3d, 0xd9, 0x8b, 0x2c, 0x32, 0xee, 0x81, 0xbb,
    0xe5, 0x2f, 0xe0, 0xff, 0x0, 0x7f, 0xf1, 0x84,
    0x5f, 0xfa, 0x0, 0x3f, 0x8c, 0xb7, 0x63, 0xe0,
    0xf, 0x8, 0x3, 0x1c, 0x8a, 0x3, 0x0, 0x8c,
    0x33, 0x8c, 0x13, 0xc0, 0x21, 0x10, 0x1d, 0xe9,
    0xd7, 0x1c, 0x2, 0x80, 0x44, 0xe0, 0x27, 0xb8,
    0xc2, 0x6f, 0x60, 0x10, 0x80, 0x81, 0x41, 0x0,
    0x13, 0x59, 0x40, 0x88, 0xc0, 0x40, 0x1c, 0x33,
    0x12, 0x0, 0xfd, 0x88, 0x0, 0x78, 0x75, 0x80,
    0x2d, 0xff, 0x38, 0x0,

    /* U+574D "坍" */
    0x0, 0xf, 0x80, 0x5d, 0xff, 0xe3, 0x0, 0xfe,
    0xae, 0xec, 0x1, 0xff, 0xd, 0x90, 0x88, 0x3,
    0x22, 0x1, 0x50, 0x2, 0xfd, 0x10, 0xc, 0x33,
    0x1, 0x1e, 0x1, 0x2a, 0x48, 0x6, 0x1d, 0xc0,
    0xdb, 0x0, 0xd1, 0xa0, 0x1f, 0xcd, 0xc3, 0x5d,
    0x97, 0xc1, 0xac, 0x1, 0xcf, 0x41, 0x15, 0x58,
    0x21, 0x0, 0x30, 0xa3, 0x83, 0x22, 0x60, 0x52,
    0x0, 0x20, 0x74, 0x29, 0x0, 0x7e, 0x2e, 0xa5,
    0xcd, 0xf4, 0x0, 0xfc, 0x51, 0xf4, 0x62, 0xd4,
    0x1, 0xfc, 0xc0, 0x15, 0x21, 0x80, 0x44, 0x40,
    0xf, 0x85, 0xe8, 0x2, 0x1d, 0xd1, 0x98, 0x3,
    0x87, 0x4, 0x2, 0x1f, 0xf6, 0x0, 0x0,

    /* U+574E "坎" */
    0x0, 0xfc, 0x20, 0x1f, 0xef, 0x10, 0xb, 0x18,
    0x3, 0xff, 0x82, 0x44, 0x70, 0xf, 0xfe, 0xa,
    0x5, 0x5d, 0xf2, 0x6, 0x60, 0x32, 0xc2, 0x9f,
    0xff, 0x72, 0x30, 0x4c, 0x82, 0xfd, 0xa, 0x10,
    0xd5, 0x0, 0x48, 0x15, 0x40, 0xe9, 0x32, 0x0,
    0x41, 0x87, 0x30, 0x7, 0x85, 0x5c, 0x4, 0x2,
    0xe9, 0x0, 0xf0, 0xc0, 0x0, 0xc1, 0xc1, 0x44,
    0x3, 0x92, 0x80, 0x24, 0xf, 0x0, 0xe1, 0x70,
    0xb2, 0x0, 0xb5, 0x14, 0x40, 0x21, 0xea, 0x9e,
    0x80, 0x2, 0x22, 0x56, 0x0, 0x21, 0xcd, 0x60,
    0x8, 0xee, 0xa, 0x19, 0x80, 0x11, 0x80, 0x67,
    0xc8, 0x70, 0x2a, 0x9a, 0x10, 0xe, 0x4a, 0xc7,
    0x0, 0x97, 0x18, 0x80, 0x39, 0x34, 0xc0, 0x38,
    0xf0, 0xc0,

    /* U+574F "坏" */
    0x0, 0xf, 0x81, 0xff, 0xff, 0x38, 0x7, 0x1e,
    0xee, 0x61, 0xdd, 0x98, 0x3, 0xc4, 0x51, 0xbb,
    0x11, 0x42, 0x8, 0x80, 0x53, 0x0, 0xac, 0x68,
    0x3, 0xc, 0xc0, 0x44, 0x80, 0x19, 0x44, 0x4,
    0x2, 0x1d, 0xc0, 0xda, 0x5, 0x92, 0xb, 0xf3,
    0x0, 0xfc, 0xd4, 0xb2, 0x13, 0x18, 0xa0, 0x1e,
    0x99, 0x45, 0x0, 0x4d, 0x74, 0xa0, 0x1d, 0x5a,
    0xe0, 0x1c, 0x98, 0xa0, 0x3, 0xc, 0xc1, 0x80,
    0x7c, 0x60, 0x57, 0xa7, 0x5c, 0x20, 0x1f, 0xc4,
    0x7b, 0x8c, 0x20, 0x1f, 0xf4, 0x10, 0x7, 0xff,
    0x44,

    /* U+5750 "坐" */
    0x0, 0x85, 0x80, 0x15, 0x20, 0x2, 0x40, 0xf,
    0x35, 0x80, 0x7a, 0xf8, 0x3, 0xd6, 0xa0, 0x1e,
    0x7f, 0x0, 0xe2, 0x32, 0x0, 0xe5, 0x11, 0x0,
    0x74, 0x23, 0x50, 0x6, 0xb5, 0xb4, 0x0, 0x99,
    0x67, 0x5e, 0x40, 0x16, 0x55, 0x76, 0x40, 0x29,
    0xa2, 0x1c, 0xa0, 0x57, 0xd0, 0x4a, 0xa0, 0x16,
    0xa8, 0x0, 0x4c, 0x17, 0x4, 0x0, 0xbe, 0x0,
    0x2e, 0xee, 0x56, 0xee, 0xe0, 0xd, 0xbb, 0xc8,
    0xbb, 0xbc, 0x20, 0x11, 0x9f, 0x9, 0x9f, 0x80,
    0x3f, 0xf8, 0xe4, 0x5e, 0x13, 0x22, 0xf0, 0x16,
    0xef, 0x91, 0x77, 0x7c, 0x60,

    /* U+5751 "坑" */
    0x0, 0xfe, 0x11, 0x0, 0x7c, 0x3e, 0x1, 0xd3,
    0xa0, 0x1f, 0xfc, 0x29, 0x23, 0x0, 0xff, 0x56,
    0xeb, 0xf, 0xb7, 0x68, 0xc, 0xc0, 0x65, 0xf4,
    0xcf, 0xeb, 0xa, 0xa0, 0x57, 0x22, 0x7f, 0x18,
    0x33, 0x1, 0x94, 0x13, 0xff, 0x84, 0x3, 0xfe,
    0xdd, 0x60, 0x7, 0xff, 0x0, 0x48, 0x86, 0x1,
    0xfc, 0x60, 0x1f, 0xfc, 0x3, 0xd, 0xd0, 0x91,
    0x0, 0x3e, 0x1a, 0xd3, 0xbe, 0x1c, 0x50, 0xe,
    0x24, 0x0, 0x66, 0x18, 0x9, 0x68, 0x3, 0x87,
    0x86, 0x8c, 0x0, 0x3e, 0xa6, 0x1, 0x89, 0x4c,
    0x3, 0xa1, 0xa8, 0x3, 0x26, 0x45, 0x0, 0x74,
    0xd8, 0x7, 0x5f, 0xf1, 0x80,

    /* U+5757 "块" */
    0x0, 0x17, 0x80, 0x76, 0x28, 0x7, 0xff, 0x3d,
    0x73, 0x7, 0x19, 0x91, 0x0, 0x33, 0xc3, 0x25,
    0x3b, 0x85, 0x5d, 0xc3, 0x0, 0xa6, 0xc2, 0x68,
    0x48, 0x82, 0x45, 0x0, 0x65, 0x40, 0x53, 0x0,
    0x84, 0x3, 0xff, 0x90, 0x20, 0x1f, 0x7f, 0xc5,
    0x5f, 0xe0, 0xc4, 0x0, 0xc4, 0xfd, 0xcc, 0x0,
    0x57, 0x74, 0x80, 0x4, 0xd, 0xe1, 0x12, 0x1b,
    0xf0, 0x8c, 0x5, 0xd2, 0xfd, 0x20, 0x33, 0x54,
    0x44, 0x0, 0x45, 0x1f, 0x2, 0x0, 0xa2, 0x62,
    0x8a, 0x20, 0x9, 0x80, 0x22, 0xc6, 0xd0, 0x3,
    0xa6, 0x28, 0x7, 0xe, 0x36, 0x8, 0x5, 0x4d,
    0x48, 0x1, 0x87, 0xe8, 0x40, 0x3a, 0x39, 0x0,

    /* U+575A "坚" */
    0x0, 0xff, 0xe2, 0x9f, 0x1, 0x70, 0x77, 0xff,
    0x84, 0x3, 0xf5, 0xf, 0x7f, 0x9d, 0x44, 0x3,
    0xf2, 0x2b, 0x0, 0xb4, 0x80, 0x7f, 0xa6, 0x49,
    0xb2, 0x60, 0x1f, 0xe2, 0x9b, 0x7, 0x0, 0xff,
    0x14, 0xc2, 0x1d, 0x98, 0x4, 0x52, 0x1, 0x26,
    0xb4, 0x5e, 0x2e, 0x71, 0x0, 0xb8, 0x0, 0xd1,
    0x18, 0xe0, 0x7e, 0xc4, 0x40, 0xc, 0x5a, 0x1a,
    0xc0, 0x10, 0xce, 0x0, 0x4f, 0xbb, 0xa6, 0xb7,
    0x73, 0x80, 0x66, 0xff, 0xc8, 0xbf, 0xf9, 0x80,
    0x30, 0x91, 0x61, 0x32, 0x2c, 0x20, 0x1f, 0xfc,
    0x62, 0xff, 0xf2, 0xb7, 0xff, 0x8c,

    /* U+575B "坛" */
    0x0, 0x17, 0x88, 0x0, 0x8b, 0xe1, 0x0, 0xf8,
    0x77, 0x7e, 0x90, 0xf, 0x87, 0xff, 0xe8, 0x2,
    0xcf, 0xc, 0xb0, 0xf, 0xf1, 0x4d, 0x5, 0xf8,
    0x7, 0xfc, 0xaa, 0x7, 0x44, 0xff, 0x8, 0x7,
    0xa2, 0x65, 0x75, 0x33, 0x94, 0x3, 0xd9, 0xb8,
    0x17, 0xbb, 0x90, 0x3, 0xf4, 0x92, 0x80, 0x80,
    0x7c, 0x94, 0x0, 0x6b, 0x0, 0x63, 0x0, 0x42,
    0xa1, 0x64, 0xe, 0x6c, 0x0, 0xbb, 0x0, 0x7,
    0xaa, 0x7a, 0x6, 0x24, 0x0, 0x2a, 0x4c, 0x3,
    0x7a, 0xc0, 0xd, 0x8, 0xdf, 0xec, 0x1b, 0x0,
    0x20, 0x6, 0x56, 0xb8, 0xce, 0xfe, 0x25, 0x0,
    0xf4, 0xc9, 0xd4, 0xc4, 0x1, 0x8a,

    /* U+575D "坝" */
    0x0, 0xf, 0x80, 0xf, 0xff, 0xe4, 0x0, 0xfe,
    0xff, 0xe1, 0x0, 0xff, 0xe0, 0x48, 0x80, 0x62,
    0xcc, 0x6, 0x58, 0x6, 0x60, 0xe, 0x28, 0xb0,
    0x9f, 0x0, 0xff, 0x91, 0xc1, 0x50, 0x3, 0xff,
    0x8e, 0x20, 0x20, 0x1f, 0xfc, 0x12, 0x0, 0xff,
    0x46, 0x80, 0x4c, 0x40, 0x1e, 0x4b, 0x3, 0x90,
    0xb, 0x10, 0x3, 0x92, 0xcf, 0x6d, 0xf, 0x85,
    0xb2, 0x47, 0xd0, 0x13, 0xa4, 0x80, 0x36, 0xa2,
    0xf7, 0xa8, 0x4, 0x20, 0x10, 0xbf, 0xbd, 0x83,
    0xd5, 0x18, 0x3, 0xc9, 0x95, 0x60, 0x12, 0x66,
    0x0,

    /* U+575E "坞" */
    0x0, 0xff, 0xe2, 0x97, 0x80, 0x74, 0xd0, 0x7,
    0xf8, 0xbf, 0xcc, 0xbf, 0xf0, 0x7, 0xf7, 0x76,
    0xa1, 0x1, 0x6a, 0x6, 0x60, 0x80, 0x8e, 0x3,
    0x3, 0xa5, 0xa, 0xa0, 0x7, 0xb1, 0xc0, 0xb3,
    0xc3, 0x30, 0x20, 0x13, 0xe1, 0x48, 0x7, 0xfc,
    0xf9, 0x66, 0x1, 0xfd, 0xff, 0xec, 0x0, 0xe1,
    0x2e, 0xef, 0x48, 0x7, 0x57, 0x8, 0xfc, 0x0,
    0x18, 0xf1, 0xdc, 0xef, 0xfe, 0xa1, 0x70, 0x29,
    0xe7, 0x3f, 0xff, 0x57, 0x88, 0xa9, 0x0, 0x3f,
    0xc7, 0xa0, 0x1f, 0xe2, 0xff, 0x32, 0x80, 0x7f,
    0x8b, 0xfd, 0xa4,

    /* U+575F "坟" */
    0x0, 0xff, 0xe3, 0x17, 0x80, 0x75, 0x50, 0x3,
    0xff, 0x85, 0x68, 0xc0, 0x1f, 0xe6, 0x69, 0xd7,
    0x59, 0xa3, 0xc, 0xf0, 0xc8, 0xeb, 0xb7, 0x91,
    0x2a, 0x3d, 0xc2, 0x6c, 0x26, 0xe2, 0xc6, 0x66,
    0x57, 0x94, 0x5, 0x40, 0x53, 0x4, 0x30, 0x9,
    0x30, 0x3, 0xf8, 0x88, 0xa0, 0x24, 0x80, 0x1f,
    0xe5, 0x90, 0x93, 0x10, 0xf, 0x14, 0x0, 0x24,
    0xd5, 0xe0, 0x3, 0x90, 0x34, 0x40, 0x2, 0xf4,
    0x68, 0x1, 0x17, 0x43, 0xf4, 0x80, 0x73, 0x80,
    0x62, 0xbe, 0x81, 0x0, 0xd, 0xb5, 0x36, 0x8,
    0x4, 0xa0, 0x11, 0xcf, 0x7, 0xae, 0x7, 0x49,
    0x0, 0x75, 0x96, 0x58, 0x80, 0xe5, 0x90, 0x0,

    /* U+5760 "坠" */
    0x0, 0xff, 0xe2, 0xb7, 0xfe, 0x90, 0x1, 0xf8,
    0x7, 0xc7, 0xd6, 0x36, 0x0, 0x60, 0xf, 0xe1,
    0x8b, 0x20, 0x6, 0x82, 0x0, 0x7e, 0xb9, 0x20,
    0x2, 0x96, 0x80, 0x7e, 0x74, 0x90, 0x32, 0xf7,
    0x20, 0xf, 0x26, 0x39, 0x87, 0x39, 0x37, 0x0,
    0x79, 0x3f, 0x66, 0xc6, 0x2, 0x2, 0xc8, 0x3,
    0x8c, 0x38, 0x70, 0x2, 0xd0, 0xd1, 0x4, 0x80,
    0x1, 0x6f, 0xa8, 0x4, 0x37, 0x82, 0x4, 0xa2,
    0x31, 0xff, 0x84, 0x78, 0xc0, 0x2b, 0xee, 0xca,
    0xae, 0xed, 0xa0, 0x1a, 0xbf, 0xf3, 0x33, 0xff,
    0x60, 0x7, 0xf1, 0x80, 0x7e, 0x1f, 0xff, 0x2b,
    0x7f, 0xf8, 0x40,

    /* U+5761 "坡" */
    0x0, 0xf, 0x80, 0x7b, 0x8c, 0x3, 0xfe, 0x11,
    0x81, 0x84, 0x60, 0xf, 0xa3, 0xb3, 0x3, 0x79,
    0xfc, 0x61, 0x98, 0xc, 0xa0, 0x7d, 0xd0, 0xee,
    0xa8, 0x4c, 0x26, 0xc2, 0x78, 0x3, 0xed, 0x70,
    0x2, 0xb8, 0x2a, 0x0, 0x8c, 0xc, 0x37, 0x0,
    0x1f, 0x9b, 0xb8, 0x35, 0xda, 0xc0, 0x1f, 0xb,
    0x87, 0x7f, 0xb8, 0x18, 0x3, 0x89, 0x4b, 0x56,
    0x0, 0x12, 0x82, 0x1, 0x20, 0x6f, 0xb3, 0x21,
    0x8c, 0xcf, 0x0, 0x1, 0xda, 0x6d, 0x82, 0x32,
    0x9d, 0xe8, 0x30, 0x0, 0xdf, 0x49, 0x52, 0x80,
    0x10, 0x49, 0x0, 0x33, 0x8, 0x13, 0xf0, 0xbe,
    0xbb, 0xb2, 0x8, 0x3, 0xa9, 0x97, 0xef, 0x22,
    0x18, 0x7a, 0x60, 0x1a, 0x24, 0x7f, 0xc, 0x0,
    0x77, 0xc6,

    /* U+5764 "坤" */
    0x0, 0x17, 0x80, 0x7b, 0x8c, 0x3, 0xf8, 0x48,
    0xa0, 0x62, 0x28, 0x3, 0xd3, 0xbb, 0xd, 0x6e,
    0xb0, 0x22, 0xc2, 0x18, 0x1b, 0xfc, 0x39, 0xf8,
    0x0, 0xf0, 0xf, 0xfe, 0x13, 0xd8, 0x43, 0x3,
    0x7f, 0x87, 0x3f, 0x0, 0x3f, 0x2e, 0xe8, 0x6b,
    0x68, 0x3, 0xf1, 0x91, 0x1, 0x89, 0x80, 0x3c,
    0x80, 0x64, 0x40, 0x62, 0x60, 0x8, 0x43, 0xa0,
    0x17, 0x74, 0x35, 0xb4, 0x3, 0x78, 0xbb, 0x9d,
    0x1f, 0xe1, 0xcf, 0xd7, 0x1d, 0xea, 0x30, 0x67,
    0x0, 0xe2, 0x90, 0x61, 0x0, 0xff, 0xe7, 0x80,

    /* U+5766 "坦" */
    0x0, 0xf, 0x80, 0x5d, 0xff, 0xe4, 0x0, 0xfe,
    0xad, 0xdc, 0x1, 0xff, 0x31, 0x16, 0x10, 0xa,
    0xac, 0x2a, 0x0, 0x3f, 0xe3, 0x0, 0xf3, 0x11,
    0x61, 0x0, 0xa6, 0xc2, 0xa0, 0x1, 0x5b, 0xb8,
    0x3, 0xfe, 0xcf, 0xfc, 0x20, 0x1f, 0xfc, 0xa3,
    0x70, 0xf, 0xf8, 0x58, 0x33, 0x0, 0xd, 0xee,
    0xc2, 0x0, 0x3e, 0x86, 0xdb, 0xd, 0xdf, 0x62,
    0x81, 0xc7, 0x49, 0x0, 0xc, 0xfe, 0x10, 0x3,
    0x88, 0x0, 0x8b, 0xfc, 0x20, 0x18, 0xb7, 0x7f,
    0xcc,

    /* U+576A "坪" */
    0x0, 0x35, 0x1, 0x7f, 0xfe, 0xe0, 0xf, 0x16,
    0xed, 0x41, 0xbb, 0x60, 0x7, 0xcc, 0xa4, 0xc0,
    0x44, 0x91, 0x2, 0xc8, 0x4c, 0x27, 0xa0, 0xc,
    0x28, 0x40, 0x52, 0xe5, 0x26, 0x62, 0x10, 0x9,
    0xc, 0x40, 0xb, 0xec, 0xa2, 0x6, 0xa0, 0x17,
    0xd0, 0x7, 0xf7, 0xa8, 0x5, 0x2e, 0x1, 0xf3,
    0xe7, 0xef, 0x6, 0x7e, 0xe2, 0x0, 0x61, 0x29,
    0x9a, 0x82, 0x67, 0x28, 0x3, 0xd7, 0x8d, 0x56,
    0x40, 0x55, 0xc2, 0x7e, 0xee, 0xe6, 0x0, 0xff,
    0x1d, 0xf4, 0x8, 0x7, 0xff, 0x1, 0x0, 0x3f,
    0xfa, 0x40,

    /* U+576F "坯" */
    0x0, 0x26, 0x80, 0x37, 0xff, 0xf0, 0x80, 0x7b,
    0x3b, 0xa5, 0x3e, 0xe8, 0x40, 0x3c, 0x23, 0x1a,
    0xd0, 0x8c, 0x2, 0x86, 0x64, 0x40, 0x5, 0x20,
    0xe0, 0x18, 0xe2, 0x86, 0x3c, 0x0, 0x88, 0x15,
    0x10, 0x8, 0xb2, 0x4b, 0x2c, 0x6, 0x80, 0x7b,
    0x4, 0x3, 0xf0, 0xe1, 0xd0, 0xd2, 0xe0, 0x80,
    0x78, 0xb0, 0x3d, 0x80, 0x10, 0x98, 0x20, 0x1c,
    0x2b, 0xa4, 0x1, 0xa6, 0xc4, 0x0, 0x25, 0xba,
    0x80, 0xf, 0x98, 0xf, 0x69, 0x67, 0x80, 0x3f,
    0xc5, 0x7d, 0x48, 0x1, 0x8a, 0xc0, 0x38, 0x58,
    0x40, 0x21, 0x18, 0x10, 0x47, 0x0, 0x79, 0x7b,
    0xbf, 0x90,

    /* U+5777 "坷" */
    0x0, 0xf, 0x80, 0x3f, 0xff, 0xa0, 0x3, 0xdb,
    0xbf, 0x4, 0xc8, 0x3, 0xc4, 0x5f, 0x1, 0x8,
    0x55, 0x2, 0xa4, 0x4, 0x70, 0x7, 0x8c, 0x40,
    0xc4, 0x5d, 0xd8, 0x80, 0x3a, 0x6c, 0x26, 0x0,
    0xbf, 0xc4, 0x1, 0xff, 0xe0, 0x31, 0x11, 0x80,
    0x7f, 0x3e, 0x80, 0xf7, 0x4, 0x3, 0xcb, 0x41,
    0xb2, 0x5, 0xff, 0x10, 0x6, 0x18, 0xce, 0xa4,
    0x1d, 0x0, 0xfc, 0x3a, 0xe2, 0x1, 0xc2, 0x66,
    0x40, 0x70, 0xf, 0xfb, 0x31, 0x4a, 0x60,

    /* U+5782 "垂" */
    0x0, 0xc2, 0x46, 0x8a, 0xf1, 0x7a, 0xc0, 0x1b,
    0x3f, 0xb7, 0x57, 0x6d, 0x1c, 0x97, 0x0, 0xd9,
    0xff, 0x73, 0x25, 0x4b, 0xa0, 0x80, 0x7f, 0xf1,
    0xd7, 0xff, 0x99, 0x7f, 0xf9, 0x40, 0xb, 0xae,
    0x5b, 0xa5, 0x4d, 0xd1, 0xb6, 0xa0, 0x4, 0x5c,
    0x4, 0x43, 0x12, 0x23, 0x89, 0x8, 0x16, 0xea,
    0xb, 0x74, 0xeb, 0xba, 0x46, 0xdd, 0x11, 0x26,
    0x4e, 0x33, 0x25, 0x39, 0x91, 0x24, 0xc8, 0x81,
    0x11, 0xe6, 0x88, 0x26, 0x44, 0x31, 0x22, 0x0,
    0x2, 0x5c, 0x4, 0x43, 0x12, 0x23, 0x89, 0x8,
    0x1, 0xf5, 0xcb, 0x74, 0xa9, 0xba, 0x36, 0xd6,
    0x0, 0x37, 0xff, 0x32, 0xff, 0xf3, 0x80, 0x42,
    0x3c, 0x62, 0x3e, 0x0, 0xd7, 0xdd, 0x95, 0x3b,
    0xb5, 0x80, 0x0,

    /* U+5783 "垃" */
    0x0, 0xff, 0x10, 0x7, 0xc5, 0xe0, 0x1c, 0xbe,
    0x1, 0xff, 0xc2, 0x52, 0x20, 0x7, 0xf8, 0xd1,
    0x25, 0x44, 0xc0, 0x4, 0x40, 0x21, 0xd4, 0xcc,
    0xf7, 0x33, 0x0, 0xc5, 0x84, 0x54, 0xee, 0xf6,
    0x7e, 0x80, 0xe7, 0x86, 0x48, 0x3c, 0x80, 0x4d,
    0xe0, 0x1f, 0xc4, 0xa0, 0x17, 0x38, 0x7, 0xf3,
    0x98, 0x4, 0x5a, 0x1, 0xfc, 0x40, 0x60, 0x5,
    0x30, 0xf, 0xb, 0x80, 0x9, 0x80, 0x44, 0xa0,
    0x19, 0x43, 0xac, 0x0, 0xfa, 0xa, 0x42, 0x0,
    0x2f, 0x96, 0xdc, 0x0, 0x18, 0x0, 0xdc, 0x2,
    0x2a, 0xe9, 0x20, 0x22, 0x5d, 0x15, 0xe9, 0x10,
    0x41, 0x40, 0x26, 0xdd, 0xe3, 0x8d, 0xd3, 0x0,

    /* U+5784 "垄" */
    0x0, 0xff, 0xe4, 0x8f, 0x90, 0x16, 0xb0, 0x7,
    0x11, 0x64, 0x0, 0x10, 0x45, 0x61, 0x10, 0x1,
    0xdf, 0xf5, 0x7, 0xee, 0xa0, 0x45, 0xfe, 0x30,
    0xcd, 0xd8, 0xa7, 0x5d, 0x77, 0x48, 0xba, 0x60,
    0x19, 0x49, 0x80, 0x24, 0xd5, 0xa0, 0xe, 0x2b,
    0x90, 0x12, 0x58, 0x86, 0x13, 0x88, 0x1, 0x31,
    0xb, 0x3d, 0xcb, 0x90, 0x4e, 0x48, 0x2e, 0xcd,
    0x4d, 0xfd, 0xc0, 0xde, 0xe6, 0x29, 0x84, 0x64,
    0x1, 0x1a, 0xde, 0xff, 0xeb, 0x0, 0x19, 0x84,
    0x76, 0xa0, 0x8f, 0x0, 0x65, 0xee, 0xce, 0x7d,
    0xdb, 0xc0, 0x32, 0xff, 0xe8, 0x3f, 0xfd, 0xc0,
    0x1f, 0xfc, 0x61, 0xff, 0xf4, 0x1f, 0xff, 0x9c,

    /* U+578B "型" */
    0x6, 0xff, 0xf6, 0x86, 0xa0, 0x6a, 0x0, 0x1b,
    0xc6, 0xfc, 0xeb, 0x40, 0x3f, 0xc6, 0xe0, 0x1f,
    0xfc, 0x4, 0x41, 0xa2, 0x7, 0x50, 0x3, 0xf7,
    0xc0, 0xdc, 0x12, 0xc1, 0x0, 0x7d, 0x7e, 0x39,
    0x83, 0x8c, 0x29, 0x50, 0xf, 0x43, 0x0, 0x79,
    0x4, 0x3, 0xa9, 0xe0, 0x0, 0xa2, 0x1, 0x77,
    0x9b, 0x0, 0x23, 0x0, 0x29, 0xcb, 0x0, 0x7f,
    0x70, 0x80, 0x4, 0x44, 0x4c, 0x4e, 0x88, 0x55,
    0x10, 0x6, 0x58, 0x8c, 0x85, 0x11, 0x94, 0x3,
    0x3e, 0x66, 0x65, 0xcc, 0xce, 0x1, 0x8, 0xfc,
    0x2, 0x3e, 0x3, 0xee, 0xf3, 0x27, 0x77, 0x8c,

    /* U+5792 "垒" */
    0x0, 0xf2, 0x90, 0x7, 0xff, 0x6, 0x60, 0x40,
    0x6c, 0xc0, 0x3e, 0x4d, 0x1d, 0x30, 0x1f, 0xd6,
    0x0, 0xe9, 0xb3, 0x5d, 0xee, 0xa8, 0xe1, 0xc0,
    0x35, 0x3d, 0x7e, 0x77, 0x53, 0x9b, 0xc0, 0x1c,
    0xcc, 0x41, 0x0, 0x2d, 0xd, 0xc0, 0x6, 0xfb,
    0x2c, 0x80, 0x4, 0x70, 0x2, 0x80, 0x2a, 0x10,
    0x70, 0x71, 0xc1, 0x48, 0x24, 0x50, 0x3, 0x8f,
    0xfb, 0x4d, 0xdc, 0xdf, 0xf4, 0x70, 0x3, 0x72,
    0xa1, 0xf4, 0x76, 0xa1, 0xd5, 0xec, 0x2, 0x34,
    0x49, 0x6f, 0x51, 0x31, 0x80, 0x64, 0xff, 0xc4,
    0xbf, 0xf9, 0x0, 0x33, 0xdd, 0xe4, 0x7b, 0xbc,
    0xe0, 0x10, 0x8f, 0x80, 0x2, 0x3e, 0x2, 0xee,
    0xf2, 0xb7, 0x77, 0x88,

    /* U+579B "垛" */
    0x0, 0x1f, 0x80, 0x6f, 0xfd, 0xc0, 0x1f, 0xfc,
    0xc, 0xfb, 0x0, 0xff, 0x8c, 0xc, 0x1c, 0x3,
    0xaf, 0xc2, 0xe4, 0x10, 0xc0, 0x3f, 0x72, 0x7,
    0x6a, 0x44, 0x80, 0x8, 0x6e, 0xc2, 0xb, 0x60,
    0xa9, 0x90, 0xa3, 0xc7, 0xb1, 0x1, 0x0, 0xf4,
    0x38, 0x0, 0x40, 0x8c, 0xc0, 0x1f, 0x77, 0x60,
    0xde, 0xe9, 0x0, 0x3d, 0x98, 0xa0, 0xa, 0xb3,
    0x8, 0x1, 0xab, 0x48, 0x90, 0x80, 0xb0, 0x44,
    0x1, 0x8d, 0x3, 0xe0, 0xa7, 0x90, 0x86, 0xb1,
    0x0, 0x24, 0x7c, 0x8e, 0x35, 0x18, 0x2, 0x83,
    0xcc, 0x71, 0x80, 0x16, 0xb8, 0x20, 0x1a, 0xd9,
    0xc0, 0x3a, 0x64, 0x1, 0xf4, 0x20,

    /* U+57A2 "垢" */
    0x0, 0xff, 0xe3, 0x1f, 0x80, 0x1f, 0xfd, 0xd9,
    0x72, 0xc4, 0x1, 0xf7, 0xbf, 0xf6, 0x5c, 0xb1,
    0x0, 0x7f, 0xf1, 0xaa, 0x2, 0x9c, 0x4, 0x7f,
    0x0, 0xc, 0x40, 0xc4, 0x1b, 0xbb, 0xe5, 0x9,
    0x90, 0x4b, 0x3, 0xff, 0xfc, 0xa0, 0x1f, 0xfc,
    0xa2, 0xed, 0xff, 0xec, 0x0, 0xf8, 0x4c, 0xd5,
    0xbb, 0x40, 0x7, 0xa2, 0x9c, 0x41, 0x88, 0xb0,
    0x4, 0xde, 0x7, 0xc6, 0xc0, 0x1f, 0x86, 0x13,
    0xac, 0x4, 0x81, 0xc4, 0x63, 0x0, 0xf, 0x40,
    0x87, 0xb8, 0x2, 0xfb, 0xa9, 0x0, 0xf1, 0x24,
    0x0, 0x33, 0xfe, 0xa0, 0xf, 0x17, 0x8, 0x71,
    0x80, 0x4b, 0x80,

    /* U+57A3 "垣" */
    0x0, 0x17, 0x80, 0xff, 0xff, 0x18, 0x7, 0xf,
    0x77, 0xf1, 0x80, 0x78, 0x47, 0xf8, 0x0, 0x88,
    0x4, 0x30, 0xaa, 0xf8, 0x0, 0x33, 0x61, 0x32,
    0x5, 0x3d, 0xd8, 0x94, 0x40, 0x77, 0xc3, 0x68,
    0x1, 0x6e, 0xf4, 0x80, 0x7f, 0xdf, 0xbb, 0x60,
    0x7, 0xfd, 0x1f, 0xf7, 0x0, 0x7e, 0x40, 0x3,
    0x91, 0x60, 0xe, 0x10, 0xeb, 0x10, 0x61, 0x18,
    0x80, 0x22, 0xbc, 0x29, 0xe1, 0x15, 0xf7, 0x58,
    0x1, 0x18, 0x5e, 0xb8, 0x87, 0x7f, 0xf8, 0x40,
    0x6d, 0x0, 0x2, 0x3f, 0xe0, 0xe, 0x5e, 0xef,
    0xf3, 0x80,

    /* U+57A6 "垦" */
    0x0, 0x17, 0xf7, 0x7e, 0xd0, 0xf, 0xbb, 0xbe,
    0xb0, 0xf, 0xdb, 0x99, 0xeb, 0x0, 0xfd, 0xb9,
    0x9e, 0xb0, 0xf, 0xdd, 0xd7, 0xfb, 0xb9, 0x62,
    0xa0, 0x1e, 0xee, 0xa8, 0xbf, 0xb8, 0xf2, 0x20,
    0x10, 0x80, 0x67, 0xac, 0x6d, 0x3c, 0x10, 0x9,
    0x82, 0x73, 0xf9, 0xfa, 0xcf, 0xcc, 0x3, 0x12,
    0x74, 0x74, 0x99, 0xb6, 0xb7, 0x58, 0x1, 0x3d,
    0xba, 0xf, 0x58, 0x1, 0x2b, 0xb0, 0x2, 0x8f,
    0xfc, 0x8f, 0xff, 0x9c, 0x3, 0x47, 0xfe, 0x57,
    0xff, 0xce, 0x1, 0xfc, 0x20, 0x1f, 0xdf, 0xfe,
    0x47, 0xff, 0xf0, 0x0,

    /* U+57AB "垫" */
    0x0, 0xa6, 0x0, 0x36, 0x28, 0x7, 0xbf, 0xcc,
    0xff, 0x1f, 0xe3, 0xaf, 0xf4, 0x0, 0x5b, 0xa5,
    0x6d, 0x9e, 0xe0, 0xe7, 0x30, 0x6, 0x22, 0x18,
    0xa, 0xc3, 0x89, 0x88, 0x80, 0x21, 0x69, 0x76,
    0xd3, 0xdb, 0x1, 0x0, 0xf5, 0x81, 0x37, 0x3a,
    0x30, 0xfa, 0x78, 0x80, 0x7, 0x65, 0x44, 0x0,
    0xa9, 0x91, 0x2, 0x22, 0xb8, 0x9, 0x10, 0x0,
    0xf5, 0x24, 0xd8, 0x88, 0x91, 0x5, 0xf7, 0xa0,
    0x45, 0x30, 0x8, 0x6d, 0x18, 0x13, 0x38, 0x8,
    0x43, 0xc8, 0xb2, 0xc0, 0x5, 0x3f, 0xf9, 0x55,
    0xff, 0xa0, 0x3, 0x46, 0xee, 0x66, 0x6e, 0xe9,
    0x0, 0xfe, 0x30, 0xf, 0xc3, 0xff, 0xe5, 0x6f,
    0xff, 0x10,

    /* U+57AE "垮" */
    0x0, 0xff, 0x8, 0x7, 0xc5, 0xe0, 0x1c, 0x9e,
    0x1, 0xff, 0x11, 0x5c, 0xa4, 0x58, 0x3, 0xef,
    0xcd, 0x55, 0x6e, 0x64, 0x40, 0xca, 0xc, 0xbb,
    0xe5, 0x3d, 0x25, 0xdc, 0x20, 0xfd, 0xc, 0xd3,
    0xca, 0x60, 0x65, 0xc2, 0x0, 0x4c, 0x5, 0x7e,
    0xac, 0x7f, 0xcf, 0x58, 0x80, 0x1c, 0xdf, 0x1f,
    0xfb, 0x9b, 0x10, 0x3, 0x87, 0x37, 0x7e, 0xe0,
    0xf, 0xbf, 0xc1, 0x7f, 0xfb, 0x80, 0x39, 0xac,
    0x8c, 0x90, 0xcf, 0x10, 0x1, 0x20, 0x2f, 0x1,
    0x3, 0x7b, 0xb0, 0x80, 0xd1, 0xe6, 0xb8, 0x2f,
    0xff, 0x0, 0x80, 0xf4, 0x98, 0x7, 0xe5, 0x30,
    0xf, 0xfb, 0x7f, 0xd7, 0x20, 0x1f, 0xf6, 0xff,
    0xb9, 0x40, 0x0,

    /* U+57C2 "埂" */
    0x0, 0x17, 0x80, 0x3f, 0xff, 0x98, 0x3, 0xdf,
    0xf8, 0x33, 0xfe, 0x60, 0xf, 0xf8, 0x40, 0x39,
    0xe8, 0x1d, 0x67, 0xfe, 0xd, 0xff, 0x80, 0x1e,
    0x21, 0xe6, 0xf, 0xfe, 0xd, 0xfd, 0x0, 0xa2,
    0xc2, 0x18, 0x1b, 0x30, 0x1f, 0x9e, 0x1, 0xfc,
    0xfb, 0xa0, 0x9d, 0x90, 0xf, 0xe1, 0x18, 0x1c,
    0x5c, 0x3, 0xf0, 0xb7, 0x70, 0x37, 0xb4, 0x40,
    0x39, 0x6a, 0xdf, 0xb4, 0x3b, 0xb0, 0x1, 0x20,
    0x23, 0x4d, 0x62, 0x54, 0x3, 0x86, 0xc2, 0xf5,
    0xc3, 0x9d, 0x60, 0x3, 0x87, 0xe9, 0x0, 0x7,
    0x22, 0x7b, 0x26, 0x1, 0xf1, 0xf6, 0x9f, 0xe6,
    0xf, 0x7f, 0x94, 0x3, 0x1e, 0xf4, 0x8, 0x1d,
    0x77, 0x29, 0x40,

    /* U+57C3 "埃" */
    0x0, 0xfe, 0x10, 0xf, 0xc3, 0xe0, 0x18, 0x71,
    0xc4, 0xc0, 0x3f, 0xed, 0x57, 0x2d, 0x30, 0xf,
    0xc5, 0x81, 0xac, 0x8b, 0xa4, 0x0, 0xcc, 0x6,
    0x4a, 0x3, 0xe7, 0x6, 0xbf, 0x0, 0x26, 0xc2,
    0x75, 0xbd, 0x26, 0x1d, 0xa7, 0x80, 0xa, 0xe0,
    0xa8, 0x12, 0x62, 0x3c, 0x60, 0x1f, 0x22, 0x9f,
    0x77, 0x48, 0x7, 0xd4, 0xff, 0xe0, 0xef, 0xf4,
    0x0, 0x70, 0xa6, 0xc8, 0x90, 0x18, 0x8c, 0x1,
    0x28, 0x76, 0xe7, 0x73, 0x43, 0x7b, 0xa4, 0x1d,
    0xb6, 0xd9, 0xff, 0x94, 0x17, 0xfe, 0x41, 0xae,
    0x92, 0x0, 0x99, 0x71, 0xdc, 0x1, 0x9c, 0x40,
    0x21, 0x99, 0x59, 0xfc, 0x40, 0x40, 0x3c, 0xbc,
    0x5a, 0x80, 0x5a, 0x5c, 0x60, 0x1c, 0xbb, 0x64,
    0x1, 0x15, 0x69, 0x80,

    /* U+57CB "埋" */
    0x0, 0xf, 0x80, 0x1f, 0xff, 0xee, 0x0, 0xfc,
    0xbf, 0xe0, 0xcf, 0xb0, 0xf, 0xfe, 0x0, 0x88,
    0x1c, 0x2, 0xcc, 0x6, 0x50, 0x26, 0x60, 0x7f,
    0x38, 0x2, 0x9b, 0x9, 0xe0, 0x5f, 0xf0, 0x47,
    0xd8, 0x4, 0xae, 0xa, 0x80, 0x26, 0x61, 0x73,
    0x50, 0xf, 0xe6, 0x44, 0xa, 0xa2, 0x0, 0x3f,
    0x13, 0xfc, 0x5, 0x7e, 0x28, 0x7, 0x1b, 0xad,
    0xdb, 0x2, 0x6e, 0xe0, 0x0, 0xc8, 0x68, 0x4e,
    0xec, 0x15, 0xbb, 0x11, 0x39, 0xa3, 0x9e, 0xfb,
    0xa0, 0x8e, 0xe8, 0x89, 0x3c, 0xe0, 0x2, 0x33,
    0x80, 0x8c, 0xe0, 0x3, 0x0, 0x42, 0x38, 0x80,
    0x47, 0x80, 0x3b, 0xfb, 0xad, 0xa, 0xee, 0xa8,

    /* U+57CE "城" */
    0x0, 0x1e, 0x80, 0x78, 0x7d, 0x2c, 0x40, 0x3f,
    0xf8, 0x29, 0xd4, 0x1, 0xf7, 0x7f, 0xdc, 0x1f,
    0x48, 0xe1, 0x12, 0x52, 0x61, 0x7d, 0xcd, 0xc,
    0xee, 0x38, 0x71, 0x8f, 0x88, 0x30, 0x88, 0x80,
    0x44, 0x60, 0x6, 0xa3, 0x62, 0xd, 0xee, 0x19,
    0x9, 0xe8, 0x7, 0xec, 0xf3, 0x1, 0x7b, 0x40,
    0xf, 0x84, 0x84, 0x0, 0xe4, 0xda, 0x1, 0xf8,
    0x40, 0x22, 0xa1, 0x70, 0xc, 0x68, 0xc0, 0x11,
    0x8f, 0x9b, 0x88, 0x0, 0xac, 0x6f, 0x48, 0x4c,
    0x48, 0x1, 0x22, 0x20, 0xd3, 0x9f, 0x25, 0x6e,
    0x73, 0x90, 0x22, 0x58, 0x75, 0xb1, 0x35, 0xbe,
    0xf6, 0xcb, 0xc5, 0x90, 0x8, 0x1, 0x54, 0x60,
    0x57, 0xad, 0x2e, 0xd4, 0x1, 0x9e, 0x80, 0x5,
    0xa6, 0x3, 0x9c, 0x40,

    /* U+57D4 "埔" */
    0x0, 0xff, 0xe0, 0x8, 0x7, 0x17, 0x0, 0x7b,
    0xce, 0x30, 0xc0, 0x3e, 0x11, 0xc0, 0xf1, 0x54,
    0x10, 0xe, 0x4e, 0xec, 0x17, 0xd2, 0xd2, 0xf,
    0x62, 0xe1, 0xff, 0x83, 0x3f, 0xe8, 0x1b, 0x40,
    0xbc, 0x13, 0x38, 0x14, 0xce, 0x1, 0xcf, 0x1c,
    0x89, 0xce, 0xe0, 0x47, 0x6e, 0x80, 0x3f, 0x36,
    0xe8, 0x37, 0x60, 0xf, 0xe6, 0xff, 0x6, 0x7e,
    0x0, 0x70, 0xa5, 0x82, 0xff, 0x83, 0x3e, 0xc0,
    0x32, 0x5, 0x90, 0x0, 0x44, 0xe, 0x20, 0x11,
    0x74, 0x3f, 0x48, 0x2f, 0x70, 0x2f, 0xac, 0x0,
    0x51, 0xd0, 0x20, 0x6, 0xff, 0x6, 0x7e, 0x0,
    0x4c, 0x1, 0xfe, 0x16, 0x0, 0xff, 0xe1, 0x6d,
    0x38, 0x0,

    /* U+57DF "域" */
    0x0, 0x6a, 0x0, 0x7a, 0x61, 0xa4, 0x3, 0xe1,
    0x1e, 0x31, 0x7e, 0x80, 0xf, 0x77, 0x72, 0xb7,
    0x43, 0x81, 0xb9, 0xea, 0xff, 0xf3, 0xb7, 0xfc,
    0xb, 0x62, 0x98, 0x26, 0x70, 0xf9, 0x80, 0x88,
    0x1b, 0xa, 0x64, 0xdd, 0x1c, 0xc2, 0x20, 0xa6,
    0x0, 0xfa, 0xed, 0x40, 0x6e, 0x48, 0xc0, 0x1f,
    0xf3, 0x15, 0x20, 0x80, 0x70, 0x84, 0xf4, 0x1,
    0xb, 0x40, 0x7, 0x47, 0xbf, 0xf7, 0xb0, 0x89,
    0xc, 0x0, 0x78, 0x4b, 0xe2, 0xb3, 0xbf, 0x3,
    0x80, 0x20, 0xc9, 0xd2, 0xfd, 0x23, 0xd4, 0xc9,
    0xa1, 0xa2, 0xb0, 0x20, 0xdd, 0x90, 0xb5, 0xb4,
    0x8a, 0x42, 0x1, 0xc2, 0x0, 0xfd, 0x31, 0x9b,
    0x60,

    /* U+57E0 "埠" */
    0x0, 0xff, 0xe3, 0xf, 0x80, 0x74, 0xd8, 0x7,
    0xfc, 0xdf, 0xce, 0xbd, 0xfe, 0x10, 0xf, 0xc9,
    0xdd, 0xbc, 0x3, 0x55, 0x2, 0xa0, 0x16, 0x67,
    0x50, 0x6, 0xfc, 0xf, 0xc0, 0x2a, 0xad, 0x38,
    0x20, 0x5, 0x60, 0x54, 0x3, 0xdd, 0xf4, 0x0,
    0x7e, 0x3e, 0xee, 0x40, 0xf, 0xe7, 0x0, 0xe3,
    0x0, 0xf9, 0x1, 0x3f, 0xf9, 0x80, 0x33, 0x87,
    0x6b, 0x7f, 0xb0, 0x3f, 0xe8, 0x1, 0xeb, 0x8f,
    0x2f, 0xfb, 0x3, 0xff, 0x38, 0xee, 0x9c, 0x6b,
    0xba, 0xa0, 0xee, 0xcc, 0x6, 0x1, 0x8, 0xe6,
    0x1, 0x1e, 0x0, 0xff, 0xe2, 0x0,

    /* U+57F9 "培" */
    0x0, 0xff, 0x10, 0x7, 0xc5, 0xc0, 0x1c, 0x3a,
    0x20, 0x1f, 0xe9, 0xdd, 0x60, 0x7e, 0xec, 0x1,
    0xf5, 0xc5, 0xf6, 0x6d, 0x27, 0x0, 0x11, 0x41,
    0xc, 0x8f, 0xc, 0xee, 0x3, 0x1, 0x8a, 0x18,
    0xa0, 0x75, 0x0, 0x9e, 0x80, 0x3, 0x9e, 0x39,
    0x22, 0xa, 0x62, 0xa0, 0x23, 0x0, 0x72, 0xf7,
    0x17, 0x3a, 0x87, 0x79, 0x80, 0x39, 0x7f, 0xff,
    0x9c, 0x3, 0xec, 0xdd, 0xf1, 0x0, 0x61, 0x9d,
    0x3, 0x8e, 0xec, 0x42, 0x0, 0x49, 0x4, 0xb0,
    0x3, 0x99, 0xe1, 0x0, 0xd, 0xb5, 0x6b, 0x0,
    0x7f, 0x86, 0xf5, 0x40, 0x30, 0x8f, 0x0, 0x64,
    0x0, 0xf6, 0x77, 0x61, 0x0, 0x0,

    /* U+57FA "基" */
    0x0, 0xff, 0xe4, 0x72, 0x0, 0x76, 0xa8, 0x6,
    0x3a, 0xa0, 0xc5, 0x57, 0x14, 0xd4, 0x0, 0xe,
    0x20, 0x35, 0x11, 0xc3, 0x71, 0x40, 0x11, 0x10,
    0x23, 0x33, 0x84, 0x8a, 0x0, 0xf5, 0x77, 0x71,
    0x0, 0x7f, 0x56, 0xef, 0x10, 0x7, 0xf5, 0x6e,
    0xf1, 0x0, 0x61, 0xff, 0x86, 0xff, 0xf8, 0xab,
    0xfc, 0xe3, 0xdc, 0xc1, 0x9e, 0xee, 0x36, 0xee,
    0x38, 0x9, 0xeb, 0x30, 0x5b, 0x44, 0x5a, 0xf0,
    0x20, 0x8, 0xd6, 0x3e, 0xe4, 0x1f, 0x73, 0xe9,
    0x79, 0x0, 0xb2, 0x2f, 0xb9, 0x7, 0xdd, 0x26,
    0x42, 0x85, 0x18, 0x7, 0xfc, 0xc2, 0x0, 0xdf,
    0xfd, 0x7, 0xff, 0xc8, 0x0,

    /* U+5802 "堂" */
    0x1, 0xb2, 0x0, 0x4c, 0x80, 0x3, 0x84, 0x0,
    0x13, 0xf0, 0xf, 0x6d, 0x90, 0x67, 0xb9, 0x7f,
    0x99, 0x9f, 0xe3, 0x8f, 0xd1, 0xae, 0xef, 0xf5,
    0x18, 0xa, 0xd5, 0x7e, 0x41, 0xa, 0x62, 0x78,
    0x8f, 0x39, 0x34, 0xb9, 0x3, 0x99, 0xf9, 0xc0,
    0x9c, 0x2, 0x4e, 0xef, 0x20, 0x7, 0x37, 0xf7,
    0x11, 0xfb, 0x9e, 0xe0, 0x18, 0x47, 0x0, 0x4,
    0x78, 0x1, 0x1d, 0xd9, 0x5b, 0xbb, 0x50, 0x2,
    0x3f, 0xf3, 0x33, 0xff, 0x58, 0x7, 0xc6, 0x1,
    0xf7, 0x7f, 0xf2, 0xb7, 0xff, 0x80,

    /* U+5806 "堆" */
    0x0, 0xff, 0xe3, 0x17, 0x80, 0x6d, 0x53, 0xd0,
    0xf, 0xf9, 0xd, 0x4c, 0x58, 0x3, 0xfd, 0xe7,
    0x54, 0xd, 0xaa, 0x1, 0x67, 0x86, 0x5a, 0x22,
    0xbf, 0xc7, 0xbf, 0xe0, 0x39, 0xb0, 0x9e, 0xa0,
    0x45, 0x50, 0x3a, 0xa8, 0x5, 0x50, 0x14, 0xd0,
    0x58, 0xcc, 0xa, 0x62, 0x1, 0xe6, 0xb0, 0xbe,
    0xd0, 0xae, 0x90, 0xf, 0x84, 0x37, 0x5c, 0x1f,
    0xb0, 0x1, 0xe4, 0x0, 0x38, 0x90, 0x10, 0x88,
    0x2, 0x10, 0xe9, 0x10, 0xbe, 0xd0, 0xce, 0x80,
    0x1b, 0xc4, 0xbd, 0x10, 0xcf, 0xf0, 0x77, 0xc8,
    0x9, 0xed, 0xa8, 0x7, 0xff, 0x2, 0x8, 0x3,
    0xb3, 0xfc, 0x1d, 0xfe, 0x30, 0xf, 0xd7, 0xdd,
    0xe3,

    /* U+5811 "堑" */
    0x0, 0x84, 0xc0, 0x3f, 0x84, 0x3, 0x37, 0x0,
    0x65, 0x79, 0xcf, 0xb0, 0x7, 0xfa, 0xb, 0xfe,
    0x48, 0xec, 0xfe, 0xa0, 0x7, 0xba, 0xf4, 0xff,
    0x90, 0x29, 0x4c, 0x40, 0x23, 0x78, 0x58, 0x0,
    0x8e, 0xd9, 0xb1, 0x84, 0x86, 0xd8, 0xff, 0x90,
    0x4f, 0x2e, 0xd8, 0xe1, 0x5f, 0xec, 0x1f, 0xf2,
    0x5, 0x51, 0x16, 0x90, 0xd, 0x5a, 0x47, 0x3a,
    0x44, 0x40, 0x1e, 0xfe, 0xf3, 0x1f, 0xf0, 0x38,
    0x7, 0xd9, 0x73, 0x40, 0x62, 0x96, 0x1, 0xfe,
    0x3d, 0x8, 0xa2, 0x0, 0x5d, 0x0, 0x68, 0xee,
    0x6f, 0x3c, 0x77, 0x59, 0xe0, 0x1a, 0x3b, 0xb2,
    0xbf, 0x76, 0xd0, 0xf, 0xfe, 0x30, 0xff, 0xf9,
    0x5f, 0xff, 0xce,

    /* U+5815 "堕" */
    0x0, 0xfe, 0x83, 0x0, 0xf3, 0x7f, 0xd8, 0x44,
    0x37, 0x71, 0x16, 0x0, 0x9b, 0xd5, 0x33, 0x20,
    0xac, 0xcc, 0x80, 0x10, 0xac, 0xf7, 0x8d, 0xf7,
    0x72, 0x0, 0x4e, 0xa2, 0x16, 0x35, 0xbb, 0x7a,
    0x0, 0x64, 0x73, 0x75, 0xe, 0xdd, 0x84, 0x3,
    0x8a, 0x3e, 0xac, 0x32, 0xee, 0x10, 0xf, 0x8,
    0xb5, 0x2, 0xf7, 0x61, 0x0, 0xeb, 0xaa, 0x0,
    0x44, 0x67, 0x0, 0x7a, 0xf9, 0xc0, 0x25, 0x51,
    0xe8, 0xb8, 0x1, 0x28, 0x3, 0x1c, 0x0, 0xb,
    0xec, 0xc0, 0x4, 0xb9, 0x9b, 0x67, 0x31, 0x17,
    0xc0, 0x19, 0xfb, 0xb2, 0x2f, 0x76, 0x80, 0xc,
    0x24, 0x58, 0xc8, 0xbc, 0x0, 0x1f, 0xff, 0x33,
    0x3f, 0xfc, 0xe0,

    /* U+5821 "堡" */
    0x0, 0xcc, 0x20, 0x1f, 0xfc, 0x13, 0x90, 0xcf,
    0xee, 0xdf, 0xa0, 0x1d, 0xec, 0x21, 0x7d, 0xda,
    0xc0, 0x39, 0x8e, 0x0, 0x6, 0x7e, 0x0, 0xc9,
    0x20, 0x20, 0xb9, 0x1b, 0xd1, 0x88, 0x0, 0x1a,
    0x40, 0x1, 0x5c, 0xc9, 0x1e, 0x65, 0x64, 0x3,
    0x12, 0x3, 0xdd, 0x6a, 0xab, 0x7b, 0xa1, 0x6,
    0x0, 0xe, 0x61, 0xdc, 0xcd, 0x3e, 0xe0, 0x80,
    0x72, 0xe9, 0xc0, 0xc, 0x9f, 0xb8, 0x80, 0x61,
    0xe9, 0x91, 0x0, 0x51, 0x9a, 0x1, 0x16, 0xd,
    0xa3, 0x74, 0x48, 0x0, 0xa8, 0x40, 0x15, 0x9f,
    0xf4, 0x1f, 0x73, 0xfe, 0x10, 0xa, 0xbf, 0xf4,
    0x1f, 0xff, 0x8, 0x7, 0xff, 0x14, 0xbf, 0xfd,
    0x7, 0xff, 0xe9,

    /* U+5824 "堤" */
    0x0, 0x17, 0x80, 0x17, 0xfb, 0xbb, 0xcc, 0x3,
    0xf1, 0xf7, 0x70, 0x80, 0x7f, 0x15, 0x57, 0x8,
    0x0, 0x51, 0x0, 0x88, 0x3, 0xee, 0xe0, 0x9,
    0x66, 0xc2, 0x60, 0x0, 0x45, 0xc0, 0x12, 0x6f,
    0x86, 0xe3, 0xc1, 0x9f, 0x51, 0x0, 0x79, 0x27,
    0xbb, 0xea, 0x50, 0xe, 0x5f, 0xfb, 0x93, 0xff,
    0x20, 0x7, 0xa, 0xd2, 0x20, 0x11, 0x30, 0x80,
    0x6a, 0xf7, 0x0, 0xdb, 0xb3, 0x0, 0xc6, 0x0,
    0x33, 0xc4, 0x40, 0xe, 0xff, 0x38, 0x1, 0x67,
    0xa8, 0xd1, 0x6c, 0x0, 0x64, 0x41, 0x1, 0xd7,
    0x10, 0x81, 0xa1, 0xc0, 0x31, 0x0, 0xf8, 0x9b,
    0x82, 0xec, 0x7b, 0xdf, 0xe9, 0x0, 0xc5, 0xc4,
    0x0, 0x6c, 0xef, 0xfa, 0x40,

    /* U+582A "堪" */
    0x0, 0x5a, 0x80, 0x7, 0xc0, 0x37, 0x18, 0x7,
    0xd5, 0xc1, 0xff, 0x87, 0x3c, 0x40, 0x3a, 0xb4,
    0x3b, 0xb0, 0xdf, 0x9, 0x23, 0x62, 0x1, 0x82,
    0x2a, 0xc2, 0xe2, 0xb, 0x4, 0xf0, 0x20, 0xf,
    0xdd, 0x80, 0x33, 0xe2, 0x5e, 0x8, 0x2, 0xe2,
    0x21, 0x0, 0xff, 0xb3, 0x30, 0x80, 0x7f, 0x18,
    0x6e, 0xe1, 0x70, 0xf, 0x1f, 0xe8, 0x7f, 0xe1,
    0xbf, 0x50, 0x8, 0xaf, 0x3, 0xfc, 0xbc, 0xf7,
    0xfe, 0x50, 0x45, 0x84, 0x0, 0x91, 0xc7, 0x28,
    0x2, 0x8b, 0x5c, 0xc0, 0x80, 0x26, 0x40, 0x88,
    0x80, 0x5, 0x6d, 0x98, 0x4, 0x4a, 0x80, 0x9,
    0xe0, 0x1, 0x10, 0x3, 0xb5, 0xff, 0xec, 0x9e,
    0x0,

    /* U+5830 "堰" */
    0x0, 0x17, 0x0, 0x3b, 0xff, 0xf0, 0x7, 0xea,
    0xff, 0xf8, 0x3, 0xf0, 0x9e, 0x5d, 0xd8, 0x80,
    0x8, 0xb1, 0x85, 0x0, 0x3b, 0x5d, 0xca, 0x20,
    0x1, 0x20, 0x13, 0x0, 0x92, 0xee, 0x70, 0xa,
    0x64, 0x32, 0xc0, 0x11, 0xe6, 0x44, 0x1, 0xfe,
    0x4f, 0xd1, 0x5e, 0x40, 0xf, 0xc7, 0xd8, 0xb1,
    0x98, 0xf8, 0x0, 0xc2, 0xa0, 0x7c, 0xf1, 0xd0,
    0xbd, 0x0, 0x6, 0x1e, 0xf0, 0x9, 0xf4, 0xe3,
    0x80, 0x3, 0x56, 0x79, 0x40, 0x17, 0x86, 0x2,
    0x0, 0x4, 0x57, 0x86, 0x0, 0x18, 0xd4, 0x87,
    0xf4, 0x0, 0x5a, 0x0, 0x7a, 0x7d, 0xe6, 0xd8,
    0x3, 0xf5, 0x3d, 0x77, 0xfa, 0xb5, 0x40,

    /* U+5835 "堵" */
    0x0, 0x17, 0x80, 0x63, 0xe0, 0x8, 0xcc, 0x1,
    0xf1, 0xa2, 0x82, 0x20, 0x79, 0x0, 0x3e, 0x98,
    0xb1, 0x88, 0x50, 0xb8, 0x0, 0x58, 0x4, 0x55,
    0x9c, 0x39, 0xb, 0xc0, 0x1, 0xeb, 0xe, 0xa2,
    0x23, 0x2, 0x53, 0x81, 0x0, 0xfe, 0x7, 0xee,
    0x62, 0xc6, 0xc1, 0xf3, 0x8, 0x0, 0x10, 0x3,
    0x76, 0x21, 0x5f, 0x76, 0x40, 0xe, 0x3b, 0xd5,
    0x2a, 0xee, 0x8c, 0x3, 0xd4, 0xf2, 0x3d, 0xff,
    0x0, 0x7d, 0x49, 0x8a, 0x2, 0x38, 0x3, 0x2f,
    0x0, 0xc8, 0x0, 0x7f, 0xf0, 0x80, 0xe, 0x9b,
    0x2d, 0x0, 0x3, 0xff, 0x84, 0x0, 0x7b, 0x46,
    0x1, 0xff, 0xc1, 0x20, 0xf, 0xf, 0xfe, 0x10,
    0x0,

    /* U+584C "塌" */
    0x0, 0xf, 0x80, 0x1b, 0xfb, 0xbb, 0xcc, 0x3,
    0xe5, 0xee, 0xe1, 0x0, 0xfc, 0x95, 0x5c, 0x20,
    0x4, 0x40, 0x2a, 0x1, 0x7f, 0xf0, 0x0, 0x62,
    0x1, 0x1e, 0x1, 0xfc, 0x39, 0x80, 0xdb, 0x49,
    0x0, 0xea, 0x20, 0xe, 0x1e, 0x99, 0x8a, 0x66,
    0xa0, 0xe, 0x1b, 0xfe, 0x24, 0xbe, 0x85, 0x0,
    0xf6, 0x29, 0x1, 0x5b, 0x28, 0x7, 0x57, 0x55,
    0x4, 0x41, 0xde, 0xa0, 0x8, 0xc0, 0x3d, 0x14,
    0xc0, 0x0, 0x84, 0x80, 0xe, 0xfe, 0x5b, 0x83,
    0x46, 0xfb, 0x98, 0x0, 0xb6, 0x0, 0x27, 0xc0,
    0x2, 0x35, 0x40, 0x3e, 0x11, 0x47, 0x11, 0x2,
    0xfd, 0x0, 0x3e, 0x8e, 0xc0, 0x5, 0xf5, 0x0,

    /* U+5851 "塑" */
    0x0, 0x21, 0x0, 0x10, 0x80, 0x3f, 0xc5, 0xc0,
    0xa, 0x10, 0x8f, 0xfd, 0x80, 0x4, 0x31, 0x59,
    0x37, 0x30, 0x7f, 0xf5, 0x0, 0x57, 0x45, 0x4c,
    0x57, 0x20, 0x20, 0x3, 0x0, 0xb2, 0xbd, 0x2b,
    0xde, 0xc1, 0xf7, 0x50, 0x1, 0x2e, 0x80, 0x66,
    0x2, 0x6d, 0xd5, 0x80, 0x64, 0x85, 0xe8, 0x10,
    0x67, 0xee, 0x50, 0x4, 0xb6, 0x41, 0x9e, 0x46,
    0x6d, 0xee, 0x50, 0x4, 0x6a, 0x90, 0xee, 0xda,
    0x42, 0x0, 0x18, 0x4, 0xbb, 0x2c, 0x1, 0x2c,
    0x80, 0xfc, 0xa8, 0x1, 0x75, 0x84, 0x67, 0x13,
    0x10, 0xcd, 0x90, 0x9, 0x3b, 0xb4, 0x1f, 0x75,
    0x9c, 0x1, 0x9b, 0xff, 0x41, 0xff, 0xec, 0x0,
    0xff, 0xe3, 0xf, 0xff, 0xa0, 0xff, 0xfc, 0xe0,

    /* U+5854 "塔" */
    0x0, 0x1f, 0x0, 0x4d, 0x40, 0x2, 0xe0, 0xf,
    0xd1, 0x34, 0xf3, 0x28, 0x19, 0x90, 0x80, 0x77,
    0xf3, 0x87, 0x70, 0xc3, 0xb8, 0x0, 0x54, 0x15,
    0x53, 0xeb, 0xa9, 0xd8, 0xbb, 0x84, 0x26, 0x82,
    0x50, 0x1f, 0xf2, 0x87, 0x40, 0x36, 0x70, 0xe3,
    0x3, 0x5d, 0x6f, 0x58, 0x7, 0xe5, 0xda, 0xd4,
    0x3c, 0x2e, 0x81, 0x0, 0xc5, 0x17, 0x39, 0xfe,
    0xe6, 0xd2, 0x0, 0xe2, 0xd6, 0x4f, 0xfd, 0x87,
    0x42, 0x1, 0xb, 0x39, 0xff, 0xfb, 0x80, 0x24,
    0x80, 0xb2, 0x1, 0xff, 0xd6, 0x1, 0x15, 0xbd,
    0x6a, 0x81, 0x80, 0x67, 0x0, 0x8b, 0x30, 0xa0,
    0x11, 0x80, 0x67, 0x0, 0xc6, 0x1, 0xc3, 0xff,
    0xac, 0x2,

    /* U+5858 "塘" */
    0x0, 0xff, 0x18, 0x7, 0xc5, 0xc0, 0x1c, 0x3a,
    0xc0, 0x1f, 0xea, 0xff, 0x70, 0xcf, 0xfc, 0x80,
    0x1e, 0x19, 0xee, 0x6d, 0xf7, 0x48, 0x8, 0xa2,
    0x86, 0x0, 0x33, 0x24, 0x99, 0x84, 0x6, 0x28,
    0x22, 0x40, 0x66, 0x54, 0x53, 0xa6, 0x3, 0x9e,
    0x39, 0x40, 0x9, 0x95, 0x14, 0x92, 0x80, 0x7c,
    0xfb, 0x32, 0xa2, 0x92, 0xb3, 0x0, 0xf0, 0xfc,
    0xcc, 0x52, 0x5c, 0x60, 0x1e, 0x30, 0x99, 0x41,
    0x4b, 0x8, 0x7, 0x23, 0x8a, 0x55, 0x20, 0xaa,
    0x84, 0x0, 0x2b, 0x1a, 0xf2, 0xe, 0xc8, 0xc,
    0xe4, 0x1, 0xd5, 0xae, 0xe2, 0x0, 0x37, 0x71,
    0x80, 0x7, 0x30, 0xa1, 0x54, 0x0, 0xff, 0x18,
    0x0, 0xdc, 0xc0, 0x1f, 0xf8, 0xc0, 0x0,

    /* U+585E "塞" */
    0x0, 0xf9, 0x8, 0x3, 0xf0, 0x8f, 0xbb, 0xc4,
    0x7c, 0x0, 0xce, 0xee, 0x52, 0xee, 0xec, 0x0,
    0xab, 0xfc, 0xb9, 0xfe, 0xc4, 0xff, 0x50, 0x4,
    0xb9, 0x92, 0xf6, 0x63, 0x93, 0x32, 0x40, 0x4,
    0x4e, 0xe8, 0xa3, 0x75, 0x23, 0xba, 0x99, 0x0,
    0x45, 0xba, 0x28, 0xdd, 0x48, 0xee, 0x88, 0x3,
    0x16, 0xe8, 0xa3, 0x75, 0x23, 0xba, 0x20, 0xa,
    0xed, 0x54, 0x28, 0xaa, 0x40, 0xd5, 0x2e, 0xc2,
    0x1f, 0xf3, 0x94, 0xff, 0xa0, 0xdf, 0xfe, 0x10,
    0x45, 0xf1, 0xc4, 0x3c, 0x4c, 0x8, 0x74, 0x1,
    0x9e, 0x16, 0xcd, 0x87, 0xdd, 0x3a, 0x66, 0x8,
    0x43, 0x2a, 0xf3, 0xc, 0xb9, 0x8b, 0x8e, 0xb2,
    0x9, 0x30, 0x0, 0x8c, 0x62, 0x20, 0x0, 0xb8,
    0x0, 0xff, 0xf9, 0xdb, 0xff, 0x94, 0x0,

    /* U+586B "填" */
    0x0, 0xff, 0x10, 0x7, 0xc9, 0x80, 0x1c, 0x3a,
    0x40, 0x1f, 0xec, 0xff, 0x70, 0x6f, 0xfc, 0x40,
    0x1e, 0xcf, 0xf3, 0xaf, 0xfe, 0x21, 0x9f, 0x29,
    0x60, 0xed, 0x64, 0xdd, 0x70, 0x80, 0x4, 0x0,
    0x26, 0x3, 0x9d, 0xcd, 0xd0, 0x80, 0x6, 0x3c,
    0xa1, 0x40, 0x1b, 0x77, 0x80, 0x3f, 0xef, 0xaa,
    0xc0, 0x1f, 0xf4, 0xc4, 0x60, 0xf, 0xf8, 0x84,
    0x70, 0x7, 0x9, 0x4c, 0x0, 0x2e, 0xab, 0x0,
    0x43, 0x36, 0x1d, 0xfe, 0xc, 0xdd, 0xc1, 0xd0,
    0x27, 0x7c, 0xee, 0xed, 0x48, 0xea, 0x4c, 0xe8,
    0xa, 0x50, 0x9, 0x30, 0x18, 0x54, 0xb1, 0x0,
    0x3c, 0xb1, 0x76, 0x10, 0x4, 0xdc, 0x8, 0x7,
    0x2e, 0xa8, 0x7, 0x26, 0x88,

    /* U+5883 "境" */
    0x0, 0xff, 0x10, 0x7, 0xc7, 0xc0, 0x1c, 0x7a,
    0x20, 0x1f, 0xe6, 0xff, 0x60, 0x77, 0xfa, 0x0,
    0x3e, 0x6f, 0x3f, 0xf8, 0xfa, 0x0, 0x11, 0x23,
    0x6, 0xaa, 0x18, 0x59, 0x14, 0x50, 0x7, 0x98,
    0x78, 0x6e, 0x94, 0x34, 0x57, 0x74, 0x0, 0x7a,
    0x17, 0x39, 0x33, 0xfa, 0x40, 0x3e, 0x34, 0x99,
    0xe4, 0x30, 0xf, 0xee, 0xee, 0x0, 0xff, 0xb3,
    0x38, 0x3, 0xc3, 0x12, 0x0, 0xdd, 0xe0, 0xc,
    0xde, 0x7, 0xa5, 0xe8, 0xba, 0x7d, 0xe4, 0x3,
    0x9, 0xb6, 0x80, 0x7, 0xc0, 0xc, 0xa4, 0x3d,
    0x4, 0x0, 0x2b, 0x54, 0x0, 0x38, 0x7b, 0x80,
    0x75, 0x61, 0xd8, 0x1, 0xef, 0xdd, 0x0, 0x3a,
    0xfa, 0x0, 0x29, 0xff, 0x68, 0x80,

    /* U+5885 "墅" */
    0x0, 0xff, 0xe2, 0xb7, 0x6f, 0xf6, 0xf2, 0xf7,
    0x6f, 0xc0, 0xa, 0x74, 0xf7, 0x40, 0xbf, 0x5c,
    0xc3, 0xc0, 0x14, 0xe9, 0xef, 0x0, 0xe, 0x79,
    0x3c, 0x80, 0x29, 0xd3, 0xde, 0x0, 0x16, 0x39,
    0x0, 0x74, 0xe1, 0xf6, 0x5, 0x7f, 0x30, 0xf7,
    0xb0, 0x37, 0xe9, 0xce, 0xfd, 0x7f, 0x86, 0xf4,
    0x18, 0x17, 0xfc, 0x75, 0xfa, 0x1, 0xcf, 0x0,
    0x5, 0xee, 0x1d, 0x67, 0x80, 0x72, 0xb8, 0x3,
    0x3b, 0xce, 0xf3, 0xc9, 0xe4, 0x5c, 0x3, 0x55,
    0xe7, 0x7f, 0x43, 0x8, 0x41, 0x80, 0x66, 0xe,
    0xcd, 0xd5, 0x52, 0xd2, 0xb7, 0x40, 0x19, 0x3f,
    0xf2, 0xa7, 0xff, 0x0, 0x61, 0x22, 0xc2, 0x64,
    0x5c, 0x0, 0x1f, 0xff, 0x2b, 0x7f, 0xfa, 0x0,

    /* U+5892 "墒" */
    0x0, 0xfe, 0x10, 0xf, 0xcb, 0x60, 0x1d, 0x8c,
    0x1, 0xfe, 0x8f, 0xf8, 0xa7, 0xff, 0x28, 0x7,
    0x47, 0xc5, 0x7f, 0xa9, 0xbf, 0xca, 0x31, 0xcb,
    0x4, 0x3, 0x20, 0xe, 0xe0, 0x4, 0x66, 0x60,
    0x31, 0x25, 0x23, 0x24, 0x41, 0x10, 0xa, 0xe1,
    0x6c, 0x37, 0x8f, 0xbc, 0xbb, 0xf0, 0x3, 0xe3,
    0xdb, 0xb7, 0xe, 0x78, 0x7, 0xe1, 0x8a, 0x63,
    0xac, 0x70, 0xe, 0x77, 0x58, 0x7b, 0xe6, 0x2a,
    0x0, 0x31, 0x79, 0xdf, 0xb, 0xae, 0x60, 0x55,
    0xc0, 0x9, 0xad, 0x78, 0xa0, 0x1f, 0xe5, 0xcc,
    0x20, 0x7, 0x66, 0xc, 0x3, 0x9, 0x80, 0x7a,
    0x33, 0x1c, 0x2, 0x1, 0xfe, 0x60, 0x0, 0xfe,
    0x38, 0x0,

    /* U+5893 "墓" */
    0xe, 0xff, 0xff, 0xe0, 0x80, 0x3b, 0xfd, 0x67,
    0xff, 0x92, 0xbf, 0xe0, 0x8, 0xfa, 0x8b, 0xbb,
    0x2d, 0xf2, 0x80, 0x67, 0xe, 0xef, 0xc4, 0x60,
    0x1c, 0x37, 0x7f, 0x8c, 0x3, 0xc3, 0x77, 0xf8,
    0xc0, 0x3c, 0x3b, 0xbf, 0x8c, 0x3, 0x93, 0xf5,
    0x1b, 0x77, 0xbd, 0x80, 0x5, 0xff, 0x99, 0x3f,
    0xff, 0x11, 0x3f, 0xce, 0x59, 0xf7, 0x6f, 0xe2,
    0x7f, 0xf1, 0x3, 0x69, 0xc, 0x5c, 0xd5, 0xd0,
    0x9f, 0x49, 0x12, 0xba, 0xbe, 0x20, 0xeb, 0x10,
    0xfb, 0xd3, 0x31, 0x61, 0x81, 0x9e, 0x23, 0x38,
    0xe, 0x84, 0x13, 0xff, 0x99, 0x9f, 0xfc, 0xe0,

    /* U+5899 "墙" */
    0x0, 0x26, 0x0, 0x72, 0xe8, 0x7, 0xf8, 0xbf,
    0xea, 0x2f, 0xfa, 0x80, 0x3c, 0x59, 0x1f, 0x67,
    0xfc, 0xf4, 0x0, 0x9f, 0x29, 0x33, 0x52, 0x80,
    0x5b, 0xe0, 0x10, 0x88, 0x4, 0x6, 0x74, 0x44,
    0x6a, 0xc2, 0x0, 0x8e, 0x28, 0x87, 0x5b, 0xd1,
    0x63, 0x77, 0x10, 0x3, 0xaf, 0xff, 0xf9, 0x0,
    0x3d, 0xbb, 0xf9, 0x80, 0x38, 0x8a, 0xfc, 0xce,
    0x71, 0x0, 0x8c, 0xd8, 0x20, 0x7f, 0x76, 0xc7,
    0x0, 0x87, 0x65, 0xfc, 0xc0, 0x2a, 0xa2, 0x80,
    0x61, 0xbe, 0x81, 0x0, 0x92, 0xa8, 0x44, 0x0,
    0xcc, 0x1, 0xea, 0xac, 0x80, 0x1f, 0xee, 0xff,
    0xe5, 0x0, 0x0,

    /* U+589E "增" */
    0x0, 0xff, 0xe0, 0x8, 0x6, 0x3e, 0x0, 0xa2,
    0xc0, 0x2d, 0x90, 0xf, 0xd2, 0xa6, 0xa, 0x50,
    0x1, 0xf6, 0x60, 0x3b, 0x96, 0x19, 0x40, 0x88,
    0x14, 0x22, 0x75, 0x68, 0x75, 0xd8, 0x43, 0xe8,
    0x21, 0x0, 0xa0, 0x0, 0x32, 0x60, 0xb, 0xe1,
    0xc6, 0x0, 0x51, 0x83, 0x78, 0x80, 0x7e, 0xbf,
    0xa1, 0xea, 0xf0, 0xf, 0xb2, 0x2e, 0xdb, 0x76,
    0x99, 0x0, 0x78, 0xf3, 0x3e, 0x20, 0x8, 0x5d,
    0xc0, 0x3d, 0xdb, 0x4, 0x0, 0xfe, 0x1a, 0x80,
    0xb, 0xbd, 0x20, 0x16, 0x57, 0x51, 0x80, 0x22,
    0x66, 0xf0, 0xa, 0xd8, 0x40, 0x34, 0x46, 0xf0,
    0xf, 0xf7, 0xcc, 0xdc, 0x0,

    /* U+589F "墟" */
    0x0, 0x1e, 0x80, 0x76, 0xff, 0x74, 0x20, 0x1f,
    0xf5, 0x77, 0x42, 0x1, 0xf6, 0xec, 0x57, 0xbb,
    0x80, 0x19, 0xc5, 0x8c, 0x55, 0x71, 0x37, 0x64,
    0x60, 0x4, 0x50, 0xc2, 0x3, 0x25, 0xf8, 0x77,
    0x3c, 0x0, 0x88, 0x34, 0x20, 0x9c, 0x34, 0xf0,
    0x65, 0x0, 0xf0, 0x84, 0x72, 0x5d, 0xa4, 0xb4,
    0x3, 0xfd, 0xfb, 0x35, 0x30, 0x1, 0xe2, 0x10,
    0xa, 0x6f, 0x29, 0x0, 0x27, 0x2c, 0xa2, 0x93,
    0xd5, 0x19, 0x2c, 0x0, 0x45, 0x15, 0xa, 0xe5,
    0x0, 0x64, 0xb0, 0x1, 0xde, 0xb1, 0xfa, 0xa0,
    0x6, 0xc6, 0x0, 0x5a, 0x80, 0xa2, 0x2, 0x40,
    0x34, 0x88, 0x7, 0x3a, 0x2f, 0x53, 0x4f, 0xe,
    0xf2, 0x0, 0x66, 0x97, 0xee, 0x7f, 0xee, 0xe2,
    0x0,

    /* U+58A8 "墨" */
    0x0, 0x37, 0x66, 0x5d, 0xcc, 0xcb, 0x9c, 0x3,
    0x93, 0x93, 0x1d, 0xb1, 0xf5, 0x0, 0x3e, 0x24,
    0x10, 0x2, 0x90, 0x80, 0x7c, 0x94, 0xd6, 0x8b,
    0xe7, 0x48, 0x1, 0xcf, 0x91, 0x13, 0xa4, 0x45,
    0x8c, 0x1, 0xa3, 0x33, 0x2b, 0x66, 0x6b, 0x0,
    0xd3, 0xdd, 0x95, 0xfb, 0xb5, 0x0, 0x5d, 0xde,
    0x57, 0xee, 0xf0, 0x87, 0x52, 0x75, 0x47, 0xea,
    0x77, 0x16, 0xf8, 0x40, 0xa7, 0xc1, 0xe0, 0x81,
    0x94, 0x22, 0xd0, 0x0, 0xb6, 0xc6, 0x17, 0x31,
    0x2c, 0x61, 0x2, 0x0, 0x75, 0x99, 0xbd, 0x5f,
    0xe6, 0x62, 0x50, 0x8, 0xea, 0xb2, 0x2d, 0x56,
    0x40, 0x0, 0xff, 0xf9, 0x5f, 0xff, 0xc4,

    /* U+58A9 "墩" */
    0x0, 0xff, 0x84, 0x3, 0xdc, 0x40, 0x5, 0xc0,
    0xa, 0x98, 0x3, 0xe5, 0xc9, 0x3d, 0xc0, 0x55,
    0x0, 0x7c, 0x9f, 0xec, 0xef, 0x11, 0x88, 0x80,
    0x48, 0x8, 0x77, 0x33, 0x22, 0x86, 0xec, 0x8f,
    0x3, 0x6a, 0xac, 0xed, 0xcc, 0x27, 0x32, 0xa2,
    0xe0, 0xfb, 0x87, 0x1f, 0x3, 0x30, 0x4f, 0x0,
    0x3d, 0xd8, 0x7b, 0xce, 0x60, 0xea, 0x1, 0xc5,
    0x97, 0x77, 0xca, 0x29, 0x18, 0x7, 0x17, 0xf9,
    0xd2, 0xc3, 0x61, 0x40, 0x3a, 0x68, 0xd, 0xa5,
    0x45, 0xb, 0xc0, 0x9, 0x82, 0x65, 0x7a, 0x3f,
    0xe3, 0x60, 0x10, 0x0, 0xdf, 0x45, 0xfd, 0x8e,
    0xd9, 0x5a, 0xc8, 0x1, 0x5c, 0x40, 0xd1, 0x80,
    0x3, 0x8f, 0x43, 0x60, 0x1e, 0xbc, 0x40, 0x66,
    0x48, 0x6b, 0xa0, 0x7, 0x5f, 0xd0, 0x3d, 0x0,
    0x7, 0x10,

    /* U+58C1 "壁" */
    0x0, 0xff, 0xb, 0x80, 0x71, 0xff, 0x75, 0xec,
    0x0, 0x18, 0x20, 0xe, 0x2e, 0xe9, 0x42, 0xff,
    0xc3, 0x9f, 0xc0, 0x18, 0x47, 0x5, 0xad, 0x76,
    0x17, 0x0, 0x1c, 0xb3, 0x26, 0x3, 0x2e, 0x3b,
    0x73, 0x10, 0x13, 0xdd, 0xc9, 0x6, 0x18, 0xa3,
    0x8, 0x4, 0x7f, 0xba, 0xeb, 0xbc, 0x1d, 0x76,
    0x50, 0xb2, 0x7d, 0xd4, 0x85, 0x5d, 0x83, 0xae,
    0xc2, 0x44, 0x56, 0xdd, 0x48, 0x55, 0xd8, 0x3a,
    0xec, 0x25, 0xb1, 0xdb, 0xae, 0xb2, 0x0, 0x31,
    0x80, 0x63, 0x1, 0x1c, 0xbe, 0x22, 0x80, 0x10,
    0xc, 0xdd, 0xda, 0xb, 0xbb, 0x78, 0x6, 0x6f,
    0xfd, 0x27, 0xff, 0xb8, 0x3, 0xf8, 0x40, 0x3f,
    0xf, 0xff, 0xa0, 0xff, 0xfc, 0xe0,

    /* U+58D5 "壕" */
    0x0, 0xfe, 0x40, 0xf, 0xc9, 0x80, 0x24, 0x57,
    0xd9, 0x16, 0x10, 0xe, 0x78, 0x88, 0x45, 0x11,
    0x90, 0x3, 0x9b, 0xc4, 0x7e, 0xa5, 0x9, 0xf2,
    0x93, 0x22, 0x5d, 0xf2, 0x0, 0x46, 0x0, 0x30,
    0x15, 0xbb, 0xe2, 0x0, 0xab, 0xca, 0x94, 0x6f,
    0x33, 0xa9, 0xc8, 0x3, 0xa0, 0x48, 0xbe, 0xa7,
    0x0, 0xe4, 0x19, 0x95, 0xc4, 0xcc, 0xa2, 0x1,
    0xd4, 0xf0, 0xe3, 0xd9, 0xaa, 0x28, 0x1, 0x15,
    0x4e, 0x1c, 0xae, 0xcf, 0xc, 0x80, 0xd5, 0x9e,
    0xdc, 0xf4, 0x4a, 0x34, 0x18, 0x0, 0x4b, 0x35,
    0xc4, 0xab, 0x7f, 0x89, 0x6, 0x40, 0x10, 0x60,
    0x4, 0xbf, 0x1c, 0x43, 0xa, 0x28, 0x0, 0xe2,
    0xec, 0x6b, 0xe4, 0x30, 0xb8,

    /* U+58E4 "壤" */
    0x0, 0xfe, 0x11, 0x0, 0x7d, 0xe, 0x1, 0xcf,
    0x60, 0x1f, 0xee, 0xff, 0xa5, 0x7f, 0xf4, 0x0,
    0x77, 0x3b, 0xd1, 0xce, 0xf4, 0xc1, 0x63, 0x4e,
    0x3, 0x44, 0xd1, 0x34, 0x5d, 0x1, 0x4a, 0x22,
    0x40, 0x73, 0x40, 0x3, 0x7e, 0x1, 0x29, 0x6a,
    0x87, 0xf1, 0xe9, 0xe2, 0xe6, 0x0, 0x3c, 0xbb,
    0xe1, 0xba, 0xe1, 0xdd, 0x0, 0x79, 0x62, 0x82,
    0x21, 0x41, 0x12, 0x1, 0xf0, 0x88, 0x2, 0x10,
    0x3, 0x80, 0x43, 0x3b, 0x73, 0x1, 0x11, 0x4,
    0x74, 0x27, 0x24, 0xe5, 0xed, 0x1a, 0x3b, 0x7d,
    0xac, 0x2d, 0x6b, 0x94, 0x6d, 0x24, 0xdb, 0x6e,
    0x48, 0xa, 0x0, 0x17, 0xb1, 0xc5, 0x63, 0x0,
    0x48, 0x3, 0x99, 0x82, 0xe9, 0x98, 0x2d, 0xcd,
    0x60, 0xf, 0xbb, 0x65, 0x40, 0xf, 0xcc,

    /* U+58EB "士" */
    0x0, 0xfa, 0xa4, 0x3, 0xff, 0xd8, 0x67, 0xe1,
    0x23, 0x3f, 0x1, 0x66, 0x79, 0x11, 0x99, 0xe3,
    0x2f, 0xff, 0x2b, 0x7f, 0xf8, 0xc0, 0x3f, 0xff,
    0xe0, 0x1e, 0x4f, 0xfe, 0x56, 0xff, 0xe5, 0x0,
    0x26, 0x67, 0xff, 0x1, 0x0,

    /* U+58EC "壬" */
    0x0, 0xff, 0x85, 0x40, 0x3f, 0x84, 0xda, 0x77,
    0xad, 0x40, 0x22, 0x9b, 0xdf, 0xec, 0x80, 0xbc,
    0xe5, 0x0, 0x8c, 0x32, 0x33, 0x95, 0xe5, 0x8c,
    0x3, 0x86, 0x5d, 0x4c, 0x40, 0x3f, 0xfb, 0xa7,
    0xff, 0xe5, 0x6f, 0xff, 0x19, 0xb3, 0x3c, 0x8b,
    0x99, 0xe3, 0x3, 0x3f, 0x9, 0x9f, 0xc0, 0x1f,
    0xfe, 0x72, 0x2e, 0x13, 0x22, 0xe0, 0x8, 0x77,
    0x79, 0x17, 0x77, 0x90, 0x0,

    /* U+58EE "壮" */
    0x0, 0xff, 0xe4, 0x78, 0x80, 0x43, 0xe2, 0x1,
    0xff, 0xc8, 0x1e, 0x20, 0xf, 0xfe, 0x8, 0xb7,
    0x88, 0x7, 0xff, 0x6, 0xd, 0x0, 0x38, 0xc0,
    0xc0, 0x3d, 0x88, 0xf, 0xff, 0x68, 0x6f, 0xfc,
    0xa0, 0x2, 0x10, 0x7e, 0xeb, 0x43, 0x3b, 0xa5,
    0x0, 0xf0, 0x8c, 0x60, 0x42, 0x30, 0x6, 0x80,
    0xf, 0xfe, 0xa, 0x6a, 0x80, 0x7f, 0xf0, 0x12,
    0xd7, 0x0, 0x3f, 0xf8, 0x9, 0x90, 0x20, 0x1f,
    0xfc, 0x13, 0x0, 0xc4, 0x58, 0x14, 0x8a, 0x0,
    0xfb, 0xf7, 0x58, 0x17, 0xba, 0xc0,

    /* U+58F0 "声" */
    0x1, 0x1f, 0x5c, 0x88, 0xf8, 0x3f, 0xbb, 0x91,
    0xbb, 0xbb, 0x43, 0xbf, 0xf9, 0x5f, 0xff, 0xb0,
    0x0, 0x89, 0xcc, 0x48, 0x9c, 0x1, 0x7c, 0x46,
    0x6, 0x88, 0xe1, 0x0, 0x5e, 0x67, 0xfc, 0x20,
    0x9, 0xff, 0xff, 0x60, 0x6, 0x6f, 0xf9, 0x5f,
    0xfe, 0x90, 0xc, 0x62, 0x1, 0xff, 0xc1, 0x67,
    0xee, 0x95, 0xfb, 0xa9, 0x0, 0xc5, 0x5f, 0xf7,
    0x73, 0xfe, 0x80, 0x8, 0xc5, 0x44, 0x7f, 0x37,
    0x80, 0x21, 0x80, 0x3f, 0x84, 0xc1, 0x55, 0x0,
    0x1f, 0xfc, 0x5, 0xd1, 0x0, 0xff, 0xe0, 0x0,

    /* U+58F3 "壳" */
    0x0, 0xfa, 0xa8, 0x1, 0xfb, 0xff, 0xca, 0xaf,
    0xff, 0x0, 0x3f, 0xfc, 0xaa, 0xff, 0xf0, 0x4,
    0x68, 0x98, 0x44, 0x89, 0x8c, 0x3, 0x54, 0x46,
    0x77, 0x44, 0x6a, 0x0, 0x86, 0x37, 0x7f, 0xd0,
    0x20, 0xa, 0xee, 0xff, 0xe0, 0x50, 0x5, 0x3f,
    0xff, 0xe9, 0x0, 0xf1, 0xff, 0xf9, 0x0, 0x3a,
    0x98, 0x2, 0xee, 0xc2, 0x0, 0x6a, 0x0, 0x8,
    0x1, 0xc4, 0x78, 0x3, 0x8, 0x7, 0x43, 0x80,
    0x7e, 0x62, 0x0, 0x2e, 0x84, 0x0, 0x71, 0x8,
    0xad, 0x8f, 0xe2, 0xb0, 0x40, 0x33, 0xcf, 0x70,
    0x10, 0xf7, 0x4e, 0x1, 0xe9, 0xff, 0xb4, 0x0,

    /* U+58F6 "壶" */
    0x0, 0xf9, 0xb4, 0x3, 0xf4, 0x77, 0x74, 0x97,
    0x77, 0x84, 0x23, 0xbb, 0xa4, 0xbb, 0xbc, 0x20,
    0x3, 0xcc, 0xd0, 0x59, 0x9a, 0x80, 0x31, 0xee,
    0xef, 0xed, 0xdd, 0x60, 0x16, 0x77, 0xff, 0xfd,
    0xc6, 0x3, 0x7f, 0xff, 0xf0, 0x5, 0x4e, 0x23,
    0x40, 0xb, 0x10, 0x8d, 0x22, 0xe, 0x18, 0x0,
    0x60, 0x6, 0x28, 0x26, 0xb9, 0x0, 0x9, 0xd8,
    0x3, 0xe9, 0x80, 0xe, 0x88, 0x8, 0x7, 0x4b,
    0xa8, 0x7, 0x1c, 0x80, 0x78, 0x68, 0x3, 0x8,
    0xcc, 0x60, 0x42, 0xe3, 0x22, 0x30, 0xf, 0x76,
    0xd0, 0xce, 0x38, 0xee, 0xce,

    /* U+58F9 "壹" */
    0xe, 0xef, 0x7f, 0xbb, 0xbc, 0x0, 0xee, 0xf3,
    0x33, 0xbb, 0xc0, 0x14, 0xe6, 0x67, 0x76, 0x66,
    0xa0, 0xd, 0x51, 0x1a, 0xa9, 0x11, 0xa4, 0x2,
    0x88, 0x7f, 0xff, 0xa2, 0x0, 0x3, 0x34, 0x47,
    0xf8, 0x8c, 0x2, 0xeb, 0xff, 0xfc, 0x9c, 0x1,
    0x53, 0x4e, 0xef, 0xe7, 0x75, 0x0, 0x4, 0x33,
    0x3f, 0xc0, 0x20, 0x18, 0xfb, 0x77, 0xd0, 0x20,
    0x1f, 0x76, 0xef, 0xac, 0x3, 0xee, 0x96, 0xdd,
    0xc3, 0x7a, 0x1, 0xf2, 0x20, 0xc0, 0x4, 0x68,
    0x1, 0x8b, 0xff, 0x6, 0x7f, 0xb4, 0x3b, 0xfe,
    0x30,

    /* U+5904 "处" */
    0x0, 0xa2, 0x0, 0x18, 0xbc, 0x40, 0x3e, 0x5f,
    0x0, 0xff, 0xe0, 0x89, 0x47, 0xfb, 0x84, 0x3,
    0xf9, 0x47, 0x75, 0x42, 0x20, 0x3, 0x80, 0x7b,
    0x50, 0x8b, 0x0, 0x52, 0xc0, 0x1c, 0xce, 0x0,
    0xd4, 0x0, 0xa6, 0x46, 0x1, 0x39, 0x98, 0x81,
    0xfc, 0x2, 0x77, 0x68, 0x5, 0x30, 0x8a, 0x64,
    0xe0, 0x1a, 0xa, 0x80, 0x1e, 0x9d, 0x32, 0x51,
    0x0, 0xee, 0xf0, 0x0, 0x82, 0x12, 0xf0, 0x7,
    0x89, 0x40, 0x39, 0xc0, 0x3f, 0xf8, 0x52, 0x8d,
    0x6e, 0x6, 0x60, 0xf, 0xd, 0x35, 0xcd, 0x4f,
    0x45, 0x29, 0x9c, 0x25, 0xef, 0x88, 0xb, 0xd0,
    0x77, 0x6c, 0xc8, 0xca, 0xf4, 0xc0, 0x33, 0x56,
    0xff, 0xe2,

    /* U+5907 "备" */
    0x0, 0xe3, 0x50, 0xf, 0xfe, 0x8, 0xf6, 0x0,
    0x61, 0x0, 0xf8, 0x74, 0x9b, 0xff, 0x72, 0x0,
    0x71, 0xe1, 0xb7, 0xfd, 0xa4, 0xc8, 0x1, 0x9b,
    0x2f, 0x8a, 0xc9, 0xb2, 0xa4, 0x3, 0x9b, 0x98,
    0x69, 0xb6, 0x59, 0xc0, 0x3e, 0x26, 0xbe, 0x6a,
    0x85, 0xfa, 0x74, 0x10, 0x4f, 0xdd, 0x67, 0x5a,
    0xbe, 0xe6, 0xea, 0x74, 0x13, 0x69, 0x67, 0xfb,
    0xb6, 0xcb, 0x6e, 0x0, 0x8, 0x7, 0xfe, 0x9,
    0xff, 0x30, 0x80, 0x7c, 0x23, 0x18, 0x8d, 0xe0,
    0x1f, 0xbb, 0xa2, 0x9e, 0xe4, 0x0, 0x7e, 0xee,
    0x8a, 0xbb, 0x92, 0x1, 0xff, 0xc0, 0x30, 0x0,
    0x80, 0x7e, 0xff, 0x8a, 0x7f, 0xd0, 0x1, 0x80,

    /* U+590D "复" */
    0x0, 0xc8, 0x40, 0x1f, 0xfc, 0x13, 0xb1, 0x0,
    0xff, 0xe0, 0xf0, 0x67, 0xff, 0xe7, 0x0, 0xe,
    0x37, 0x7f, 0xff, 0x38, 0x3, 0x5f, 0xbf, 0xbb,
    0xf2, 0x0, 0x5d, 0x60, 0x7d, 0xdf, 0x0, 0x80,
    0x44, 0x0, 0x2c, 0xcf, 0x84, 0x3, 0xe2, 0xcc,
    0xf8, 0x40, 0x3e, 0x3f, 0xf6, 0xef, 0x0, 0x80,
    0x72, 0xe8, 0x5e, 0xef, 0x72, 0x0, 0x71, 0xe8,
    0x57, 0x76, 0xfc, 0x0, 0xe7, 0xc7, 0x2d, 0xee,
    0x98, 0x78, 0x3, 0xbb, 0x67, 0xfa, 0x5b, 0x4f,
    0xc8, 0x3, 0xa4, 0x8d, 0x59, 0x90, 0x46, 0x84,
    0x1, 0xe, 0x77, 0xf6, 0xf7, 0x59, 0xf3, 0x9f,
    0xc4, 0x31, 0x9f, 0xb4, 0xa2, 0x6, 0xf9, 0xdf,
    0x84,

    /* U+590F "夏" */
    0xe, 0xff, 0xff, 0xe0, 0x50, 0x3, 0xbf, 0xf8,
    0x2f, 0xff, 0xa8, 0x2, 0x4c, 0xcc, 0x11, 0x99,
    0x84, 0x3, 0x8, 0x66, 0x5f, 0x99, 0x69, 0x80,
    0x78, 0xf3, 0x3f, 0x0, 0x7c, 0x5d, 0xdf, 0x80,
    0x3e, 0x38, 0x8f, 0xa4, 0x3, 0xf6, 0xef, 0xc4,
    0x1, 0xe4, 0xd3, 0x9e, 0x44, 0xd7, 0x82, 0x1,
    0x85, 0xa8, 0x53, 0xba, 0xdc, 0x60, 0x8, 0x5f,
    0xb9, 0x23, 0x3b, 0xaf, 0x36, 0x50, 0x8, 0x7b,
    0x2d, 0xf6, 0xa9, 0x39, 0x72, 0x1, 0xd2, 0x42,
    0xb4, 0x6e, 0xe3, 0xf5, 0x20, 0x9, 0x37, 0xfd,
    0xdc, 0xfd, 0xe9, 0x8, 0xdf, 0xe1, 0x4e, 0xfe,
    0xb7, 0x20, 0x2, 0x4e, 0xff, 0x60, 0x80,

    /* U+5915 "夕" */
    0x0, 0xf3, 0x8, 0x7, 0xfc, 0xb2, 0x1, 0xff,
    0xc0, 0x86, 0x10, 0xf, 0xf4, 0x93, 0x7f, 0xf7,
    0x8, 0x4, 0xad, 0x39, 0x9c, 0xc0, 0x20, 0x4,
    0xa8, 0x63, 0x3e, 0x47, 0x0, 0x35, 0xb2, 0x88,
    0x6, 0x52, 0xb0, 0x79, 0x9a, 0xf9, 0x80, 0x28,
    0x52, 0x7, 0xc6, 0x9, 0xb8, 0xb1, 0x93, 0xb0,
    0x8, 0xc0, 0x24, 0xf7, 0xf6, 0xb1, 0x0, 0xfc,
    0x36, 0x2e, 0xa0, 0x1f, 0x86, 0xa2, 0x20, 0xf,
    0xc9, 0x89, 0x8e, 0x1, 0xe1, 0x7d, 0xb7, 0xf3,
    0x0, 0xfb, 0x65, 0x76, 0x84, 0x3, 0xf6, 0xf4,
    0x10, 0x7, 0xf0,

    /* U+5916 "外" */
    0x0, 0xff, 0xe3, 0xbd, 0x0, 0x63, 0xf0, 0xf,
    0xd7, 0xa0, 0x1f, 0xfc, 0x11, 0x38, 0xff, 0x90,
    0x3, 0xf9, 0x8f, 0x75, 0x80, 0xa0, 0x1f, 0xd3,
    0x4, 0x46, 0x11, 0x0, 0x1c, 0x3, 0xa0, 0xd4,
    0x1, 0x88, 0x1, 0x56, 0x8, 0x0, 0x9e, 0x3d,
    0x81, 0xf0, 0x2, 0xc7, 0xc2, 0x2, 0xe5, 0xdb,
    0xc0, 0x60, 0x8, 0x6d, 0xb0, 0x80, 0x40, 0xf0,
    0xd8, 0x3, 0xd6, 0xc4, 0x1, 0xa4, 0x24, 0x3,
    0xe8, 0x0, 0xca, 0xf4, 0x20, 0x1f, 0xf2, 0xd3,
    0xa8, 0x7, 0xf8, 0x6a, 0x8f, 0x0, 0x1f, 0xf0,
    0x85, 0xc0, 0x7, 0xff, 0x0,

    /* U+591A "多" */
    0x0, 0xf2, 0x90, 0x7, 0xff, 0x2, 0x6c, 0x3,
    0xfe, 0x1b, 0x61, 0xdf, 0xf9, 0xc0, 0x39, 0x7c,
    0x7b, 0xfe, 0x63, 0x70, 0xd, 0x97, 0x4, 0x60,
    0x9, 0x7e, 0x0, 0xef, 0xe6, 0xfd, 0x7c, 0x5c,
    0x20, 0xe, 0x30, 0x2, 0x1c, 0x24, 0x50, 0x7,
    0x8d, 0xf3, 0xb, 0xd7, 0x61, 0x22, 0x84, 0x23,
    0x31, 0x5d, 0x2f, 0x82, 0xf9, 0x8d, 0xf0, 0x8f,
    0xb6, 0x3b, 0xb6, 0x77, 0x5a, 0x16, 0x1, 0x1d,
    0xe9, 0xdb, 0x80, 0xb, 0x59, 0x40, 0x27, 0xce,
    0x83, 0xb7, 0x6d, 0x69, 0x0, 0xc8, 0xe2, 0xa,
    0xd1, 0x79, 0x0, 0x1e, 0x25, 0xbf, 0x48, 0xd3,
    0x0, 0xcf, 0xbf, 0xb0, 0x79, 0xae, 0x1, 0xe4,
    0xbc, 0xfd, 0x83, 0x0, 0xfc,

    /* U+591C "夜" */
    0x0, 0xfa, 0x48, 0x3, 0xff, 0x84, 0x72, 0x1,
    0xfb, 0x77, 0xc8, 0x8e, 0xdd, 0xe1, 0xe, 0xe9,
    0xd3, 0xb6, 0x4e, 0x7b, 0xb0, 0x81, 0x98, 0x57,
    0x4c, 0xde, 0x28, 0x67, 0x80, 0x34, 0x1a, 0x1,
    0x31, 0xf7, 0x66, 0x0, 0x91, 0x60, 0x1, 0xcb,
    0x79, 0x90, 0xa8, 0x0, 0xec, 0x1c, 0x20, 0xef,
    0xec, 0x90, 0xcc, 0x5, 0xaa, 0x0, 0x86, 0x39,
    0xb2, 0x5b, 0xa0, 0x0, 0xa5, 0x8, 0xe, 0x6b,
    0x15, 0xe0, 0xb0, 0x0, 0xe8, 0x2, 0x92, 0x1b,
    0xc7, 0x76, 0x80, 0x7f, 0xca, 0x51, 0x1, 0x0,
    0xff, 0x15, 0x92, 0xcb, 0x0, 0x7e, 0x39, 0xd1,
    0xfa, 0xa4, 0xeb, 0x0, 0x7a, 0x3, 0x68, 0x41,
    0x79, 0x60, 0x80, 0x2e, 0x3b, 0x92, 0x0, 0xc3,
    0x1c, 0x40,

    /* U+591F "够" */
    0x0, 0xff, 0x84, 0x3, 0xc5, 0xe4, 0x1, 0xc5,
    0xc6, 0x1, 0xd6, 0x22, 0x22, 0x80, 0x1c, 0x19,
    0xfc, 0x20, 0x4c, 0x3b, 0x9b, 0x85, 0xab, 0xfe,
    0x44, 0x8, 0x72, 0x7f, 0x72, 0xce, 0xac, 0x9a,
    0x16, 0x0, 0x5d, 0xb3, 0x10, 0x0, 0x86, 0x89,
    0x7d, 0x20, 0x1a, 0x3f, 0xa3, 0x0, 0xb, 0x69,
    0xc1, 0x80, 0x63, 0x32, 0x80, 0x89, 0xf6, 0x9a,
    0xc4, 0x40, 0x1f, 0xcd, 0x64, 0xa5, 0xfd, 0x60,
    0x1e, 0x37, 0x8, 0x86, 0x77, 0x7, 0x80, 0x5,
    0xf8, 0x1, 0x52, 0x4a, 0x4, 0x2, 0x80, 0x7,
    0xfd, 0x62, 0x2b, 0xc6, 0xab, 0x7b, 0x0, 0xf,
    0x80, 0x5c, 0x62, 0x3, 0x49, 0xa, 0x1, 0x8,
    0x9, 0x27, 0x81, 0xdc, 0x4b, 0x80, 0x71, 0x76,
    0x8b, 0xe6, 0x7, 0x58, 0x3, 0xc5, 0xfe, 0xc1,
    0x8e, 0xa2, 0x0, 0xc0,

    /* U+5927 "大" */
    0x0, 0xfa, 0xa8, 0x1, 0xff, 0xd2, 0x12, 0x0,
    0xff, 0xe1, 0x3f, 0x80, 0x7e, 0xff, 0xf1, 0xc7,
    0xff, 0x84, 0x2e, 0xfa, 0x40, 0x13, 0x77, 0xc2,
    0x8, 0x9c, 0x22, 0x2e, 0x44, 0xe0, 0xf, 0xad,
    0xed, 0x80, 0x3f, 0xe4, 0x3a, 0x61, 0x70, 0xf,
    0xf4, 0xa9, 0x84, 0xc1, 0x0, 0x7e, 0xa3, 0xb0,
    0x3, 0x1f, 0x88, 0x7, 0xa9, 0x74, 0x40, 0x2d,
    0xc, 0x10, 0x9, 0x79, 0x30, 0xc0, 0x30, 0xe0,
    0x73, 0x80, 0xdb, 0xf9, 0x80, 0x78, 0x75, 0xe8,
    0x45, 0xd2, 0x20, 0x1f, 0xd1, 0xa2,

    /* U+5929 "天" */
    0x1, 0x33, 0xff, 0xe0, 0x0, 0x49, 0x99, 0xff,
    0xc0, 0x40, 0x2, 0xff, 0xf2, 0x3f, 0xff, 0x20,
    0x7, 0xff, 0x31, 0xc0, 0x3f, 0x8d, 0x13, 0x84,
    0x48, 0x9e, 0x0, 0x6d, 0xdf, 0x13, 0x5d, 0xf8,
    0x1, 0xdf, 0xfa, 0xc0, 0x1b, 0xff, 0xc0, 0x1f,
    0x72, 0x2c, 0x0, 0x7f, 0xc8, 0xbf, 0xa, 0x80,
    0x1f, 0xc5, 0x4c, 0x85, 0x16, 0x40, 0x1f, 0x26,
    0xac, 0x80, 0x1d, 0x71, 0x0, 0x31, 0x5d, 0x9e,
    0xc0, 0x35, 0x35, 0xd1, 0x80, 0xe8, 0x64, 0x0,
    0x7a, 0x2c, 0x70, 0x87, 0xac, 0xc0, 0x3f, 0x25,
    0xf1, 0x0,

    /* U+592A "太" */
    0x0, 0xfa, 0xa4, 0x3, 0xff, 0xa4, 0x22, 0x0,
    0xfc, 0x45, 0xe6, 0x12, 0x2f, 0x0, 0x37, 0x7c,
    0x4d, 0xbb, 0xe1, 0xf, 0xfe, 0xd0, 0x5, 0x7f,
    0xf0, 0x80, 0x79, 0x5, 0x7c, 0x3, 0xff, 0x81,
    0xaf, 0x2a, 0x20, 0x1f, 0xe3, 0x4a, 0x32, 0x80,
    0xf, 0xf4, 0x21, 0x84, 0xb1, 0x80, 0x7e, 0x94,
    0x1, 0x4, 0x5d, 0x10, 0xf, 0x43, 0x48, 0x61,
    0x5, 0x16, 0x8, 0x4, 0x7a, 0xf4, 0xd6, 0xd8,
    0x21, 0xa1, 0xec, 0x5, 0x8d, 0xaa, 0x0, 0xb2,
    0x70, 0x1d, 0x79, 0x32, 0xeb, 0x20, 0xd, 0x8c,
    0x1, 0x4f, 0x18,

    /* U+592B "夫" */
    0x0, 0xfa, 0xe4, 0x3, 0xff, 0x9b, 0xbf, 0xf9,
    0x1b, 0xff, 0x80, 0x37, 0xe6, 0x63, 0x5c, 0xce,
    0x0, 0xc4, 0x67, 0x9c, 0xcf, 0xc0, 0x1f, 0xce,
    0x20, 0x1f, 0x91, 0x3c, 0x24, 0x89, 0xe0, 0x5,
    0x5d, 0xf1, 0x2d, 0xdf, 0x50, 0x3, 0xbf, 0xf5,
    0x0, 0x3b, 0xff, 0x70, 0x7, 0xd2, 0x88, 0x80,
    0xf, 0xfa, 0xe, 0x25, 0x98, 0x1, 0xfd, 0x2f,
    0x46, 0x55, 0x2e, 0x1, 0xe5, 0xd7, 0xa5, 0x0,
    0x2d, 0x46, 0x20, 0x0, 0xba, 0x93, 0xd4, 0x3,
    0x2f, 0x35, 0xf9, 0x95, 0xf4, 0x88, 0x7, 0x86,
    0xbe, 0xcc,

    /* U+592E "央" */
    0x0, 0xfa, 0xa0, 0x3, 0xf8, 0x4c, 0xf3, 0x11,
    0x9e, 0x10, 0xc, 0xf9, 0x98, 0xd7, 0x33, 0x48,
    0x7, 0x1f, 0xfc, 0xaf, 0xff, 0x20, 0x7, 0xf8,
    0x40, 0x3f, 0xf8, 0x6f, 0xe0, 0x1f, 0xfc, 0x21,
    0x10, 0x7, 0xc5, 0xf2, 0x7f, 0xf1, 0x4f, 0xfc,
    0x8f, 0xe4, 0x4c, 0xce, 0x70, 0x18, 0xcc, 0xe2,
    0x3, 0x3e, 0x56, 0x9a, 0x33, 0xe0, 0xf, 0x51,
    0xc3, 0x85, 0x0, 0x7e, 0x1b, 0x5d, 0x10, 0xc4,
    0xb1, 0x0, 0xc5, 0x1e, 0xfa, 0x60, 0x1, 0xc7,
    0xe8, 0x30, 0x1d, 0x4b, 0xc2, 0x0, 0xc5, 0x94,
    0x98, 0x83, 0xd8, 0xa0, 0x1f, 0x97, 0x39, 0x0,

    /* U+592F "夯" */
    0x0, 0xf9, 0x40, 0x3f, 0xf8, 0x4b, 0x60, 0x1f,
    0xc4, 0x5d, 0xca, 0x45, 0xf0, 0x3, 0x77, 0x91,
    0x1b, 0xbf, 0x8, 0x7f, 0xdc, 0x4d, 0xfe, 0x92,
    0xef, 0xf8, 0x40, 0x36, 0x84, 0x88, 0x33, 0xe0,
    0x80, 0x70, 0xd8, 0xe0, 0xf0, 0x85, 0x36, 0x90,
    0x4, 0xfc, 0x18, 0x24, 0x2, 0x0, 0xb5, 0xd8,
    0x14, 0x99, 0x3e, 0x6e, 0x83, 0x77, 0xd, 0x98,
    0x27, 0x37, 0xf7, 0x9, 0x7b, 0xa7, 0x14, 0xb1,
    0x0, 0x8c, 0xc4, 0x72, 0x67, 0x0, 0x80, 0x7e,
    0xb3, 0x30, 0x4, 0x3c, 0x1, 0xf4, 0x2f, 0x80,
    0x66, 0x30, 0xe, 0x3b, 0x7c, 0x30, 0x21, 0x42,
    0x70, 0xc, 0x3a, 0x5c, 0x60, 0x9, 0xeb, 0x62,
    0x0, 0xc3, 0xd2, 0x20, 0x15, 0xff, 0xa4, 0x3,
    0x0,

    /* U+5931 "失" */
    0x0, 0x96, 0x80, 0x17, 0x0, 0x1f, 0xe9, 0x20,
    0xf, 0xfe, 0x9, 0x1b, 0x6e, 0x91, 0xb7, 0x75,
    0x80, 0x69, 0x5b, 0x88, 0x1a, 0xc4, 0x6f, 0x0,
    0x9d, 0x6d, 0x56, 0x73, 0x55, 0xc8, 0x1, 0x6c,
    0x8, 0x4, 0xfe, 0x1, 0xfa, 0x54, 0xcf, 0xf,
    0x19, 0xf8, 0xb, 0x33, 0xc4, 0xd9, 0x9e, 0x22,
    0x7f, 0xf4, 0x80, 0xd7, 0xff, 0x10, 0x7, 0xad,
    0xa2, 0xc0, 0x3f, 0xeb, 0x38, 0x63, 0xb0, 0xf,
    0xc3, 0x89, 0xa2, 0x18, 0xb6, 0x20, 0x18, 0x63,
    0x83, 0x4c, 0x0, 0x38, 0xfd, 0x4, 0x3, 0xcb,
    0x38, 0x40, 0x18, 0xb2, 0x57, 0x4c, 0x77, 0x4c,
    0x1, 0xf9, 0xb7, 0x46,

    /* U+5934 "头" */
    0x0, 0x8c, 0x80, 0x28, 0xb0, 0xf, 0xe4, 0xdb,
    0x30, 0x0, 0x80, 0x7f, 0x3f, 0x9e, 0x10, 0x80,
    0x7f, 0x41, 0x4, 0x71, 0x0, 0x7f, 0x8, 0xb6,
    0xc8, 0x40, 0xc8, 0x3, 0xe1, 0x9e, 0x19, 0x0,
    0x37, 0x0, 0x7c, 0x22, 0xb, 0x91, 0x11, 0x0,
    0x8f, 0x0, 0xf7, 0x6d, 0xee, 0xc, 0xf7, 0x71,
    0xf, 0xff, 0x9c, 0xff, 0xfc, 0x40, 0x1e, 0x17,
    0xa4, 0x0, 0xff, 0xe0, 0x6a, 0x22, 0x71, 0x0,
    0x3f, 0x1e, 0x8d, 0x16, 0xd5, 0x2c, 0x40, 0x32,
    0x56, 0x2e, 0x88, 0x1, 0xbc, 0x79, 0x40, 0x1b,
    0x45, 0xb0, 0x1, 0xc3, 0x53, 0xc0, 0xc, 0xe8,
    0x20, 0xf, 0xcd, 0x60,

    /* U+5937 "夷" */
    0x0, 0xfa, 0xa0, 0x3, 0xf5, 0xdf, 0x91, 0x6e,
    0xfc, 0x0, 0x99, 0xf2, 0xa4, 0xcf, 0x80, 0x5,
    0x1f, 0xf9, 0x1f, 0xff, 0x29, 0x0, 0x57, 0xff,
    0x91, 0xff, 0xe7, 0xe0, 0xc, 0x24, 0x58, 0x44,
    0x45, 0x0, 0x7b, 0xbf, 0xf2, 0xbf, 0xfc, 0xa2,
    0x1, 0x87, 0x7f, 0xe4, 0x8f, 0xfd, 0x0, 0x11,
    0x86, 0xff, 0xc9, 0x1f, 0xfd, 0x60, 0x3, 0xff,
    0xd6, 0x0, 0xdf, 0xf9, 0x88, 0x3, 0xe8, 0x65,
    0xb0, 0x22, 0x27, 0x80, 0x71, 0x60, 0xc5, 0xbc,
    0xa7, 0x3b, 0x0, 0x47, 0x3a, 0xd8, 0x22, 0xc4,
    0xbb, 0x40, 0x0, 0x7b, 0x4f, 0x28, 0x40, 0x5,
    0xb1, 0x7b, 0xe4, 0x39, 0xd4, 0x60, 0x1e, 0x5c,
    0xfc, 0x20,

    /* U+5938 "夸" */
    0x0, 0xf0, 0x88, 0x3, 0xff, 0x85, 0x14, 0x1,
    0xfc, 0x67, 0x91, 0x8c, 0xff, 0x0, 0x3b, 0xb5,
    0x8a, 0xf6, 0xe7, 0x76, 0x0, 0x6e, 0xc8, 0x3f,
    0xba, 0xe2, 0x5d, 0xd8, 0x3, 0x4b, 0x50, 0x8,
    0xdc, 0xf0, 0x1, 0x93, 0x56, 0x6b, 0xff, 0x6c,
    0xa6, 0xa8, 0x14, 0x5e, 0x37, 0x77, 0x9b, 0x22,
    0x50, 0xb2, 0x3f, 0xff, 0xd1, 0x88, 0x0, 0xfe,
    0x55, 0x77, 0x7d, 0x80, 0x18, 0x44, 0x98, 0x23,
    0xf8, 0x3, 0x8c, 0x67, 0xff, 0xd0, 0x1, 0xe3,
    0xff, 0xf8, 0x70, 0x3, 0xfc, 0x20, 0x6, 0x4,
    0x0, 0xff, 0x67, 0xfa, 0x6c, 0x3, 0xfe, 0xdf,
    0xf9, 0x40, 0x30,

    /* U+5939 "夹" */
    0x0, 0xfa, 0x6c, 0x3, 0xff, 0x99, 0x1f, 0xfc,
    0xc9, 0xff, 0xd0, 0x0, 0x9d, 0x8d, 0xee, 0x2a,
    0xbb, 0x97, 0x3d, 0x20, 0x1, 0x2b, 0x51, 0x18,
    0x84, 0x5f, 0xc2, 0x20, 0xd, 0x32, 0x0, 0x37,
    0x82, 0x2c, 0x0, 0x79, 0x50, 0x40, 0xc8, 0x32,
    0x80, 0x30, 0xff, 0xcb, 0xde, 0x35, 0xef, 0x7f,
    0xf0, 0x8b, 0x33, 0x98, 0x41, 0xf3, 0x38, 0x40,
    0xcf, 0x91, 0xa1, 0x4c, 0xf8, 0x3, 0xd2, 0x72,
    0xe1, 0x60, 0x1f, 0x86, 0x9b, 0x44, 0x31, 0x70,
    0x80, 0x31, 0x47, 0xbe, 0x18, 0x0, 0x7d, 0xf6,
    0x4c, 0x1, 0x89, 0x1a, 0x60, 0x18, 0x6e, 0x8b,
    0x80, 0x1d, 0x8c, 0x1, 0xf9, 0x6f, 0x40,

    /* U+593A "夺" */
    0x0, 0xf8, 0xcc, 0x1, 0xff, 0xc2, 0xe4, 0x0,
    0xfc, 0x23, 0xc8, 0x48, 0x23, 0xe0, 0x1e, 0xee,
    0xb0, 0xce, 0xef, 0x8, 0xbf, 0xed, 0x33, 0x77,
    0xc, 0xdb, 0xff, 0x8, 0x0, 0x5b, 0x5b, 0x44,
    0x58, 0xba, 0xe4, 0x0, 0x2b, 0xed, 0xba, 0x10,
    0xa, 0xeb, 0x75, 0x84, 0x4d, 0xeb, 0x40, 0xe,
    0xbc, 0xae, 0x92, 0xa, 0xcd, 0xdf, 0x99, 0x9b,
    0x90, 0x0, 0xf9, 0xb4, 0x99, 0xe4, 0x44, 0xcc,
    0x0, 0x34, 0x56, 0x14, 0x4c, 0x44, 0x44, 0x80,
    0x31, 0xd5, 0x8, 0x3, 0xff, 0x82, 0xaa, 0x80,
    0xf, 0xfe, 0x15, 0x50, 0x48, 0x8a, 0x1, 0xff,
    0xc0, 0x7d, 0xd0, 0xd0, 0x6,

    /* U+5944 "奄" */
    0x0, 0xf8, 0xc0, 0x3f, 0xf8, 0x4b, 0x82, 0x1,
    0xf9, 0x13, 0xa5, 0x15, 0x13, 0xc0, 0x31, 0x1a,
    0x8d, 0xe2, 0xea, 0x23, 0x8, 0xb3, 0x28, 0xc,
    0xdd, 0x82, 0x33, 0x21, 0x0, 0x92, 0xb4, 0xe2,
    0x4b, 0x69, 0x40, 0x3a, 0x2c, 0x73, 0xd9, 0xff,
    0x6, 0xac, 0xc0, 0xb9, 0x2, 0xbb, 0x8a, 0xdd,
    0xcb, 0x0, 0x62, 0x14, 0xe0, 0x80, 0x7f, 0x5d,
    0x20, 0x38, 0x2, 0x33, 0x8, 0xf9, 0x89, 0x0,
    0x28, 0x7, 0x4e, 0xe9, 0xdb, 0x75, 0xe0, 0x1f,
    0xaf, 0xfc, 0xcf, 0xfe, 0xd0, 0xf, 0xd7, 0xfe,
    0x56, 0xff, 0xc5, 0x60, 0x1a, 0xd4, 0x0, 0x64,
    0x41, 0x19, 0x58, 0x3, 0x28, 0x80, 0x29, 0xb7,
    0xba, 0x9b, 0x0,

    /* U+5947 "奇" */
    0x0, 0xfa, 0x28, 0x3, 0xf2, 0xff, 0xf3, 0xaf,
    0xff, 0x30, 0x1, 0x7b, 0xb4, 0x83, 0x6f, 0x76,
    0x60, 0x8, 0x46, 0x49, 0x62, 0xdb, 0x51, 0x10,
    0x4, 0x2b, 0x1d, 0x75, 0x37, 0xa5, 0x5a, 0xc0,
    0x12, 0x48, 0xdf, 0xa0, 0x88, 0xe7, 0x2b, 0xc4,
    0xa, 0x8d, 0xab, 0xbb, 0xdb, 0xd, 0xc6, 0x5f,
    0xff, 0xec, 0xf, 0xf1, 0x80, 0x1f, 0xbb, 0xb4,
    0x3, 0xfc, 0x9d, 0xd5, 0x18, 0x7, 0xf8, 0xc0,
    0x27, 0x0, 0xff, 0x9f, 0x32, 0xe0, 0xf, 0xf9,
    0x7f, 0xee, 0xd1, 0x13, 0x0, 0x79, 0x64, 0xcf,
    0x17, 0x72, 0xd8, 0x2,

    /* U+5948 "奈" */
    0x0, 0xf8, 0x80, 0x3f, 0xf8, 0x4d, 0x80, 0x1f,
    0xc4, 0x5d, 0x6e, 0x45, 0xf0, 0x3, 0x37, 0x71,
    0x36, 0xef, 0xb0, 0x1, 0xdf, 0xeb, 0xb, 0xff,
    0x58, 0xe7, 0xfb, 0x80, 0x32, 0xdd, 0x20, 0x1,
    0x23, 0x14, 0x3, 0x15, 0x51, 0x2b, 0xff, 0x4a,
    0x55, 0x98, 0x26, 0xb6, 0xdf, 0x77, 0xaf, 0x43,
    0xd, 0x2f, 0x8, 0x4, 0x7c, 0x5, 0x7c, 0x60,
    0x97, 0xff, 0xfe, 0xb1, 0x0, 0xab, 0xb7, 0xb8,
    0xaa, 0xee, 0xd4, 0x1, 0x85, 0xb0, 0x44, 0x66,
    0x12, 0xc3, 0x10, 0xc, 0xb1, 0xa0, 0x1c, 0x75,
    0x86, 0x1, 0x45, 0x59, 0x80, 0xc, 0x2, 0x78,
    0xc3, 0x0, 0x56, 0x20, 0x5f, 0xa6, 0x0, 0x4d,
    0x46, 0x0,

    /* U+5949 "奉" */
    0x0, 0xf8, 0x8c, 0x3, 0xff, 0x85, 0x70, 0x1,
    0xfd, 0xdd, 0xcc, 0x9d, 0xdc, 0x60, 0x17, 0x76,
    0xc0, 0xee, 0xf1, 0x80, 0x4f, 0xdd, 0x68, 0x7f,
    0x76, 0x70, 0xc, 0xfd, 0xcc, 0xc, 0xee, 0xe7,
    0x0, 0xab, 0xfe, 0xd0, 0xcf, 0xff, 0x70, 0x2,
    0xbf, 0x90, 0xfa, 0xa3, 0xe0, 0xb7, 0xf8, 0x3,
    0x52, 0xe8, 0x96, 0x3, 0xbb, 0xc8, 0x2, 0x5e,
    0x67, 0xef, 0x84, 0xff, 0x1b, 0x6c, 0x89, 0x53,
    0xec, 0xff, 0x9d, 0x3f, 0xd3, 0x70, 0xea, 0x5d,
    0x2, 0x38, 0x0, 0x23, 0x9b, 0x90, 0x6, 0xbb,
    0xb3, 0xa7, 0x76, 0xa0, 0xd, 0x7f, 0xfa, 0x13,
    0xff, 0x58, 0x7, 0xff, 0x18,

    /* U+594B "奋" */
    0x0, 0xfa, 0x28, 0x3, 0xf0, 0x91, 0x72, 0xe9,
    0x17, 0x80, 0x13, 0xbb, 0xc5, 0x1b, 0xbd, 0x80,
    0x8, 0xff, 0xb8, 0xa6, 0x8b, 0xbf, 0xee, 0x0,
    0xe2, 0xc4, 0x65, 0xac, 0x30, 0xf, 0x14, 0x64,
    0x48, 0x1, 0xe7, 0x6d, 0x40, 0x5, 0xba, 0x71,
    0xbe, 0xed, 0x42, 0x95, 0xe6, 0x53, 0xe3, 0x7f,
    0xe7, 0x4f, 0xf5, 0x87, 0xe1, 0x82, 0x0, 0x1c,
    0x46, 0x31, 0x13, 0x80, 0xc, 0x3, 0xb3, 0xfc,
    0xed, 0xfe, 0xc0, 0xf, 0xd7, 0xfe, 0x65, 0xff,
    0x58, 0x7, 0xe7, 0x0, 0x9, 0x80, 0x1c, 0x3,
    0xf6, 0xf7, 0x1d, 0xbb, 0x9a, 0x1, 0xfa, 0xbf,
    0xdd, 0xcf, 0xf5, 0x0, 0x60,

    /* U+594E "奎" */
    0x0, 0xf1, 0x40, 0x7, 0xff, 0xa, 0x10, 0x3,
    0xfb, 0x77, 0x94, 0xf7, 0x7e, 0x0, 0x77, 0x52,
    0x4d, 0x9c, 0x87, 0x3d, 0xd0, 0x0, 0xcc, 0x50,
    0x72, 0xad, 0x27, 0x4, 0x66, 0x0, 0x8b, 0x4b,
    0x43, 0x34, 0x30, 0x74, 0xc0, 0x28, 0xd5, 0x7e,
    0xf5, 0x7f, 0xe7, 0x5c, 0xa2, 0x2b, 0x66, 0x5f,
    0xe5, 0x7f, 0xf5, 0x4e, 0x91, 0x95, 0x53, 0x33,
    0x23, 0x66, 0x68, 0x80, 0x80, 0x2b, 0xff, 0x56,
    0xff, 0xe8, 0x0, 0xc4, 0x67, 0xba, 0xcc, 0xf1,
    0x0, 0x62, 0xff, 0xca, 0xff, 0xf9, 0x0, 0x31,
    0x7f, 0xe5, 0x6f, 0xfc, 0x80, 0x1f, 0xfc, 0x7c,
    0xff, 0xe5, 0x6f, 0xfe, 0xe0,

    /* U+594F "奏" */
    0x0, 0xff, 0xe5, 0xcd, 0x0, 0x7f, 0x77, 0x73,
    0x2f, 0x77, 0x0, 0x6e, 0xee, 0xc, 0xee, 0xe0,
    0xc, 0xbf, 0xf8, 0x33, 0xff, 0x30, 0x6, 0x5f,
    0xf8, 0xa7, 0xff, 0x98, 0x0, 0x3d, 0xdb, 0xca,
    0x7b, 0xbe, 0x11, 0x77, 0x52, 0x3b, 0xfd, 0xe7,
    0x3d, 0xd0, 0x80, 0x4f, 0x27, 0x37, 0x6a, 0x9,
    0x80, 0xc, 0x79, 0x39, 0xd0, 0x22, 0x8e, 0xc5,
    0xd6, 0x3, 0xc6, 0xc2, 0x33, 0x1, 0x19, 0x8b,
    0x16, 0x50, 0xf6, 0x33, 0xb9, 0xea, 0xfd, 0xd7,
    0xd7, 0x20, 0x11, 0x3b, 0xa4, 0x46, 0xad, 0xf7,
    0x8, 0x40, 0x39, 0x74, 0x28, 0xba, 0x35, 0x80,
    0x3a, 0x3a, 0x21, 0x62, 0xb, 0xb1, 0xc, 0x0,
    0xd7, 0xba, 0x50, 0xe, 0x5e, 0x80, 0x0,

    /* U+5951 "契" */
    0x0, 0x8f, 0x80, 0x2f, 0xff, 0x60, 0x3, 0xbf,
    0x7, 0xfc, 0xfd, 0xc1, 0xbe, 0x90, 0xb, 0xbf,
    0x7, 0xfc, 0xe2, 0x32, 0x88, 0x38, 0x2, 0x3f,
    0x7, 0xfc, 0x60, 0x62, 0x20, 0xe, 0x8f, 0xc1,
    0xff, 0x18, 0x5b, 0x80, 0x4, 0x40, 0x7, 0x75,
    0xb, 0xb9, 0x9, 0xe8, 0x1, 0xc4, 0x0, 0xee,
    0x18, 0x77, 0x37, 0x1c, 0xce, 0x4e, 0x0, 0x4c,
    0xc3, 0x32, 0x59, 0x80, 0xae, 0x67, 0x0, 0xc5,
    0x0, 0x1, 0x0, 0xa7, 0x6c, 0x40, 0x1f, 0xee,
    0x9f, 0xf1, 0x47, 0xff, 0x84, 0x3b, 0xb9, 0xd,
    0x17, 0x7b, 0xb0, 0x80, 0x8e, 0x85, 0xea, 0x4b,
    0x11, 0xc0, 0x1, 0x48, 0xe5, 0xc2, 0x1c, 0x5e,
    0x94, 0x20, 0x2e, 0x91, 0xac, 0x20, 0x1, 0x65,
    0x1d, 0x69, 0x13, 0xf6, 0x50, 0x3, 0xc9, 0x5d,
    0xe4,

    /* U+5954 "奔" */
    0x0, 0xf8, 0xc4, 0x3, 0xff, 0x82, 0x78, 0x40,
    0x1f, 0x88, 0xba, 0xc, 0x48, 0xbc, 0x0, 0xcd,
    0xdc, 0x87, 0xbb, 0xec, 0x0, 0x77, 0xfa, 0x7,
    0x37, 0x5c, 0x6f, 0xfe, 0xe0, 0x8, 0xae, 0xb0,
    0xee, 0xc3, 0x89, 0x86, 0x0, 0x19, 0xd3, 0xf,
    0xd7, 0x76, 0xe8, 0x6f, 0x70, 0x87, 0xb9, 0x1d,
    0xd2, 0x23, 0xba, 0x7e, 0xa2, 0x7, 0x10, 0xa5,
    0x33, 0xc9, 0x40, 0x6, 0x0, 0xe3, 0x10, 0xbb,
    0x7, 0x98, 0x6, 0x2f, 0xf9, 0x63, 0xf7, 0x5e,
    0xeb, 0xff, 0x11, 0x37, 0x58, 0x13, 0xbb, 0x99,
    0x37, 0x62, 0x2, 0x22, 0xb, 0x11, 0x61, 0x11,
    0x14, 0x1, 0x44, 0x28, 0x3, 0xff, 0x80, 0xc9,
    0x88, 0x1, 0xff, 0xc0, 0x6c, 0x30, 0xf, 0x45,
    0x0, 0x60,

    /* U+5956 "奖" */
    0x0, 0xff, 0xe2, 0x99, 0x4, 0x48, 0x0, 0x79,
    0x80, 0x3c, 0x9e, 0x1, 0x87, 0x46, 0x7f, 0xee,
    0x0, 0x38, 0x30, 0x1, 0x3d, 0x3f, 0xf2, 0x48,
    0x5, 0xce, 0x20, 0xf7, 0xf6, 0x0, 0x54, 0x60,
    0xd, 0x4c, 0x6, 0xae, 0x16, 0xd5, 0x62, 0x3,
    0x58, 0x6c, 0x1, 0xbd, 0x27, 0x10, 0x0, 0x27,
    0xb0, 0x20, 0xb3, 0xb6, 0xfc, 0x60, 0x1a, 0x48,
    0x3c, 0x48, 0x95, 0xd0, 0x20, 0x1c, 0x45, 0x2d,
    0x2b, 0xe9, 0x91, 0x70, 0x3, 0x33, 0xc6, 0xb9,
    0x9e, 0x0, 0x77, 0x74, 0x88, 0xa3, 0xbb, 0x80,
    0x3c, 0xb1, 0x5b, 0x2a, 0x1, 0xf8, 0xea, 0xa4,
    0x3b, 0xb9, 0x40, 0x21, 0xae, 0xc3, 0xe5, 0x0,
    0x27, 0x9d, 0xfe, 0x88, 0xb3, 0x7e, 0x44, 0x3,
    0xc, 0x76, 0xc8, 0x80,

    /* U+5957 "套" */
    0x0, 0xf9, 0xc4, 0x3, 0xff, 0x82, 0xf4, 0x20,
    0x1f, 0xbb, 0xff, 0x41, 0x7f, 0xfc, 0x0, 0xfe,
    0xe5, 0x84, 0x77, 0x28, 0x2b, 0xba, 0x0, 0x8,
    0x8a, 0x95, 0xc4, 0x4b, 0x34, 0x82, 0x20, 0xa,
    0x30, 0x57, 0xbb, 0x40, 0xdd, 0x10, 0x17, 0x2e,
    0xd, 0x77, 0x7b, 0xc3, 0x4c, 0xaf, 0x4c, 0x2f,
    0x77, 0xc3, 0x58, 0x60, 0xa0, 0x15, 0xee, 0xf8,
    0x0, 0x60, 0x1e, 0x8c, 0xce, 0xb0, 0xe, 0x11,
    0x82, 0xf7, 0x7a, 0x84, 0x60, 0x7, 0xfc, 0x13,
    0xdf, 0xff, 0x80, 0x1d, 0xcf, 0x55, 0x77, 0x68,
    0x5f, 0xee, 0x0, 0x4f, 0xcc, 0x77, 0x76, 0x5a,
    0x61, 0x0, 0x62, 0x7a, 0xff, 0xa3, 0xb3, 0xea,
    0x40, 0x32, 0xc3, 0xb2, 0xa1, 0x90, 0x83, 0xd8,
    0x0,

    /* U+5960 "奠" */
    0x0, 0xcc, 0x20, 0x18, 0x98, 0x3, 0xf7, 0xd0,
    0x6, 0xef, 0x0, 0xed, 0xee, 0x3a, 0x77, 0x63,
    0x7e, 0xe8, 0x1, 0xbd, 0xd7, 0x86, 0x51, 0xff,
    0x76, 0x0, 0xa7, 0x32, 0x1f, 0x92, 0xcc, 0xa8,
    0x3, 0x15, 0x64, 0xe, 0xf1, 0x66, 0x25, 0xc0,
    0x38, 0x62, 0x74, 0xd, 0xae, 0xd0, 0x1, 0xed,
    0x4a, 0x56, 0x66, 0xec, 0x80, 0x1e, 0x39, 0x23,
    0x3f, 0x8, 0x7, 0xa, 0x4c, 0xd1, 0x9, 0x99,
    0x44, 0x3, 0x56, 0xe6, 0x43, 0x59, 0x96, 0xe0,
    0x5, 0xdd, 0xde, 0x71, 0xfd, 0xdc, 0x0, 0xee,
    0xe3, 0x66, 0x27, 0x77, 0x0, 0x61, 0x6e, 0x69,
    0x90, 0xeb, 0x8, 0x4, 0x37, 0xdf, 0x95, 0x40,
    0x5, 0x4e, 0xf7, 0x30, 0x87, 0xfd, 0xd4, 0x80,
    0x19, 0x2f, 0xf2, 0x8,

    /* U+5962 "奢" */
    0x0, 0xf1, 0x18, 0x7, 0xff, 0xb, 0xac, 0x3,
    0xfb, 0xff, 0x8d, 0xff, 0xfe, 0x10, 0xff, 0x72,
    0x1d, 0x5f, 0xf1, 0x2f, 0x7f, 0x84, 0x0, 0xde,
    0x1b, 0xae, 0x1, 0xc1, 0xf7, 0x20, 0x2e, 0xd7,
    0x4e, 0x75, 0xff, 0x58, 0x6f, 0x69, 0x96, 0x5c,
    0xff, 0x9d, 0xb9, 0x6, 0xce, 0x7c, 0xc7, 0xb3,
    0x33, 0x3f, 0xa3, 0xe6, 0x62, 0x1e, 0xed, 0x60,
    0x55, 0xbd, 0xdc, 0x40, 0x44, 0x7e, 0x81, 0x8,
    0xee, 0xa0, 0x88, 0x5, 0x5f, 0x5, 0x19, 0xff,
    0xa9, 0x0, 0x33, 0x56, 0x90, 0x91, 0x71, 0x80,
    0x62, 0xc5, 0x0, 0x5d, 0x57, 0x48, 0x7, 0xf4,
    0x5d, 0xf4, 0x0, 0x7f, 0x57, 0xff, 0x58, 0x6,

    /* U+5965 "奥" */
    0x0, 0xf8, 0x84, 0x3, 0xff, 0x85, 0x8c, 0x1,
    0xfc, 0xdb, 0xb8, 0x6b, 0x77, 0x30, 0x6, 0x17,
    0xfe, 0xf9, 0xbf, 0x9f, 0x61, 0x0, 0xe3, 0x2e,
    0x3f, 0x16, 0x92, 0x10, 0xf, 0x86, 0x9c, 0xff,
    0x64, 0x40, 0x3f, 0x4d, 0xc2, 0xb2, 0xc3, 0x0,
    0x7e, 0x88, 0x1a, 0x33, 0xc3, 0x80, 0x7e, 0x78,
    0xf3, 0xfa, 0xf5, 0x0, 0xf2, 0x63, 0x61, 0x9,
    0xd, 0xaf, 0x98, 0x0, 0x7f, 0x2b, 0xbf, 0xcd,
    0x5f, 0xf5, 0x5f, 0x88, 0xbb, 0xb9, 0x4d, 0x11,
    0xdd, 0xc2, 0x2, 0x3a, 0x57, 0xe9, 0x6c, 0x4,
    0x60, 0x8, 0xe3, 0x97, 0xc, 0x7d, 0xba, 0x50,
    0x40, 0xbf, 0x8a, 0xb4, 0xc0, 0x3, 0x96, 0x75,
    0xc4, 0x4f, 0xda, 0x40, 0xf, 0x25, 0x77, 0x8,

    /* U+5973 "女" */
    0x0, 0xf1, 0x20, 0x7, 0xff, 0xa, 0xe0, 0x3,
    0xff, 0x84, 0xf4, 0x1, 0xff, 0xc1, 0x41, 0x70,
    0xf, 0xe6, 0x6d, 0xe2, 0xec, 0xdf, 0x0, 0x2e,
    0xe8, 0x40, 0xbb, 0xa2, 0x62, 0xec, 0x21, 0xbb,
    0x48, 0xf6, 0xec, 0xc5, 0xdb, 0xa1, 0x0, 0xd3,
    0x20, 0xc, 0xaa, 0x0, 0xf9, 0x85, 0x80, 0x23,
    0x2b, 0x0, 0xfa, 0x5, 0x40, 0x2f, 0x33, 0x0,
    0x7d, 0xaf, 0x7a, 0xf0, 0x7c, 0x1, 0xf8, 0xe7,
    0xaa, 0x1c, 0xcc, 0x1, 0xfe, 0x5b, 0x6, 0x2e,
    0x70, 0xf, 0x13, 0x65, 0x86, 0x4f, 0x44, 0x39,
    0x40, 0x3, 0xdb, 0xb, 0x98, 0x30, 0x3, 0xf2,
    0x53, 0x80, 0xef, 0x72, 0x4c, 0x3, 0x86, 0xad,
    0xc0,

    /* U+5974 "奴" */
    0x0, 0xff, 0xe3, 0xf2, 0x80, 0x7f, 0xf0, 0x48,
    0x50, 0x0, 0xdb, 0xbe, 0x80, 0x1, 0x20, 0x99,
    0x11, 0x99, 0x59, 0x93, 0x0, 0x13, 0x64, 0x77,
    0x61, 0x3e, 0x11, 0x97, 0x41, 0x3c, 0xe7, 0xf0,
    0x45, 0x88, 0x0, 0x21, 0x40, 0x0, 0x9a, 0x2,
    0x90, 0x29, 0x8, 0x21, 0x8, 0x1, 0x8, 0x81,
    0xec, 0x2, 0x6c, 0x14, 0xa0, 0x17, 0xb8, 0x1,
    0x3c, 0x1, 0x54, 0x33, 0x50, 0x5, 0x8b, 0x6,
    0x4a, 0x0, 0x63, 0xe4, 0x20, 0x9, 0xb1, 0x71,
    0x40, 0x33, 0x94, 0x0, 0x71, 0xc0, 0x38, 0x80,
    0x5, 0xc2, 0xc0, 0x38, 0xad, 0x99, 0x80, 0x38,
    0xb4, 0xea, 0x1, 0x2e, 0x2c, 0xdc, 0xa7, 0xb5,
    0xab, 0xd3, 0x81, 0xd3, 0x58, 0x1, 0xee, 0x6c,
    0x1, 0x13, 0x4, 0x7d, 0x0, 0x11, 0xf3, 0x80,
    0x66, 0xf2,

    /* U+5976 "奶" */
    0x0, 0xff, 0xe2, 0xa6, 0x80, 0x4, 0x8b, 0xc0,
    0x18, 0xdc, 0x1, 0x7b, 0xbe, 0x0, 0x8b, 0x4c,
    0x89, 0x5e, 0x37, 0xf4, 0x60, 0x4, 0xd5, 0x6d,
    0xd1, 0x0, 0xb8, 0x6a, 0x80, 0x13, 0xc3, 0xbc,
    0x8, 0x0, 0x20, 0x98, 0x1, 0x21, 0x9, 0x88,
    0x7, 0x1d, 0x76, 0x86, 0x20, 0x31, 0x1, 0x1,
    0x6, 0x62, 0x0, 0x9, 0xc1, 0x88, 0xc, 0x40,
    0x3, 0x38, 0x42, 0xe1, 0x9e, 0xc0, 0xd8, 0x3,
    0x1b, 0x83, 0xdc, 0x89, 0x85, 0xe0, 0x6, 0x11,
    0x0, 0x10, 0x81, 0xc4, 0xd4, 0x3, 0x71, 0x0,
    0x20, 0x2c, 0x24, 0xc8, 0x3, 0x17, 0x4, 0x3f,
    0x21, 0xbf, 0x80, 0x8, 0x4d, 0x14, 0x97, 0xc,
    0x3a, 0xc, 0x1, 0xfd, 0x8a, 0x65, 0xa6, 0x0,
    0xa7, 0x0, 0xb7, 0xfd, 0x40,

    /* U+5978 "奸" */
    0x0, 0xff, 0xe3, 0x5b, 0x80, 0x5d, 0xff, 0xea,
    0x0, 0x98, 0xc0, 0x2c, 0xdd, 0x13, 0xee, 0xac,
    0x4, 0x88, 0x4, 0x40, 0x22, 0x83, 0x88, 0x82,
    0xd, 0xa1, 0x7b, 0xa1, 0x0, 0xfe, 0x7a, 0x3f,
    0xe0, 0x10, 0xf, 0xf6, 0x28, 0x29, 0x0, 0x8c,
    0x2, 0x38, 0x0, 0x98, 0x4, 0xcf, 0xdd, 0x14,
    0x77, 0x44, 0x24, 0xe1, 0x98, 0x7e, 0xe8, 0xa3,
    0xba, 0x20, 0x29, 0x15, 0x50, 0x8, 0xc0, 0x23,
    0x80, 0x74, 0x38, 0x88, 0x1, 0xff, 0xc0, 0xa1,
    0x24, 0x0, 0xff, 0xe0, 0x59, 0x3d, 0xa0, 0x7,
    0xf0, 0xda, 0x6c, 0x30, 0x80, 0x7f, 0x28, 0x78,
    0x84, 0xa8, 0x7, 0xf0,

    /* U+5979 "她" */
    0x0, 0xff, 0xe3, 0x26, 0x80, 0x78, 0xb8, 0x3,
    0xc6, 0xe0, 0x11, 0xf0, 0x7, 0xe2, 0xd3, 0x22,
    0x0, 0x7c, 0x26, 0x7, 0xaa, 0xdb, 0xa1, 0x0,
    0x84, 0x55, 0xdc, 0x3, 0xf0, 0xee, 0x0, 0x80,
    0xc6, 0x81, 0x48, 0x80, 0xc, 0x44, 0x44, 0x6e,
    0x2, 0x91, 0x82, 0x0, 0x91, 0x0, 0xac, 0xa,
    0x34, 0xa0, 0x1, 0x0, 0xb3, 0x43, 0xcd, 0xac,
    0x3, 0xce, 0x0, 0x6c, 0x17, 0xb0, 0xf, 0x88,
    0x2, 0xc7, 0xe1, 0x30, 0xf, 0x44, 0x34, 0x0,
    0x38, 0x40, 0x80, 0x1e, 0x8f, 0x60, 0x9, 0x49,
    0x6c, 0xc0, 0x22, 0xe0, 0x5, 0xa0, 0x2d, 0x4d,
    0x48, 0x8c, 0x82, 0x31, 0xab, 0xd, 0x4b, 0x3,
    0x11, 0x16, 0xfb, 0xac, 0x42, 0x1e, 0x60, 0xe,
    0xaf, 0xfe, 0xa0,

    /* U+597D "好" */
    0x0, 0xff, 0xe3, 0x17, 0x80, 0x62, 0x2f, 0x0,
    0x67, 0x20, 0x9, 0x77, 0x7d, 0x40, 0x2, 0xd6,
    0x22, 0xa, 0xff, 0xe8, 0x1b, 0x4, 0xd7, 0x4d,
    0xd8, 0x3, 0x2c, 0xe8, 0x82, 0x78, 0xe7, 0xc2,
    0x80, 0x49, 0x58, 0x60, 0x11, 0x9, 0x86, 0xf0,
    0x4, 0x24, 0x40, 0xc, 0x88, 0x0, 0x39, 0x6e,
    0xd6, 0x5b, 0xb2, 0x86, 0x98, 0x19, 0x2c, 0xcc,
    0xc3, 0x33, 0x20, 0x6b, 0xcd, 0x30, 0x22, 0x5a,
    0x68, 0x90, 0x83, 0x62, 0x36, 0x80, 0x7f, 0xf0,
    0xd, 0x82, 0x88, 0x3, 0xfe, 0x85, 0xd5, 0xf0,
    0xf, 0xe1, 0xa6, 0xd2, 0xbe, 0x1, 0x22, 0x0,
    0x71, 0x8f, 0x98, 0x0, 0xc2, 0x76, 0x68, 0x3,
    0x15, 0x88, 0x7, 0x47, 0xf3, 0x80, 0x60,

    /* U+5982 "如" */
    0x0, 0xff, 0xe3, 0x36, 0x0, 0x7f, 0xf0, 0x7d,
    0x40, 0x22, 0x88, 0xf0, 0x11, 0x13, 0x88, 0x82,
    0xcc, 0xff, 0x85, 0xc3, 0x74, 0x51, 0xbb, 0x1,
    0xbb, 0xd4, 0x0, 0xfc, 0xf, 0xf4, 0x38, 0x7,
    0xf2, 0x20, 0x1, 0xa4, 0x1, 0xfd, 0x98, 0x0,
    0x3f, 0x80, 0x7f, 0x22, 0x0, 0x49, 0x0, 0x3f,
    0x8, 0xa4, 0x18, 0xc8, 0x3, 0xf0, 0xe3, 0xed,
    0x50, 0x3, 0xfc, 0x5a, 0x24, 0x40, 0xf, 0xf8,
    0xce, 0xb4, 0x3, 0x3c, 0xa0, 0x12, 0x6c, 0x63,
    0x60, 0xf, 0x75, 0x0, 0xa, 0xa5, 0xb8, 0x4c,
    0x1, 0x6e, 0xe0, 0x4, 0x72, 0x80, 0x64, 0xd0,
    0x8, 0xfc,

    /* U+5984 "妄" */
    0x0, 0xfa, 0x10, 0x3, 0xff, 0x87, 0x0, 0x1f,
    0xaf, 0xbb, 0x9c, 0xff, 0xbb, 0x80, 0x13, 0x87,
    0x39, 0x8d, 0xdb, 0x33, 0x80, 0x4, 0x41, 0x22,
    0xff, 0x80, 0x38, 0xc4, 0x7f, 0x80, 0x3d, 0x3d,
    0xdf, 0xc2, 0x1, 0xb3, 0xfd, 0x9, 0xff, 0xe1,
    0x0, 0x19, 0xe4, 0x83, 0x3f, 0xc2, 0x2e, 0xed,
    0x62, 0xbd, 0xcd, 0xce, 0xe9, 0xc7, 0x76, 0x52,
    0xed, 0xd9, 0x17, 0x76, 0x60, 0x9, 0x5d, 0x8,
    0x0, 0xcb, 0x0, 0x1f, 0x25, 0x1e, 0x6d, 0x4d,
    0x10, 0x7, 0xc2, 0xbc, 0xe4, 0xe5, 0x74, 0x80,
    0x19, 0xef, 0x7e, 0x82, 0xf7, 0x63, 0xae, 0x50,
    0x2, 0x6c, 0xf7, 0x25, 0x0, 0x7, 0x3d, 0x6a,
    0x0,

    /* U+5986 "妆" */
    0x0, 0xff, 0xe4, 0x78, 0x6, 0x8a, 0x0, 0xf1,
    0x0, 0x7c, 0xb8, 0x1, 0xc3, 0x8a, 0x1, 0xc4,
    0x47, 0x0, 0xe1, 0xaa, 0x18, 0x3e, 0xeb, 0x3,
    0x37, 0x72, 0x82, 0x3a, 0x2, 0x4c, 0x81, 0xa6,
    0x4c, 0xc9, 0x40, 0x4, 0x38, 0x1a, 0x30, 0xc2,
    0x21, 0xf5, 0x4, 0x2, 0x10, 0xa, 0x90, 0x40,
    0x6, 0xa0, 0x18, 0x70, 0x2, 0x6e, 0x0, 0x20,
    0x18, 0x4, 0x5e, 0xe0, 0x2, 0xe, 0x10, 0x87,
    0x0, 0x8b, 0x5a, 0xc0, 0x5, 0xe3, 0xd2, 0x72,
    0x1, 0x14, 0xc0, 0x80, 0x43, 0x52, 0xc2, 0x60,
    0x19, 0x80, 0x3c, 0x90, 0xa9, 0xaa, 0x1, 0xf0,
    0xae, 0x5c, 0xd5, 0x26, 0xa0, 0x3, 0xc7, 0x9,
    0xce, 0x0, 0x6b, 0x10,

    /* U+5987 "妇" */
    0x0, 0xff, 0xe2, 0xa7, 0x0, 0x7f, 0xf0, 0x4c,
    0x80, 0x2b, 0xbf, 0x88, 0xb, 0x58, 0x88, 0x11,
    0x1e, 0x41, 0x5d, 0x55, 0x6e, 0x90, 0xcf, 0xc2,
    0xb, 0xe1, 0xbe, 0x2c, 0x1, 0xfc, 0x82, 0x42,
    0x22, 0x0, 0xfe, 0xc4, 0x5, 0x10, 0x9f, 0xfe,
    0x10, 0x2, 0x60, 0x6b, 0x85, 0xe6, 0x70, 0x4,
    0xb0, 0xaf, 0xa0, 0x46, 0x7c, 0x20, 0x9, 0xba,
    0x14, 0x0, 0xff, 0x94, 0x82, 0x40, 0x3f, 0xea,
    0x1d, 0x75, 0x11, 0xf0, 0x0, 0x6d, 0xf4, 0xb1,
    0xfb, 0xbc, 0x20, 0xa3, 0xa2, 0x4, 0x4f, 0xff,
    0x8, 0x0,

    /* U+5988 "妈" */
    0x0, 0xff, 0xe3, 0x26, 0x80, 0x13, 0xff, 0xd4,
    0x1, 0x8d, 0xc0, 0x9, 0xdd, 0xca, 0x60, 0x11,
    0x69, 0x91, 0x1, 0x48, 0x46, 0xe, 0x0, 0x16,
    0xab, 0x6e, 0x83, 0x90, 0x2, 0x61, 0x0, 0x17,
    0x87, 0x68, 0x0, 0x44, 0x1, 0x9, 0x0, 0x46,
    0x22, 0x62, 0x7, 0x20, 0x8, 0x9c, 0x2, 0x55,
    0x1, 0x30, 0x10, 0x99, 0xc0, 0xe6, 0x0, 0xcc,
    0x6, 0x60, 0xe, 0x3b, 0xa2, 0x9c, 0x0, 0x20,
    0x1, 0x10, 0x1b, 0xbe, 0x92, 0x0, 0x6c, 0xd8,
    0x18, 0x91, 0x70, 0x90, 0x80, 0xf, 0x14, 0x83,
    0x37, 0x7a, 0x39, 0x40, 0x24, 0x1, 0x9d, 0xff,
    0xe9, 0x3e, 0x0, 0x3c, 0xd6, 0x8, 0x6, 0x11,
    0x1a, 0x20, 0x6, 0xad, 0x6, 0x0, 0x33, 0x76,
    0x31, 0x80, 0xea, 0x0, 0x7c, 0xff, 0xe9, 0x0,
    0x0,

    /* U+598A "妊" */
    0x0, 0xff, 0xe3, 0xf9, 0x80, 0x70, 0xa4, 0x65,
    0x80, 0x44, 0x6, 0x0, 0x9d, 0xef, 0xbf, 0x8b,
    0x0, 0x12, 0x9, 0x10, 0x6f, 0x3b, 0x45, 0xd0,
    0x0, 0x3b, 0x23, 0xba, 0x82, 0x10, 0xf, 0x87,
    0xd2, 0x7d, 0x38, 0x3, 0xfe, 0x44, 0x3, 0x10,
    0x7, 0xf8, 0xc4, 0x80, 0x8f, 0xfe, 0xc1, 0xff,
    0xb0, 0x2d, 0x41, 0x1, 0xb7, 0x69, 0x1d, 0xdb,
    0x83, 0x52, 0x75, 0x40, 0x8a, 0x50, 0x22, 0xc0,
    0xb8, 0xed, 0x80, 0x1f, 0xfc, 0x3, 0x90, 0xb1,
    0x0, 0xff, 0x86, 0x20, 0x1a, 0x1, 0xfe, 0x1d,
    0x47, 0xcb, 0x11, 0x98, 0x4, 0x60, 0x6, 0x3d,
    0x80, 0xbf, 0x75, 0x43, 0xdd, 0x40, 0x7d, 0x80,
    0x6f, 0xff, 0xd0,

    /* U+5992 "妒" */
    0x0, 0xff, 0xe2, 0xb5, 0x80, 0x73, 0x58, 0x7,
    0xbc, 0x80, 0x39, 0x9e, 0x40, 0x31, 0x10, 0x48,
    0x80, 0xf3, 0x27, 0x29, 0x92, 0xa6, 0xa3, 0xee,
    0x86, 0x83, 0xf7, 0x5e, 0x5a, 0x9c, 0x1d, 0xa0,
    0x21, 0x8c, 0xd8, 0x80, 0xa, 0x22, 0x62, 0x0,
    0xff, 0x1a, 0x81, 0xb8, 0x3, 0x51, 0x31, 0x0,
    0x33, 0x1, 0x9a, 0x0, 0x58, 0x8c, 0xa0, 0x6,
    0xe1, 0x45, 0x2, 0x9c, 0xcd, 0x7a, 0x18, 0xbe,
    0x44, 0x0, 0x30, 0x6, 0x55, 0x0, 0xe0, 0x19,
    0x88, 0x8, 0x3, 0xf4, 0x1b, 0x6a, 0x90, 0x7,
    0xe7, 0x77, 0x46, 0x55, 0x0, 0x3e, 0x29, 0xb3,
    0x7, 0x37, 0x0, 0xf8, 0xb9, 0x0, 0xb, 0xe0,
    0x1f, 0x80,

    /* U+5993 "妓" */
    0x0, 0x2e, 0x0, 0x7b, 0xcc, 0x3, 0xda, 0xa0,
    0x1f, 0xfc, 0x1, 0x23, 0x12, 0x22, 0x6e, 0xc1,
    0xdb, 0xaa, 0x6, 0xd4, 0x7d, 0xd3, 0x7f, 0xc1,
    0x1f, 0xe8, 0x7, 0xe0, 0xfe, 0x2, 0x2c, 0xc,
    0x45, 0x0, 0x10, 0xc1, 0x48, 0x8, 0xa0, 0x62,
    0x20, 0x5, 0x88, 0x4, 0x22, 0xdd, 0x60, 0xde,
    0xe9, 0x40, 0x9, 0x81, 0x88, 0x30, 0x9d, 0xd5,
    0xa, 0x80, 0xf, 0xc5, 0x30, 0x19, 0xc, 0x1,
    0x12, 0x1, 0x78, 0xf0, 0xa0, 0xb, 0xf8, 0x40,
    0x38, 0x4, 0x34, 0x41, 0x0, 0x8, 0xc, 0x7f,
    0x0, 0xe6, 0x3a, 0x76, 0x0, 0x29, 0xa1, 0x0,
    0x64, 0x9b, 0x5c, 0x74, 0xd4, 0xa6, 0xd4, 0x0,
    0x25, 0xca, 0x80, 0xfd, 0x2e, 0xae, 0xad, 0xe8,
    0xa6, 0x30, 0x0, 0xaf, 0xa0, 0x2, 0x8e, 0x81,

    /* U+5996 "妖" */
    0x0, 0xff, 0xe3, 0x26, 0x80, 0x7c, 0x2b, 0x22,
    0x1, 0x1b, 0x80, 0x4f, 0x39, 0xdf, 0xdc, 0x30,
    0x1, 0x69, 0x91, 0x0, 0x73, 0xc2, 0xad, 0xc8,
    0xb, 0x55, 0xb7, 0x46, 0xca, 0x60, 0x1e, 0x2f,
    0xe, 0xf0, 0x10, 0xf, 0xf1, 0x88, 0x88, 0xc,
    0x8a, 0x12, 0x2c, 0x0, 0x44, 0x3, 0x13, 0x6e,
    0xc1, 0x3b, 0xaf, 0x0, 0x66, 0x86, 0x3b, 0xbf,
    0xda, 0xb, 0xfe, 0xd0, 0x3, 0x68, 0x27, 0x80,
    0x48, 0x28, 0x1, 0xde, 0xf8, 0x6a, 0x1, 0x54,
    0x99, 0x80, 0x31, 0x61, 0x8, 0x4, 0x84, 0xcb,
    0x0, 0x1c, 0x82, 0x76, 0x3, 0x52, 0x32, 0x8a,
    0x1, 0x25, 0x4e, 0x1, 0x6a, 0xb8, 0xc, 0xd2,
    0x1, 0x5c, 0xb0, 0xdf, 0x3d, 0x80, 0x4d, 0x14,
    0x25, 0xcc, 0x1, 0x6d, 0x80, 0x73, 0xf8, 0x80,

    /* U+5999 "妙" */
    0x0, 0xff, 0xe3, 0x17, 0x80, 0x7b, 0x8c, 0x3,
    0xce, 0x60, 0x1f, 0xfc, 0x12, 0xc6, 0x22, 0x0,
    0xc0, 0x4, 0xcc, 0x0, 0x26, 0xb2, 0xee, 0x89,
    0x58, 0x2, 0x28, 0x0, 0x27, 0x8e, 0x78, 0x11,
    0x10, 0x2, 0x42, 0x60, 0x1, 0x9, 0x90, 0x3,
    0x34, 0x3, 0x55, 0x0, 0xe, 0x60, 0xc4, 0xa,
    0xa0, 0xc, 0xe2, 0x0, 0xc4, 0x3, 0x71, 0x52,
    0x0, 0xc3, 0xa0, 0x4, 0x10, 0xcf, 0x1a, 0x0,
    0xee, 0x40, 0x7, 0xa5, 0xa2, 0x0, 0x31, 0x83,
    0x9a, 0x0, 0xb, 0x5c, 0xc, 0x3, 0x6b, 0xc4,
    0x80, 0x62, 0x34, 0xc2, 0x0, 0x96, 0xe5, 0x0,
    0x37, 0x35, 0xc9, 0x81, 0xe5, 0xd3, 0x0, 0x43,
    0xaf, 0x20, 0xf1, 0xd8, 0xbe, 0xa0, 0x18, 0x6e,
    0xc0, 0x17, 0x57, 0xc8, 0x80, 0x70,

    /* U+59A5 "妥" */
    0x0, 0xff, 0xe0, 0x8, 0x80, 0x30, 0x92, 0x2b,
    0x3c, 0x56, 0x77, 0x20, 0x2, 0x6f, 0xf4, 0x76,
    0x70, 0x64, 0xee, 0xa4, 0x2, 0x6a, 0xec, 0xbb,
    0x24, 0xb2, 0x9f, 0xc0, 0x6, 0x3e, 0x0, 0x8,
    0x98, 0x0, 0xc7, 0x20, 0x19, 0xc1, 0x80, 0x17,
    0x60, 0x18, 0xb1, 0x0, 0xe8, 0x0, 0x31, 0x68,
    0x2b, 0xa8, 0x7, 0x95, 0x8a, 0x58, 0x41, 0x24,
    0x3, 0xf, 0xfe, 0xd0, 0xcf, 0xff, 0x84, 0x5b,
    0xb3, 0x8e, 0x6e, 0xca, 0x9b, 0xb0, 0x81, 0x10,
    0x1e, 0xcc, 0x88, 0x2b, 0x4, 0x50, 0x6, 0x50,
    0x88, 0x21, 0xec, 0x18, 0x7, 0xcf, 0xfc, 0x37,
    0x80, 0x60, 0x1f, 0x12, 0x3f, 0xb2, 0xdb, 0x57,
    0x41, 0x0, 0x5b, 0xa9, 0xda, 0xea, 0x48, 0xeb,
    0x4f, 0x0, 0xb3, 0xf6, 0x98, 0x40, 0x32, 0xe6,
    0x80, 0x0,

    /* U+59A8 "妨" */
    0x0, 0xff, 0x8, 0x7, 0xc9, 0xa0, 0x1e, 0xe3,
    0x0, 0xf1, 0xb0, 0x7, 0x96, 0x80, 0x38, 0xb4,
    0x8b, 0x4c, 0xc0, 0x73, 0x31, 0x9b, 0x55, 0xb7,
    0x42, 0x33, 0x19, 0x8, 0xe3, 0xf0, 0xde, 0x3,
    0x88, 0x5, 0xc4, 0x62, 0x3, 0x12, 0x28, 0x3,
    0xfe, 0x44, 0x2, 0xb0, 0x0, 0x43, 0x7f, 0xe6,
    0x0, 0x66, 0x86, 0x60, 0x0, 0x61, 0x9b, 0xa2,
    0x0, 0x8a, 0x51, 0x20, 0x3, 0x89, 0x91, 0x0,
    0xc0, 0x13, 0x76, 0x13, 0x0, 0x7a, 0x0, 0x46,
    0x20, 0x12, 0x90, 0x50, 0xa, 0xf8, 0x4, 0x2e,
    0x1, 0x48, 0xeb, 0xd, 0x92, 0x80, 0x8, 0x8,
    0x1, 0x2d, 0xc5, 0x92, 0xbc, 0x4, 0x4a, 0x11,
    0x1, 0x26, 0x90, 0xb, 0x51, 0x86, 0x6b, 0xc0,
    0x0, 0xb4, 0x80, 0x3, 0xca, 0x0, 0xef, 0xf3,
    0x0, 0x0,

    /* U+59AE "妮" */
    0x0, 0xff, 0xe3, 0x26, 0x0, 0x5f, 0xff, 0x80,
    0x23, 0x50, 0xd, 0xdd, 0xda, 0x1, 0x16, 0x89,
    0x8, 0x0, 0x47, 0x8c, 0x0, 0x3a, 0xaf, 0xbe,
    0x0, 0x21, 0x1c, 0x40, 0x1, 0xd0, 0xb9, 0x30,
    0x6, 0xf7, 0x6c, 0x0, 0x8c, 0x50, 0xd8, 0x1,
    0xed, 0x9f, 0xf8, 0x0, 0x8a, 0x1a, 0x40, 0x12,
    0xb8, 0x0, 0x58, 0x1, 0x98, 0x3, 0xc1, 0x0,
    0xe6, 0xec, 0x10, 0x5c, 0x14, 0x41, 0x88, 0x3,
    0xb9, 0x57, 0x42, 0x1a, 0x1e, 0x62, 0xe4, 0x0,
    0x1d, 0xc4, 0x0, 0x86, 0xc0, 0x45, 0x8a, 0x0,
    0xf3, 0x0, 0x8, 0x4, 0xe6, 0xd2, 0x9a, 0x1,
    0xe6, 0x90, 0x68, 0xeb, 0xe3, 0x40, 0x1, 0x88,
    0xdb, 0xc3, 0x76, 0x30, 0xab, 0x0, 0x54, 0x77,
    0x4e, 0xa3, 0xa8, 0x0, 0xc5, 0x0, 0x37, 0xfe,
    0xd2,

    /* U+59B9 "妹" */
    0x0, 0xff, 0xe3, 0x26, 0x0, 0x7b, 0x90, 0x3,
    0xc6, 0xc0, 0x1f, 0xfc, 0x12, 0xd3, 0x22, 0xaa,
    0xa1, 0x8a, 0xa4, 0x1, 0x6a, 0xb6, 0xe8, 0xff,
    0xe0, 0x4f, 0xf6, 0x1, 0x78, 0x76, 0x88, 0x95,
    0x61, 0xc5, 0x52, 0x0, 0xc, 0x44, 0xe4, 0x1,
    0xff, 0x22, 0x0, 0x9a, 0xbf, 0xe1, 0xbf, 0xf9,
    0x3, 0x30, 0x19, 0x8b, 0xee, 0x30, 0xe, 0xf7,
    0x10, 0xa, 0x15, 0x10, 0x22, 0x6, 0x0, 0x50,
    0x88, 0x1, 0x37, 0x42, 0x40, 0xb, 0x71, 0x86,
    0x20, 0xc, 0xa2, 0x29, 0x6, 0x48, 0x2, 0x9e,
    0x0, 0xd4, 0x5a, 0x4d, 0x3a, 0x1, 0x3b, 0x60,
    0x85, 0x27, 0x15, 0xd5, 0x98, 0x6, 0xa5, 0x2,
    0x1f, 0x20, 0x6, 0x20, 0x7, 0xa4, 0x40,

    /* U+59BB "妻" */
    0x0, 0xfa, 0xe0, 0x3, 0xf6, 0x77, 0x72, 0x3f,
    0x77, 0x58, 0x3, 0x3b, 0xb9, 0x63, 0xbb, 0xac,
    0x2, 0x7e, 0xec, 0xb1, 0xdd, 0x7a, 0x80, 0x67,
    0xee, 0xcb, 0x1d, 0xd1, 0x80, 0x47, 0xff, 0xe5,
    0x8f, 0xf8, 0xeb, 0xcc, 0xdf, 0xfe, 0x58, 0xff,
    0x8e, 0xbc, 0xc0, 0x11, 0xdd, 0x7a, 0xcf, 0x74,
    0x40, 0x1d, 0x1d, 0xcf, 0x18, 0xee, 0xe5, 0x0,
    0xf, 0x75, 0xfc, 0x33, 0xdc, 0xff, 0xbb, 0x82,
    0x2e, 0xe9, 0x53, 0xfb, 0xa5, 0x3f, 0xee, 0x8,
    0x4, 0x62, 0xd7, 0xd, 0x8d, 0xa0, 0x1e, 0x11,
    0x45, 0x83, 0xd8, 0x8a, 0x14, 0x3, 0x77, 0x33,
    0xf3, 0x77, 0x67, 0xf7, 0x98, 0x3, 0xbf, 0xb2,
    0x98, 0x80, 0x2, 0xd7, 0xe6, 0x0,

    /* U+59C6 "姆" */
    0x0, 0xff, 0xe3, 0x2e, 0x0, 0x4d, 0xff, 0xe9,
    0x0, 0x89, 0x80, 0x21, 0x4f, 0xfc, 0xc0, 0x11,
    0x69, 0x10, 0x40, 0x2, 0x96, 0x1, 0x8, 0xe,
    0xab, 0xef, 0x87, 0x9a, 0xd, 0x80, 0x61, 0xf0,
    0xdb, 0x30, 0x1e, 0xa, 0x1, 0x0, 0xc4, 0x4,
    0x46, 0x35, 0xe4, 0x47, 0xa9, 0x14, 0xe, 0x61,
    0xc5, 0x66, 0x91, 0x19, 0x5d, 0xc1, 0x88, 0x7,
    0xf0, 0x53, 0x2f, 0xcc, 0x2d, 0xa8, 0x28, 0x1,
    0x10, 0x6, 0xc3, 0xa6, 0xe, 0x60, 0xf, 0x6b,
    0x22, 0x0, 0x9a, 0x56, 0x80, 0x88, 0x0, 0x78,
    0x82, 0x4, 0x6, 0x2b, 0xa2, 0x62, 0x1, 0x20,
    0x8a, 0x84, 0x37, 0xb9, 0x9c, 0x34, 0x60, 0xf3,
    0x58, 0x5, 0xff, 0x77, 0x24, 0x3c, 0xc6, 0xad,
    0x6, 0x84, 0x2, 0xbe, 0x89, 0x0, 0xe, 0xa0,
    0x7, 0xd5, 0xfc, 0xc0, 0x0,

    /* U+59CB "始" */
    0x0, 0xa, 0x0, 0x71, 0x20, 0x7, 0xcb, 0x20,
    0x1d, 0x10, 0x0, 0xf8, 0xdc, 0x3, 0xa, 0xf8,
    0x7, 0x8b, 0x4c, 0x88, 0x0, 0x94, 0x32, 0xe1,
    0x0, 0x26, 0xab, 0x6e, 0x88, 0x8f, 0x20, 0x49,
    0x60, 0x4, 0xf0, 0xef, 0x2, 0xe7, 0x20, 0x19,
    0x54, 0x0, 0x18, 0x88, 0x85, 0xcd, 0xbf, 0xdd,
    0x83, 0x0, 0x5, 0x40, 0x72, 0x49, 0xac, 0xdf,
    0xf7, 0x0, 0x86, 0xe0, 0x6a, 0x9b, 0xb0, 0x81,
    0x15, 0x82, 0x0, 0xb2, 0x5d, 0xc, 0xdd, 0xf2,
    0x0, 0x2d, 0xf4, 0x90, 0x1, 0x7f, 0xf8, 0x40,
    0x35, 0x20, 0x18, 0x7, 0xff, 0x0, 0xd1, 0x74,
    0x40, 0x3f, 0xc3, 0xd5, 0x44, 0x20, 0x11, 0xe0,
    0x8, 0x6b, 0x94, 0x28, 0xc2, 0xbb, 0xb0, 0x80,
    0x0,

    /* U+59D0 "姐" */
    0x0, 0xff, 0xe3, 0x26, 0x80, 0x5d, 0xff, 0xe0,
    0xc, 0x4e, 0x1, 0xab, 0xba, 0xa0, 0x8, 0x5e,
    0x99, 0xdc, 0x0, 0x61, 0x1c, 0x1, 0xb0, 0xc3,
    0x20, 0x3, 0xfc, 0x36, 0x1d, 0x22, 0x0, 0xed,
    0xda, 0x40, 0x31, 0x9, 0x31, 0x0, 0x2a, 0x66,
    0xa0, 0xc, 0xea, 0x6, 0xc0, 0x4, 0x4c, 0x60,
    0x1b, 0x30, 0x1b, 0xa0, 0xf, 0xf8, 0xec, 0x95,
    0x40, 0xe, 0xcc, 0xa4, 0x3, 0x53, 0x68, 0x90,
    0x2, 0xa6, 0x65, 0x0, 0xea, 0x20, 0x10, 0x2,
    0x2a, 0xd8, 0x1, 0xc8, 0x44, 0xd0, 0xf, 0xf8,
    0xa6, 0x35, 0x4, 0x18, 0x47, 0x0, 0x80, 0x31,
    0xdc, 0x21, 0xc3, 0x5d, 0xd5, 0x7, 0x28, 0x6d,
    0x0, 0x23, 0xff, 0xf9, 0x40,

    /* U+59D1 "姑" */
    0x0, 0xff, 0xe3, 0x45, 0x0, 0x79, 0x74, 0x3,
    0xc5, 0xa0, 0x1f, 0xfc, 0x12, 0x71, 0x22, 0x0,
    0x7f, 0x93, 0x4a, 0x77, 0x45, 0xdf, 0xea, 0x2f,
    0xf9, 0xd3, 0x43, 0xfc, 0x7, 0xb9, 0x88, 0x1c,
    0xc9, 0x81, 0xc, 0xc, 0x4, 0xce, 0x23, 0x3c,
    0x21, 0xe8, 0xc, 0x40, 0x1f, 0xf2, 0x68, 0x6a,
    0x0, 0xc, 0xc4, 0x67, 0x80, 0x7, 0x80, 0xba,
    0x9, 0x9d, 0x47, 0xdb, 0xa0, 0x7, 0xae, 0x12,
    0x0, 0x7, 0x77, 0x50, 0x4, 0x38, 0x42, 0x40,
    0x1f, 0xfc, 0x7, 0x4, 0xc2, 0x0, 0xff, 0x44,
    0x36, 0x9c, 0xc0, 0x7b, 0xb5, 0x80, 0x5, 0x34,
    0xc2, 0x44, 0x1, 0xbb, 0xa0, 0x0,

    /* U+59D3 "姓" */
    0x0, 0xff, 0xe3, 0x27, 0x0, 0x63, 0x5, 0xd0,
    0xf, 0x12, 0x80, 0x45, 0x80, 0x1f, 0x9, 0xe0,
    0x99, 0x81, 0xc, 0x3, 0xe5, 0xe5, 0x4e, 0xc1,
    0xd3, 0xfa, 0x2f, 0xf8, 0x13, 0x43, 0xf0, 0xd,
    0x2f, 0x60, 0x77, 0x60, 0x1, 0x88, 0x88, 0x90,
    0x88, 0x22, 0x19, 0x14, 0x0, 0x44, 0x2, 0xb1,
    0xf8, 0x7, 0xf6, 0x60, 0x33, 0x12, 0xa4, 0x51,
    0x91, 0x40, 0x1, 0xb3, 0x44, 0x3, 0x6e, 0xa0,
    0x77, 0x58, 0x0, 0xaa, 0x60, 0x98, 0x3f, 0xfa,
    0x8b, 0xfd, 0xc0, 0x13, 0x98, 0x40, 0x7, 0xff,
    0x1, 0x8a, 0xdc, 0xc0, 0x3f, 0xc9, 0x34, 0x9a,
    0x42, 0x31, 0x98, 0x46, 0x2, 0xb9, 0x40, 0x28,
    0xee, 0xa4, 0x7b, 0xa5, 0x2d, 0x60, 0xa, 0x7f,
    0xff, 0x28,

    /* U+59D4 "委" */
    0x0, 0xf8, 0x49, 0x1a, 0x28, 0x40, 0x35, 0xef,
    0x7f, 0xbb, 0x3f, 0xee, 0x0, 0xea, 0xce, 0xff,
    0x3a, 0x5c, 0xba, 0x8, 0x4, 0x20, 0x1, 0x1c,
    0x2, 0x3e, 0x0, 0x67, 0x77, 0x32, 0xf7, 0x78,
    0xc3, 0x7f, 0xda, 0x86, 0xa8, 0xa5, 0x7f, 0xf1,
    0x80, 0x12, 0x77, 0x30, 0x43, 0x51, 0x38, 0xe4,
    0x0, 0xd9, 0xee, 0x3b, 0x1e, 0x82, 0xec, 0x6e,
    0x90, 0x33, 0x5c, 0x4a, 0x7d, 0xc0, 0x24, 0xaf,
    0x41, 0xfe, 0xeb, 0x42, 0xbb, 0xbe, 0x71, 0xff,
    0x94, 0xbb, 0xfe, 0x42, 0xff, 0x9c, 0x4, 0x4c,
    0x88, 0x21, 0x13, 0x2f, 0x88, 0xc0, 0x19, 0x68,
    0x3f, 0xdb, 0xe, 0x60, 0x1e, 0x21, 0x0, 0x10,
    0x2b, 0xaf, 0xe3, 0x90, 0x2, 0xb7, 0xb8, 0x35,
    0xf1, 0xd, 0xea, 0xb9, 0x0, 0x57, 0xed, 0xc2,
    0x0, 0x61, 0x6c, 0xb0,

    /* U+59DA "姚" */
    0x0, 0xff, 0xe3, 0x26, 0x80, 0x62, 0xe0, 0xd3,
    0x0, 0xe2, 0x60, 0xf, 0xfe, 0x9, 0x79, 0x15,
    0xc, 0x1, 0xec, 0x41, 0xd6, 0x66, 0xfd, 0xc3,
    0x0, 0x68, 0x4, 0x1f, 0x1d, 0xb1, 0x35, 0xe0,
    0xa, 0x9b, 0x40, 0x2, 0x22, 0x23, 0x4, 0xf8,
    0x5, 0x98, 0x10, 0x2, 0x18, 0x71, 0x1, 0x30,
    0x5, 0xa6, 0x1, 0x62, 0x2, 0x60, 0x26, 0x80,
    0x47, 0xe4, 0x0, 0xf7, 0x63, 0x59, 0xa7, 0x30,
    0x4, 0x43, 0x8, 0x1a, 0xe0, 0x84, 0xff, 0x98,
    0x2, 0x68, 0x60, 0x2, 0x19, 0x45, 0xd, 0x68,
    0x6, 0x64, 0x0, 0x4b, 0x63, 0x93, 0x1b, 0x80,
    0x63, 0xa0, 0x97, 0xa3, 0xe4, 0x9b, 0x10, 0x3,
    0x2, 0x81, 0x2f, 0x88, 0x2c, 0x5a, 0x80, 0x16,
    0xbe, 0x78, 0xb0, 0x40, 0x9, 0xc8, 0x1, 0x47,
    0xfc, 0x80,

    /* U+59DC "姜" */
    0x0, 0xc2, 0x1, 0xe1, 0x0, 0xfd, 0x76, 0x0,
    0xcb, 0xe2, 0x1, 0x84, 0xcd, 0xc8, 0xc6, 0x75,
    0xb1, 0x19, 0x0, 0x17, 0xfd, 0x7, 0x5b, 0x9e,
    0x49, 0xfe, 0xb0, 0x2, 0x66, 0x73, 0x1e, 0x67,
    0x48, 0x5, 0x3d, 0xd9, 0xcf, 0xbb, 0x80, 0x34,
    0xf7, 0x67, 0x3e, 0xee, 0x0, 0xbb, 0xff, 0x9c,
    0xff, 0xfc, 0xa1, 0xdf, 0xf7, 0x16, 0x7f, 0xfc,
    0xa3, 0xdd, 0xc5, 0xbd, 0xdf, 0x38, 0xf7, 0x4e,
    0x5d, 0xd9, 0x83, 0xfb, 0x8e, 0x1, 0x2b, 0x21,
    0x0, 0x19, 0xe8, 0x40, 0x3c, 0xd2, 0x7d, 0xfb,
    0x2c, 0x80, 0x1e, 0x20, 0x1, 0x98, 0x95, 0x9f,
    0xed, 0x84, 0x1, 0x7b, 0xf8, 0x3b, 0xa8, 0x9e,
    0xc3, 0x8b, 0x0, 0x5f, 0xe5, 0x41, 0x80, 0x63,
    0x8e, 0xa0,

    /* U+59E5 "姥" */
    0x0, 0xff, 0xe3, 0x2e, 0x0, 0x74, 0x40, 0x2,
    0x10, 0x8, 0x98, 0x2, 0x11, 0xf4, 0x50, 0x0,
    0xb4, 0x88, 0x21, 0x98, 0x77, 0x66, 0xb5, 0x0,
    0xea, 0xbe, 0xf8, 0x6e, 0x99, 0x9a, 0x36, 0x20,
    0x3e, 0x1b, 0x86, 0x1, 0xd4, 0xea, 0x1, 0x10,
    0x93, 0xc, 0x7f, 0x9d, 0xca, 0xaf, 0xf3, 0x3,
    0xa8, 0x6a, 0xce, 0xe9, 0x7, 0x37, 0x67, 0xc,
    0xc0, 0x1f, 0x89, 0xf2, 0xe1, 0x90, 0x90, 0x82,
    0xe8, 0xa2, 0x1f, 0x88, 0xb5, 0xe9, 0x80, 0x35,
    0xbc, 0x92, 0x6a, 0xca, 0xf3, 0x1c, 0x60, 0x1,
    0xc0, 0x34, 0xe5, 0x0, 0x7f, 0x38, 0x7, 0x38,
    0x27, 0x88, 0x0, 0x90, 0x2, 0xc3, 0x6, 0x8a,
    0xa3, 0x98, 0x0, 0x88, 0x22, 0x33, 0x8, 0xa2,
    0xd0, 0x28, 0x81, 0xf, 0x7b, 0x98, 0x84, 0x3c,
    0x80, 0x1c, 0x3b, 0xff, 0xac, 0x0,

    /* U+59E8 "姨" */
    0x0, 0x1e, 0x80, 0x7b, 0xc8, 0x3, 0xca, 0xc0,
    0xb, 0xff, 0x83, 0x7f, 0xe6, 0x4, 0xc1, 0x43,
    0xbf, 0xf8, 0x37, 0xfe, 0x60, 0x85, 0x79, 0xf1,
    0xee, 0x83, 0x7b, 0x9a, 0x0, 0xc0, 0xcb, 0x71,
    0xee, 0x83, 0x7a, 0x80, 0x22, 0x11, 0x71, 0x1,
    0x9c, 0xe, 0x64, 0x1, 0x3a, 0x81, 0x70, 0x67,
    0xf8, 0x27, 0xe9, 0xc0, 0x18, 0x60, 0xe8, 0x43,
    0x9a, 0x1b, 0x98, 0xa0, 0x2, 0x88, 0x8c, 0xcc,
    0x3f, 0xc1, 0xdf, 0xf2, 0x86, 0x96, 0x20, 0x27,
    0xf9, 0xc2, 0x7f, 0xc4, 0xc0, 0x34, 0x4c, 0x1,
    0xb, 0x55, 0x9d, 0x11, 0x80, 0x2d, 0x2, 0x80,
    0x75, 0xd5, 0x5f, 0xdc, 0x0, 0x4a, 0x56, 0xfa,
    0xfb, 0x48, 0x42, 0xd3, 0x88, 0x97, 0x4, 0x4d,
    0x71, 0x40, 0x14, 0xdd, 0x30, 0xe1, 0x0, 0xf,
    0x98, 0x3, 0x97, 0x1c,

    /* U+59EC "姬" */
    0x0, 0xff, 0xe3, 0x35, 0x80, 0x5f, 0xff, 0x80,
    0x2f, 0x30, 0xd, 0xbd, 0xc1, 0xce, 0xe0, 0xb,
    0xa1, 0x3b, 0x84, 0xc, 0x44, 0x2, 0x30, 0x1e,
    0x13, 0x64, 0x18, 0x7, 0xf1, 0x50, 0x65, 0x81,
    0x0, 0x37, 0x87, 0x78, 0x80, 0xa, 0x40, 0x62,
    0x1, 0x1f, 0xfc, 0x1, 0xb1, 0x1, 0x88, 0x3,
    0xfe, 0x4f, 0xc, 0x40, 0xf, 0xfe, 0x5, 0xb,
    0xd8, 0x6, 0xfd, 0xd0, 0x80, 0x58, 0xdc, 0x6,
    0x1, 0x77, 0x2, 0x3c, 0x80, 0x2a, 0x21, 0x40,
    0xe, 0x11, 0x0, 0x74, 0x4, 0x59, 0x0, 0x7f,
    0xa1, 0xf9, 0xe8, 0x83, 0x37, 0x47, 0x5b, 0xa3,
    0x25, 0xc3, 0x5, 0xc, 0xee, 0xb3, 0x7b, 0x86,
    0x5a, 0x60, 0x18, 0xcf, 0xf0, 0x0,

    /* U+59FB "姻" */
    0x0, 0xff, 0xe2, 0xbc, 0x0, 0x17, 0xff, 0xed,
    0x0, 0x6f, 0x0, 0x49, 0xdd, 0xd4, 0x1, 0x31,
    0x0, 0x42, 0x36, 0x80, 0x88, 0x13, 0xce, 0xff,
    0x80, 0x30, 0x80, 0x64, 0xb1, 0xda, 0x0, 0x88,
    0x86, 0x44, 0x10, 0x9, 0x48, 0x8, 0x1, 0xde,
    0x3b, 0xf8, 0x0, 0xc3, 0x2, 0x60, 0x6, 0x60,
    0x3f, 0x74, 0x0, 0x4c, 0xc, 0xc0, 0x4, 0xa1,
    0x0, 0x1d, 0x4, 0x88, 0x0, 0xb6, 0x10, 0xc0,
    0x2c, 0x5d, 0x22, 0x0, 0x5, 0xda, 0x7c, 0x3,
    0x48, 0x91, 0x80, 0xe5, 0x8a, 0x6, 0x80, 0x50,
    0x6f, 0xa6, 0x10, 0xa0, 0xd, 0xd0, 0x2, 0x1f,
    0xe2, 0x8d, 0x2b, 0xfe, 0xeb, 0x1, 0x4d, 0x20,
    0x40, 0x4d, 0xde, 0x90,

    /* U+59FF "姿" */
    0x0, 0xf9, 0xc, 0x3, 0xf2, 0xf3, 0x80, 0x54,
    0xc0, 0x1f, 0x97, 0x73, 0x41, 0xc6, 0xbf, 0xfa,
    0xc0, 0x23, 0xbf, 0x48, 0xbe, 0x46, 0xee, 0xe,
    0x80, 0x70, 0x94, 0xa0, 0x22, 0x8a, 0x9b, 0x0,
    0x47, 0x7c, 0xcc, 0xa, 0x57, 0x84, 0xd0, 0x0,
    0xde, 0xec, 0xb, 0xaf, 0x54, 0x5b, 0x30, 0x0,
    0xe7, 0x31, 0xfd, 0x5e, 0x0, 0xee, 0x6f, 0x0,
    0x1c, 0x0, 0x74, 0x4, 0x1, 0x9f, 0xbc, 0x7,
    0xff, 0x50, 0x5f, 0xff, 0xb8, 0x45, 0xdd, 0x29,
    0x6f, 0x74, 0x87, 0xdd, 0x8, 0x8, 0x9d, 0x50,
    0x46, 0x64, 0xe1, 0x18, 0x3, 0x2c, 0x87, 0x7e,
    0xc3, 0x90, 0x7, 0x88, 0xc, 0x2, 0x46, 0x5f,
    0xb7, 0x10, 0x7, 0x6e, 0xb8, 0x67, 0xe6, 0x5b,
    0xac, 0xab, 0x0, 0x77, 0xf5, 0xc2, 0x0, 0x62,
    0x7d, 0xa0,

    /* U+5A01 "威" */
    0x0, 0xff, 0xe7, 0x79, 0xe4, 0x88, 0x4, 0x23,
    0xf8, 0x1f, 0x86, 0x40, 0x3, 0xdd, 0xf8, 0x2f,
    0x5d, 0xc6, 0x1, 0x7f, 0xfc, 0x37, 0xff, 0x18,
    0x4, 0x7d, 0xdc, 0xe6, 0x20, 0xac, 0x1, 0x8f,
    0xb0, 0x3f, 0x9d, 0x8c, 0x38, 0x3, 0xe5, 0x71,
    0x0, 0x8, 0x81, 0x1c, 0x0, 0x60, 0xdf, 0xd,
    0xde, 0xa5, 0xaa, 0x42, 0x0, 0x11, 0x34, 0xa7,
    0xf8, 0x53, 0x5b, 0xac, 0x2, 0x72, 0x8, 0x12,
    0xb6, 0x17, 0x35, 0x60, 0x8, 0xd8, 0x3f, 0x74,
    0xb4, 0x6, 0x12, 0xa, 0x61, 0x9a, 0x5, 0x69,
    0x18, 0x9a, 0x1a, 0x1a, 0xa2, 0x8a, 0xfd, 0x56,
    0xfb, 0x2b, 0xaa, 0xa4, 0x23, 0x62, 0x7d, 0x60,
    0x5, 0x52, 0x4a, 0xac, 0x10, 0xa4, 0x3, 0xd2,
    0xe0, 0x5, 0xec, 0x0,

    /* U+5A03 "娃" */
    0x0, 0x26, 0x0, 0x7b, 0x90, 0x3, 0xc6, 0xa0,
    0x10, 0x8c, 0x2, 0x38, 0x0, 0x5a, 0x24, 0x21,
    0xff, 0xd, 0xff, 0xa4, 0xb, 0x55, 0xf7, 0x3,
    0xba, 0x1a, 0xee, 0x40, 0x17, 0x87, 0x58, 0x80,
    0x7f, 0xc4, 0x22, 0x26, 0x8e, 0xe8, 0x6b, 0xba,
    0x30, 0x45, 0xe, 0x2a, 0xdd, 0xb3, 0x77, 0x18,
    0x66, 0x1, 0x34, 0x8c, 0xe9, 0x3, 0x38, 0x2,
    0xa3, 0x32, 0x1, 0x14, 0x8a, 0x45, 0x0, 0x29,
    0x70, 0x85, 0x37, 0x61, 0x9d, 0xd7, 0x80, 0x50,
    0x44, 0x64, 0xff, 0x86, 0xff, 0xda, 0x1, 0x29,
    0xc4, 0x98, 0x7, 0xf8, 0xae, 0x1d, 0xc0, 0x45,
    0x1, 0x16, 0x11, 0x6b, 0xb0, 0x76, 0x6e, 0xc3,
    0x3b, 0xb3, 0xd, 0xc8, 0x1, 0xbf, 0xff, 0x9c,

    /* U+5A04 "娄" */
    0x0, 0xa0, 0x40, 0x15, 0x0, 0x2, 0xa1, 0x0,
    0xe1, 0xc0, 0xf, 0x79, 0x8, 0x4, 0x47, 0x40,
    0xe6, 0x24, 0x70, 0x36, 0x66, 0x0, 0x4e, 0xe8,
    0xe7, 0x11, 0x71, 0x8b, 0x75, 0xc0, 0xb, 0xee,
    0xa4, 0x4c, 0xc3, 0x3d, 0xd6, 0x80, 0x62, 0xbb,
    0x7b, 0x26, 0xd6, 0x18, 0x6, 0x5b, 0xcc, 0x84,
    0x0, 0x7b, 0x7d, 0xb0, 0x0, 0x2e, 0xe3, 0x8f,
    0x15, 0x80, 0x1f, 0x67, 0x80, 0x62, 0xbf, 0xdc,
    0x2f, 0x9f, 0xfa, 0xe4, 0x87, 0xba, 0x52, 0xde,
    0xe9, 0x11, 0xdd, 0x10, 0x8, 0x9d, 0x68, 0xc4,
    0x4e, 0x92, 0x23, 0x0, 0x65, 0x8d, 0xfe, 0xc9,
    0x82, 0x0, 0xf0, 0x88, 0xc8, 0x82, 0xaa, 0x9e,
    0xa4, 0x0, 0xb7, 0xb2, 0x6, 0x7a, 0x6b, 0xb4,
    0xe9, 0x80, 0x1b, 0xfd, 0x92, 0xa2, 0x1, 0x1c,
    0xf3, 0x0,

    /* U+5A07 "娇" */
    0x0, 0xff, 0xe3, 0x17, 0x80, 0x42, 0x48, 0xaf,
    0x34, 0x1, 0x98, 0x80, 0x27, 0xff, 0x5e, 0x62,
    0xc0, 0x31, 0xb8, 0x4, 0xdb, 0x61, 0xa, 0x20,
    0x1, 0xf8, 0x5f, 0xf1, 0x14, 0x82, 0x22, 0x28,
    0x7, 0x8a, 0xb0, 0x7, 0x75, 0x61, 0xbb, 0x88,
    0x4, 0x90, 0x8, 0xfe, 0xc7, 0xb8, 0x39, 0xe4,
    0x6, 0x42, 0xac, 0xb, 0x74, 0x22, 0xad, 0x40,
    0x5, 0xa0, 0x66, 0x26, 0xe7, 0x0, 0x7, 0x36,
    0x40, 0x4, 0x34, 0x5b, 0xf5, 0x60, 0x4, 0xa7,
    0x10, 0x45, 0x61, 0x91, 0x5, 0xcc, 0x3, 0x8,
    0x4, 0xe2, 0x4a, 0x0, 0xc7, 0x0, 0xfd, 0x25,
    0x34, 0x42, 0xde, 0x1, 0xe1, 0xa7, 0xe6, 0xa3,
    0xa2, 0x50, 0xf, 0x87, 0xc8, 0x15, 0x4f, 0xa0,
    0x1f, 0xd, 0x88, 0x4, 0x98, 0x20, 0x17, 0x18,
    0x0,

    /* U+5A18 "娘" */
    0x0, 0xff, 0x8, 0x7, 0xc7, 0xc0, 0x1c, 0x5e,
    0x20, 0x1e, 0x52, 0x0, 0xb3, 0x7c, 0x7f, 0x74,
    0x60, 0x5, 0xd7, 0x54, 0x2, 0x8f, 0xdc, 0xf3,
    0x0, 0xd, 0xa2, 0xdd, 0x0, 0x18, 0x8b, 0x0,
    0x43, 0xc3, 0xb4, 0x60, 0xc, 0xff, 0xc2, 0x1,
    0x10, 0x99, 0x30, 0x2, 0xfb, 0xb0, 0x80, 0x4e,
    0x61, 0xc4, 0x0, 0x71, 0x1c, 0x1, 0xbd, 0x1,
    0x30, 0x1, 0x9f, 0xf8, 0x40, 0x26, 0x21, 0x34,
    0x0, 0x5f, 0x6, 0x7e, 0xb8, 0x3, 0x5b, 0xc8,
    0x40, 0xe, 0x2d, 0x27, 0x98, 0x0, 0xe, 0x0,
    0x7d, 0xb, 0xb5, 0x0, 0x13, 0x80, 0xd8, 0x7,
    0x48, 0x38, 0x4, 0xb1, 0x5a, 0x42, 0x29, 0xdd,
    0x34, 0xe3, 0x80, 0xd4, 0xa0, 0xcb, 0x80, 0x23,
    0x1, 0xee, 0xc2, 0x2e, 0x60, 0x9, 0xba, 0x94,
    0x2, 0x4c, 0x10,

    /* U+5A1C "娜" */
    0x0, 0xff, 0xe3, 0x4a, 0x84, 0x7f, 0xe1, 0xff,
    0xc4, 0x0, 0x56, 0x8, 0xb3, 0xe1, 0x0, 0x7e,
    0x89, 0xa, 0x92, 0xa8, 0x1d, 0xc2, 0x1, 0x91,
    0x0, 0xb0, 0x37, 0x40, 0x1f, 0xb3, 0xc1, 0x39,
    0x34, 0x1b, 0x13, 0xc4, 0x2, 0x45, 0x0, 0x29,
    0x89, 0x35, 0x9f, 0x8, 0x0, 0xc8, 0x2, 0xfd,
    0x21, 0x0, 0x38, 0x80, 0x46, 0x6, 0x0, 0x47,
    0x55, 0x0, 0x80, 0x4, 0x40, 0x8, 0x80, 0x0,
    0x9f, 0x31, 0x34, 0x9e, 0x1, 0x95, 0x40, 0xc,
    0xb5, 0x49, 0x69, 0xf0, 0xc, 0x22, 0x0, 0x1c,
    0x82, 0x2, 0x20, 0x3, 0x88, 0x2, 0x19, 0x7e,
    0x40, 0x20, 0xc, 0xdb, 0x0, 0x38, 0x91, 0x53,
    0x62, 0x82, 0x0, 0x6f, 0x70, 0x15, 0xa0, 0x27,
    0x6a, 0xb6, 0x0, 0xfa, 0x0, 0x7, 0x41, 0x7f,
    0x1, 0xe0, 0x18,

    /* U+5A1F "娟" */
    0x0, 0xff, 0xe2, 0xa6, 0x80, 0x49, 0xff, 0xe3,
    0x0, 0x1b, 0x80, 0x63, 0xff, 0xc2, 0x0, 0x2d,
    0x32, 0x20, 0x7, 0xf1, 0xea, 0xb6, 0xe8, 0x80,
    0xf3, 0x30, 0x81, 0xf8, 0x77, 0x81, 0x26, 0xf7,
    0x6d, 0x30, 0x31, 0x11, 0x8, 0x5f, 0xff, 0xa0,
    0x11, 0x41, 0xcc, 0x16, 0xbb, 0xb2, 0x10, 0x66,
    0x3, 0x50, 0x0, 0x46, 0x78, 0x40, 0xd, 0x82,
    0xba, 0x0, 0xae, 0xec, 0xe0, 0xd, 0x2f, 0x24,
    0x0, 0x57, 0x76, 0x70, 0xa, 0x48, 0x20, 0x1,
    0x19, 0x99, 0x80, 0x27, 0x2b, 0x77, 0x5, 0x77,
    0x67, 0x0, 0x3c, 0x6a, 0x63, 0x1, 0x16, 0x30,
    0x0, 0xde, 0x18, 0x18, 0x80, 0x65, 0xe7, 0xf1,
    0xc3, 0x0, 0xdc, 0xa0, 0x5, 0xfe, 0x50,

    /* U+5A20 "娠" */
    0x0, 0xff, 0xe3, 0x2d, 0x80, 0x5f, 0xff, 0x80,
    0x2d, 0x20, 0xd, 0x9d, 0xde, 0x0, 0x19, 0x84,
    0xc8, 0x0, 0x23, 0xf0, 0xe, 0x23, 0xe6, 0x0,
    0x3, 0xff, 0xd6, 0x3, 0xe1, 0xd8, 0x60, 0x1,
    0xee, 0xea, 0x0, 0x18, 0x89, 0x84, 0x0, 0x20,
    0x1f, 0x95, 0x40, 0x4a, 0x0, 0xce, 0xef, 0x18,
    0x66, 0x3, 0x7c, 0x1, 0xc7, 0xa9, 0xbf, 0x66,
    0xf, 0xe0, 0x88, 0x10, 0x10, 0x6, 0x2c, 0xc8,
    0x43, 0x96, 0xcc, 0x8c, 0x3, 0x2c, 0x1e, 0x88,
    0x1e, 0x28, 0x1, 0x84, 0x2, 0x23, 0xe0, 0xc,
    0x80, 0xd7, 0x8a, 0x1, 0xa6, 0x40, 0x11, 0xdd,
    0xd8, 0x98, 0x3, 0x7a, 0xcf, 0x82, 0x2c, 0x85,
    0x5, 0x36, 0x22, 0xb8, 0xe9, 0x88, 0x79, 0x80,
    0x5, 0x82, 0x5b, 0x66, 0x0, 0xa3,

    /* U+5A25 "娥" */
    0x0, 0xff, 0xe3, 0x1e, 0x80, 0x63, 0x99, 0x79,
    0xc8, 0x6, 0x57, 0x0, 0x4e, 0xe0, 0xc0, 0x5,
    0x40, 0x2, 0xc3, 0x22, 0x5e, 0x84, 0x88, 0x82,
    0x5c, 0x87, 0x95, 0x3f, 0xc4, 0x1, 0xf6, 0x90,
    0xe0, 0x64, 0x36, 0x70, 0x7f, 0xe, 0xf7, 0x20,
    0xc, 0x84, 0x87, 0xb0, 0x2b, 0xa, 0x76, 0xa4,
    0x11, 0xc3, 0x88, 0xa0, 0x52, 0x61, 0x7a, 0x10,
    0xc2, 0x4, 0xc0, 0x9, 0x18, 0x45, 0xf2, 0x0,
    0xd7, 0x92, 0x49, 0xd0, 0x81, 0x2b, 0x46, 0x0,
    0x36, 0x38, 0x87, 0x40, 0x63, 0xe9, 0xc0, 0x80,
    0x44, 0x0, 0xc7, 0x50, 0x8, 0x81, 0xc4, 0x40,
    0xb, 0x5f, 0x13, 0x0, 0x92, 0x0, 0xca, 0xc2,
    0x92, 0x87, 0x8, 0x80, 0xf5, 0x6f, 0x9, 0xa2,
    0x2f, 0x10, 0x1e, 0xd4, 0x2a, 0x49, 0x79, 0x51,
    0xb1, 0x0, 0xbf, 0xd6, 0x88, 0x1, 0xce, 0x20,

    /* U+5A29 "娩" */
    0x0, 0xff, 0xe3, 0x35, 0x0, 0x63, 0xd1, 0x0,
    0xfb, 0x88, 0x3, 0x41, 0x7f, 0xd6, 0x1, 0x8b,
    0x80, 0x25, 0x6f, 0xeb, 0x9, 0x0, 0x17, 0xac,
    0xff, 0x8e, 0xac, 0x89, 0x2a, 0x4, 0x5, 0x81,
    0x94, 0x32, 0x17, 0xfa, 0x6f, 0xf8, 0x1, 0x9,
    0x81, 0x50, 0xfe, 0x9d, 0xef, 0x0, 0x4a, 0x80,
    0x4c, 0x1, 0x89, 0x80, 0x3b, 0x34, 0x37, 0x40,
    0x7, 0x31, 0x63, 0x50, 0x9, 0x4, 0x11, 0x41,
    0x7b, 0xc2, 0x21, 0xaa, 0x0, 0xa8, 0xa3, 0x20,
    0xbb, 0x82, 0xef, 0x0, 0x13, 0x14, 0x40, 0x34,
    0x88, 0x7, 0xc8, 0x21, 0x40, 0xa, 0x45, 0x0,
    0x95, 0x40, 0xd3, 0x5a, 0x65, 0x6f, 0x63, 0xc0,
    0xf, 0x23, 0x8b, 0x41, 0xbd, 0x1d, 0x1c, 0x7f,
    0xf2, 0x29, 0xf2, 0x0, 0xb, 0xa8, 0x0, 0xdf,
    0xf7, 0x10,

    /* U+5A31 "娱" */
    0x0, 0xff, 0xe3, 0x35, 0x0, 0x7, 0xff, 0xe3,
    0x0, 0xbc, 0x80, 0x37, 0x7f, 0xe1, 0x0, 0x85,
    0x78, 0x44, 0x0, 0x10, 0xf, 0x9b, 0x8e, 0x7b,
    0x86, 0x6, 0x7c, 0x20, 0x7, 0xb0, 0xdc, 0x3,
    0x2e, 0xee, 0x20, 0x0, 0x81, 0x90, 0x10, 0xee,
    0xfc, 0x60, 0xc, 0x40, 0x66, 0x3f, 0xff, 0xd4,
    0x0, 0x5c, 0xf, 0xc7, 0xee, 0x58, 0x6f, 0x72,
    0xc0, 0xd, 0x26, 0x8a, 0x20, 0x1, 0x11, 0x80,
    0x75, 0xae, 0x1, 0x77, 0x54, 0x3d, 0xd9, 0x0,
    0x10, 0x42, 0xbf, 0xf1, 0x2, 0xff, 0xc8, 0x0,
    0x80, 0x9a, 0x30, 0x72, 0xd4, 0x60, 0xd, 0xf,
    0xed, 0x43, 0x31, 0x65, 0x53, 0x44, 0x6, 0xd8,
    0x40, 0x3a, 0x5a, 0x80, 0x9a, 0x3a, 0x27, 0xc6,
    0x0, 0x4d, 0xb2, 0x0, 0x8a, 0xf8, 0x40,

    /* U+5A36 "娶" */
    0xf, 0xff, 0x9d, 0xfc, 0xa0, 0xf, 0x59, 0xff,
    0xe, 0xfc, 0xee, 0xd5, 0xe0, 0x1a, 0x37, 0x42,
    0x10, 0x11, 0x54, 0x39, 0x0, 0xd1, 0xba, 0x10,
    0x4, 0x70, 0x42, 0x98, 0x6, 0x8c, 0xc0, 0x80,
    0x19, 0x9a, 0xb4, 0x1, 0xd1, 0xde, 0x34, 0x4a,
    0xc0, 0x6c, 0x20, 0xd, 0x7a, 0x8a, 0x10, 0xce,
    0x8d, 0xcd, 0xe2, 0xd, 0xd6, 0x54, 0x95, 0xfd,
    0xa0, 0x15, 0x71, 0x0, 0x8e, 0x62, 0x10, 0x11,
    0xe0, 0x0, 0xe6, 0x5f, 0x25, 0xf9, 0x8f, 0xec,
    0xc9, 0x87, 0x76, 0x26, 0xdd, 0xca, 0xad, 0xd9,
    0x80, 0x25, 0x7, 0xc9, 0x6d, 0x1a, 0x0, 0xf9,
    0x3e, 0x1d, 0xa8, 0x57, 0x20, 0xc0, 0x2a, 0xff,
    0xb3, 0x75, 0x98, 0xe8, 0x1d, 0xb0, 0x5, 0x7f,
    0x65, 0x31, 0x0, 0x5, 0x27, 0xac, 0x0,

    /* U+5A46 "婆" */
    0x0, 0xff, 0xe2, 0x8e, 0xb8, 0x7, 0x3d, 0x0,
    0x78, 0x73, 0x99, 0x7f, 0xe8, 0x5f, 0xfa, 0xc0,
    0x1b, 0x30, 0xc0, 0x7f, 0xe8, 0x5f, 0xf2, 0xc0,
    0x3, 0x1, 0x80, 0x8f, 0xb9, 0xb, 0xdc, 0x63,
    0x0, 0xc, 0x69, 0x73, 0xd1, 0x77, 0xe8, 0x40,
    0x6, 0x76, 0x37, 0xb4, 0x8f, 0x8d, 0xb4, 0x0,
    0x9a, 0x76, 0x8, 0x8b, 0xc0, 0x81, 0xee, 0x60,
    0xd, 0xd0, 0x17, 0x3f, 0xfb, 0xb3, 0x1b, 0x9e,
    0x0, 0xb3, 0x1b, 0x38, 0xc5, 0x0, 0x13, 0xde,
    0x0, 0x3b, 0xb8, 0x63, 0xba, 0xff, 0x77, 0x4,
    0x3b, 0xa4, 0x5f, 0xee, 0x9c, 0xbf, 0xb8, 0x20,
    0x13, 0xbd, 0x50, 0xb8, 0xb8, 0x1, 0xf2, 0xf5,
    0x33, 0xc8, 0x95, 0xb1, 0x0, 0x5d, 0xfe, 0x8e,
    0x9f, 0xcd, 0xff, 0x66, 0xc8, 0x3, 0xbf, 0x6e,
    0x54, 0x2, 0x15, 0xaf, 0x90,

    /* U+5A49 "婉" */
    0x0, 0x12, 0x80, 0x70, 0xb8, 0x7, 0xcb, 0xe0,
    0x1c, 0x32, 0x80, 0x1e, 0xed, 0x0, 0x57, 0xfc,
    0x37, 0xff, 0x28, 0x1a, 0xfa, 0x10, 0x3f, 0x77,
    0x84, 0xb, 0x4d, 0xaa, 0x48, 0x50, 0x47, 0x9d,
    0x8b, 0x83, 0xa0, 0x60, 0xf4, 0x82, 0x22, 0x13,
    0x2, 0x20, 0x71, 0x2, 0x2e, 0x43, 0x0, 0x18,
    0x0, 0x8e, 0x5, 0xca, 0x7a, 0xfc, 0x13, 0x20,
    0xb, 0x30, 0x8, 0xb1, 0x40, 0xa4, 0x1, 0xe6,
    0xc3, 0x1, 0x7f, 0xb3, 0x50, 0xf, 0x68, 0xe2,
    0x15, 0x41, 0x20, 0x83, 0x61, 0x0, 0x6, 0x81,
    0xc0, 0x24, 0xd0, 0x3, 0x7e, 0x0, 0x50, 0x83,
    0x40, 0xa6, 0xc0, 0x11, 0x23, 0x84, 0x3d, 0x6e,
    0x8e, 0xac, 0x3, 0x8b, 0x85, 0x70, 0x44, 0xfd,
    0x2a, 0x0, 0x7f, 0xe8, 0xa1, 0xd2, 0x0, 0xb5,
    0x80, 0x29, 0xee, 0x8c,

    /* U+5A5A "婚" */
    0x0, 0xff, 0xe0, 0x8, 0x7, 0x1f, 0x0, 0x5b,
    0xac, 0xdd, 0x4b, 0x8, 0x4, 0xaa, 0x0, 0x8f,
    0xb2, 0x6, 0x18, 0x40, 0x5, 0xe2, 0x44, 0x0,
    0x31, 0x1, 0x16, 0x1, 0xd6, 0x5d, 0xd0, 0x2,
    0x3e, 0x7, 0x3f, 0xc4, 0x3e, 0x1b, 0xa1, 0x0,
    0x76, 0xe9, 0x5b, 0x74, 0x40, 0x60, 0x4c, 0x60,
    0x2c, 0xaa, 0xe6, 0x15, 0x30, 0x54, 0x2, 0x66,
    0x5, 0xf1, 0xa2, 0x3e, 0x0, 0x1b, 0x81, 0x98,
    0x4c, 0xfb, 0x60, 0xb9, 0xa3, 0x1, 0xa3, 0x45,
    0x28, 0xef, 0xfb, 0xa1, 0x0, 0x15, 0x1a, 0x24,
    0x0, 0xaf, 0xfc, 0x20, 0x19, 0x4c, 0x24, 0x1,
    0x5d, 0xd8, 0x40, 0x33, 0xe, 0x32, 0x85, 0x77,
    0x61, 0x0, 0x8e, 0xf8, 0xe9, 0x40, 0x3f, 0x87,
    0xfc, 0x40, 0xa0, 0xa, 0xff, 0xc2, 0x0,

    /* U+5A6A "婪" */
    0x0, 0xff, 0xe3, 0x9f, 0x0, 0x71, 0xf0, 0x7,
    0x5d, 0xbc, 0x6e, 0xcd, 0x57, 0xe3, 0x77, 0x18,
    0x44, 0x4, 0xe, 0x12, 0x78, 0xc1, 0xe2, 0x4,
    0x6, 0xe4, 0xc, 0xc2, 0x3c, 0x20, 0x27, 0x31,
    0x1, 0x97, 0x1d, 0xa3, 0x47, 0x91, 0xb9, 0x10,
    0x1d, 0x7b, 0x3, 0xb6, 0xb8, 0x70, 0x57, 0xc2,
    0x37, 0xa0, 0x9, 0x6, 0x18, 0x2, 0xa7, 0x12,
    0xb0, 0x17, 0x2e, 0x77, 0x0, 0xb8, 0x2, 0x8c,
    0x3f, 0xda, 0xda, 0x39, 0xfe, 0xd6, 0xff, 0x84,
    0x3f, 0xe5, 0x3e, 0xff, 0x9c, 0xbb, 0xfc, 0x20,
    0x13, 0xaa, 0x18, 0x1, 0x5e, 0x44, 0x3, 0xc9,
    0x5, 0x9f, 0x94, 0xe8, 0x1, 0xe1, 0x11, 0x14,
    0xc, 0xad, 0xd4, 0xa0, 0x16, 0xf6, 0x48, 0xcf,
    0x55, 0x3b, 0x4e, 0xdc, 0x1, 0x9f, 0xd9, 0x2a,
    0x20, 0x11, 0xcf, 0x38, 0x0,

    /* U+5A74 "婴" */
    0x5, 0xfe, 0xeb, 0xd9, 0x9f, 0xdd, 0x7b, 0x0,
    0x4b, 0xdd, 0x28, 0x1, 0x7b, 0xa5, 0x0, 0xf6,
    0x80, 0x7b, 0x40, 0x3e, 0x13, 0x0, 0xf1, 0x80,
    0x7c, 0xaa, 0x0, 0xe3, 0x50, 0xe, 0x5b, 0xe7,
    0xb9, 0x67, 0xba, 0x58, 0x83, 0x80, 0x6, 0x7,
    0x3b, 0x4c, 0x25, 0x78, 0x78, 0xc0, 0x1b, 0xd6,
    0xa, 0xc3, 0xa1, 0xa1, 0x32, 0xb0, 0x7, 0x29,
    0x11, 0x9d, 0xba, 0x8c, 0x88, 0xf6, 0x3, 0xff,
    0x64, 0x8c, 0xff, 0xb3, 0x73, 0xfc, 0x3, 0xbb,
    0x13, 0xf6, 0xec, 0xaa, 0xed, 0xd0, 0x6, 0x61,
    0x6b, 0x86, 0xd0, 0xa0, 0xf, 0x93, 0xa1, 0xdd,
    0x42, 0xb6, 0xe4, 0x1, 0x6f, 0xe7, 0xfa, 0xb7,
    0x31, 0xfd, 0xba, 0x50, 0x6, 0xff, 0x64, 0xb1,
    0x0, 0x5, 0x6b, 0xd4, 0x0,

    /* U+5A76 "婶" */
    0x0, 0xff, 0x8, 0x7, 0xc3, 0xe0, 0x1c, 0x7e,
    0x80, 0x1e, 0x53, 0x0, 0x3e, 0xeb, 0x86, 0xf7,
    0x67, 0x5, 0xd7, 0x55, 0x7a, 0xe6, 0x1f, 0x32,
    0x7f, 0x28, 0x65, 0x8b, 0xed, 0x11, 0x30, 0x8,
    0xb7, 0x8b, 0x4b, 0x7c, 0x9b, 0xb3, 0x3, 0xd9,
    0x8d, 0x60, 0x1, 0x1b, 0xb0, 0x2c, 0x78, 0x5f,
    0xdb, 0x0, 0x10, 0xc0, 0x8c, 0x0, 0xa6, 0x2a,
    0x66, 0x0, 0xb1, 0x43, 0x30, 0x0, 0xef, 0x1c,
    0xfb, 0x0, 0xb5, 0xd5, 0x10, 0x0, 0xef, 0x1c,
    0xfb, 0x0, 0x96, 0xac, 0xc4, 0x3, 0xff, 0x80,
    0x80, 0x68, 0x0, 0xfe, 0x1c, 0xeb, 0x0, 0xd4,
    0x55, 0x40, 0x4f, 0xe1, 0xbe, 0xcb, 0x0, 0x52,
    0x6a, 0xf8, 0x50, 0x80, 0x1c, 0xd, 0xc0, 0x5,
    0xe2, 0x2, 0x1, 0xfe,

    /* U+5A7F "婿" */
    0x0, 0xff, 0xe3, 0x35, 0x80, 0x2b, 0xba, 0xff,
    0x77, 0xf8, 0x80, 0x1c, 0x40, 0xa, 0xa5, 0xf0,
    0xef, 0x59, 0x10, 0x8, 0xc4, 0x84, 0x3b, 0x40,
    0x17, 0x1b, 0x60, 0x5a, 0x8f, 0xba, 0x7, 0x20,
    0x0, 0xf7, 0xa8, 0x17, 0x87, 0xd3, 0x99, 0x86,
    0x86, 0xd9, 0x86, 0x0, 0x31, 0x2, 0x27, 0x4d,
    0xe9, 0xef, 0xfc, 0x80, 0xaa, 0xe, 0x1b, 0x52,
    0x5e, 0xcc, 0xb9, 0x3, 0xf0, 0xb, 0x5b, 0x3f,
    0xba, 0xfc, 0x20, 0x2, 0x0, 0x11, 0x0, 0x9,
    0xdd, 0xc2, 0x1, 0x74, 0xe1, 0x8, 0x2, 0x73,
    0x30, 0x80, 0x47, 0xe4, 0x1, 0xbb, 0x77, 0x8,
    0x6, 0x70, 0x7c, 0x0, 0x67, 0x76, 0x10, 0x9,
    0xe6, 0xa9, 0x20, 0xc, 0xee, 0xc2, 0x1, 0x66,
    0x10, 0x14, 0x3, 0xa3, 0xcc, 0x80,

    /* U+5A92 "媒" */
    0x0, 0xff, 0xe3, 0x2e, 0x0, 0x45, 0xc0, 0x11,
    0xf0, 0x6, 0x25, 0x0, 0x4e, 0xf, 0x75, 0x83,
    0xca, 0x7, 0xa0, 0x65, 0x14, 0x3f, 0xf5, 0xf,
    0xa8, 0xe2, 0xb6, 0x60, 0x58, 0x4, 0x66, 0x1,
    0x1, 0xc0, 0xb9, 0x30, 0x0, 0xf7, 0x58, 0x1,
    0x88, 0x10, 0x18, 0x0, 0x3d, 0xd6, 0x0, 0x64,
    0x30, 0xe2, 0x0, 0xf, 0xfd, 0x80, 0x1b, 0x50,
    0xf, 0xc0, 0xbf, 0xc3, 0x7f, 0xc0, 0x12, 0x0,
    0x11, 0x2, 0x45, 0x1, 0x16, 0x10, 0xf6, 0xb2,
    0x24, 0x7f, 0xb4, 0x67, 0xfe, 0x50, 0x3f, 0x51,
    0x9, 0xde, 0x20, 0x17, 0xdd, 0x20, 0x1, 0xc1,
    0xec, 0x13, 0x78, 0x69, 0xac, 0x40, 0xf, 0x3b,
    0x7b, 0x55, 0x18, 0x3e, 0xf, 0x28, 0xde, 0x18,
    0x36, 0x7a, 0x0, 0x6a, 0xb4,

    /* U+5A9A "媚" */
    0x0, 0xff, 0xe2, 0xad, 0x80, 0x13, 0xff, 0xf0,
    0x0, 0x88, 0x1, 0x1f, 0xf9, 0xa3, 0xf4, 0x0,
    0xb8, 0x6a, 0x80, 0x1f, 0xee, 0x46, 0x88, 0x1,
    0xf7, 0x1a, 0x3b, 0x40, 0x16, 0x1b, 0x6e, 0x7,
    0xfe, 0xee, 0x7f, 0x70, 0x8, 0x45, 0xc4, 0x1,
    0x2a, 0xf8, 0x1d, 0x40, 0xb8, 0x5c, 0xaf, 0xfe,
    0x8a, 0xc, 0xc0, 0x22, 0x0, 0x40, 0xee, 0xef,
    0x0, 0x2f, 0x90, 0x99, 0x18, 0x1f, 0x75, 0x80,
    0xe, 0x4f, 0x50, 0xfe, 0x3, 0xee, 0xb4, 0x0,
    0x5a, 0x4c, 0x6, 0x60, 0x3e, 0xeb, 0x0, 0x26,
    0x31, 0x85, 0x50, 0x1f, 0x75, 0xa0, 0x2, 0x9e,
    0x90, 0x51, 0x0, 0xe1, 0x1, 0x9c, 0x24, 0x1e,
    0x0, 0x1f, 0xfd, 0xa0,

    /* U+5AB3 "媳" */
    0x0, 0xff, 0xe3, 0x2e, 0x0, 0x72, 0xf0, 0x7,
    0xc4, 0xc0, 0x16, 0xf5, 0xf, 0x74, 0x60, 0x5,
    0xc0, 0x55, 0x1, 0xef, 0xfb, 0xb8, 0x1, 0xf,
    0x23, 0x4d, 0x80, 0x3b, 0x33, 0x8, 0x0, 0x6c,
    0x36, 0xc, 0x1, 0x3b, 0xb8, 0x40, 0x22, 0x11,
    0x13, 0x0, 0x3e, 0xef, 0x8, 0x4, 0xea, 0x1c,
    0x40, 0xd, 0x99, 0xc0, 0x1b, 0x30, 0x7, 0x80,
    0x5, 0x33, 0xc2, 0x1, 0x27, 0x82, 0x20, 0xf,
    0x7f, 0xdd, 0xc0, 0xd, 0xe9, 0xa4, 0x21, 0xba,
    0xa3, 0xce, 0xf3, 0x0, 0x16, 0x19, 0x8a, 0x1b,
    0x16, 0x38, 0x3c, 0xc0, 0x27, 0x36, 0x94, 0x20,
    0x2, 0x62, 0x4f, 0x0, 0x1e, 0x3a, 0x20, 0x4a,
    0x1, 0xbc, 0xc1, 0x6, 0xac, 0xc0, 0x6c, 0x4f,
    0xfe, 0x64, 0xf4, 0x1d, 0x40, 0x1, 0x28, 0x67,
    0xfd, 0xa0, 0x40,

    /* U+5AC1 "嫁" */
    0x0, 0xff, 0xe3, 0x35, 0x0, 0x70, 0xf1, 0x0,
    0x7b, 0x88, 0x1, 0x5b, 0xac, 0x1c, 0xdd, 0x88,
    0xc, 0xc0, 0x64, 0xd5, 0x98, 0xef, 0xcc, 0x10,
    0xe, 0x23, 0xe4, 0x0, 0x8f, 0xc0, 0x1, 0xc0,
    0xc7, 0x3e, 0xcf, 0xfe, 0xed, 0x20, 0x12, 0x31,
    0xe2, 0xad, 0x35, 0xff, 0x71, 0x80, 0x11, 0xc0,
    0x88, 0x75, 0xc8, 0xc0, 0x7b, 0x20, 0xc, 0xc0,
    0x2b, 0xcf, 0x60, 0x9e, 0x62, 0xe0, 0x0, 0xfe,
    0x60, 0x54, 0x1b, 0xd4, 0x13, 0xe0, 0x16, 0x26,
    0xb8, 0xef, 0xf3, 0x41, 0x33, 0x80, 0x43, 0x82,
    0xa3, 0xf6, 0xd9, 0x2, 0xf, 0x0, 0x15, 0xa8,
    0x3b, 0xb7, 0xf1, 0x0, 0x12, 0xa8, 0x14, 0xf7,
    0xad, 0x9d, 0x42, 0xc6, 0x0, 0xf4, 0x10, 0xc1,
    0x1a, 0x4d, 0x3e, 0x60, 0x0, 0x40,

    /* U+5AC2 "嫂" */
    0x0, 0xff, 0xe3, 0x2d, 0x80, 0x64, 0x5e, 0x20,
    0xf, 0x11, 0x0, 0x7, 0xbc, 0x20, 0xe, 0xff,
    0x0, 0xf, 0x4, 0xcc, 0xee, 0xa4, 0x3, 0xee,
    0x0, 0xb, 0x91, 0x7b, 0x41, 0x79, 0x0, 0xfb,
    0xc0, 0x5, 0xa1, 0x9c, 0x60, 0xbc, 0x80, 0xe,
    0xf0, 0x8, 0xc8, 0x59, 0x80, 0x1f, 0xf2, 0xb8,
    0x11, 0x1, 0x7f, 0xc3, 0xbf, 0xc2, 0x0, 0xcd,
    0xc, 0xc2, 0x7f, 0xc3, 0xdf, 0xee, 0x0, 0x6c,
    0x9a, 0x21, 0xf7, 0x61, 0xfd, 0xd5, 0x0, 0x1e,
    0xf0, 0x85, 0x98, 0xff, 0xb9, 0x25, 0xc0, 0x12,
    0x99, 0x28, 0xd3, 0xa9, 0xc, 0xba, 0x0, 0x4c,
    0x37, 0x44, 0x39, 0x59, 0x8a, 0x80, 0x9, 0xa7,
    0x93, 0x4d, 0x6c, 0x9c, 0x6a, 0x50, 0x1, 0x76,
    0x30, 0x7, 0x4e, 0xf5, 0xf5, 0x9d, 0x20, 0x6a,
    0x0, 0xb, 0xf1, 0xc4, 0x0, 0xd5, 0xc8,

    /* U+5AC9 "嫉" */
    0x0, 0xff, 0xe3, 0x62, 0x0, 0x79, 0xe8, 0x3,
    0xc4, 0xc0, 0x17, 0x7f, 0xa1, 0x7f, 0xe1, 0x5,
    0x17, 0x58, 0x20, 0xcc, 0x57, 0x76, 0x11, 0x40,
    0x75, 0x6d, 0x81, 0x5e, 0x88, 0xe0, 0x18, 0x5b,
    0x5, 0x41, 0x4, 0x7f, 0xf9, 0xc0, 0x1a, 0x42,
    0x41, 0x82, 0x85, 0xe5, 0x7e, 0xe0, 0x3, 0xd2,
    0x10, 0x10, 0xc8, 0x0, 0x38, 0x6, 0x57, 0x55,
    0x4, 0xc, 0x30, 0x7, 0xea, 0xff, 0x4a, 0x4,
    0x7f, 0x8b, 0x3f, 0xc2, 0x18, 0xac, 0x9d, 0xe5,
    0x3f, 0xa1, 0x1f, 0xe1, 0x2, 0x80, 0xa7, 0x66,
    0x0, 0x29, 0x24, 0x3, 0xa1, 0xd9, 0x3f, 0x40,
    0x9a, 0x91, 0xc0, 0x2a, 0x18, 0xd6, 0x47, 0x2f,
    0x81, 0x89, 0x50, 0x16, 0xd0, 0x3b, 0x91, 0xca,
    0x60, 0x2d, 0xb1, 0x16, 0x8, 0x2, 0x1c, 0x3d,
    0xc0, 0x23, 0xe1,

    /* U+5ACC "嫌" */
    0x0, 0xff, 0xe3, 0x35, 0x0, 0x58, 0x40, 0x1,
    0xd3, 0x0, 0xdc, 0x40, 0x15, 0x70, 0x2, 0xdc,
    0xc0, 0x22, 0x3f, 0x23, 0xdb, 0x2d, 0xd2, 0xbe,
    0xd8, 0x2, 0x52, 0xfe, 0xf7, 0x41, 0xfe, 0xd,
    0xd5, 0x80, 0x2c, 0x31, 0x7b, 0x7c, 0x77, 0x41,
    0xfe, 0x30, 0x1, 0x90, 0x11, 0xef, 0x8f, 0x70,
    0x3d, 0x0, 0x25, 0x70, 0x62, 0xcc, 0xe, 0xe8,
    0x31, 0x38, 0x43, 0xf0, 0xd, 0x7b, 0x83, 0x10,
    0xe, 0x3b, 0x10, 0x40, 0x32, 0x2c, 0xc, 0xc0,
    0x27, 0x50, 0x4, 0xc7, 0xa0, 0x77, 0x8e, 0x60,
    0x3d, 0x40, 0x24, 0xc3, 0x0, 0x72, 0x7, 0xf8,
    0xf, 0x8c, 0x2, 0xb4, 0x57, 0x70, 0x88, 0x2,
    0x49, 0x0, 0xa1, 0xeb, 0x72, 0xac, 0x3, 0x41,
    0x58, 0x9, 0x78, 0x8b, 0xb0, 0x40, 0x3a, 0xf8,
    0x0,

    /* U+5AE1 "嫡" */
    0x0, 0xff, 0x8, 0x7, 0xcb, 0x40, 0x1c, 0x3e,
    0x60, 0x1e, 0xd2, 0x0, 0x57, 0xfb, 0x87, 0x3f,
    0xe3, 0x1, 0x3e, 0x11, 0x57, 0x8f, 0x7f, 0x92,
    0x3c, 0xcb, 0x92, 0x7b, 0x40, 0xa, 0x80, 0x48,
    0xa0, 0x2, 0xe0, 0xfa, 0x67, 0xf4, 0xaf, 0xd0,
    0xde, 0x0, 0x2a, 0x1, 0x10, 0x1f, 0xfc, 0x5d,
    0xfa, 0x1, 0x61, 0x87, 0x78, 0x3, 0x34, 0xbf,
    0x50, 0x2, 0x5d, 0x4, 0x40, 0x3, 0x34, 0xb3,
    0x54, 0x2, 0x5b, 0x62, 0x30, 0x2, 0x51, 0x4b,
    0x88, 0x5, 0x13, 0x24, 0x0, 0x88, 0xf3, 0xf0,
    0x3, 0x9c, 0x50, 0x80, 0x2e, 0x35, 0x0, 0xf4,
    0x1b, 0xe7, 0x80, 0x27, 0x70, 0x40, 0x34, 0x3f,
    0x45, 0x78, 0x26, 0x6e, 0xad, 0x80, 0x23, 0xc3,
    0x4, 0x0, 0x11, 0x0, 0x15, 0x47, 0x0,

    /* U+5AE9 "嫩" */
    0x0, 0xff, 0xe3, 0x4a, 0x80, 0x5a, 0x60, 0x8,
    0x80, 0x7, 0x13, 0x86, 0xf9, 0x67, 0xa1, 0xe8,
    0x6, 0x25, 0x12, 0xce, 0x1b, 0xe4, 0x5e, 0x99,
    0x9, 0x68, 0xe6, 0x81, 0x80, 0x98, 0x88, 0x11,
    0x0, 0x56, 0x9a, 0x53, 0xe3, 0x1a, 0xe1, 0x69,
    0x62, 0x4, 0x60, 0x21, 0xc7, 0x83, 0x40, 0x26,
    0x40, 0xf, 0xd6, 0x60, 0x7, 0xa, 0x2b, 0xa8,
    0x1, 0x10, 0x7a, 0x18, 0x7c, 0x3b, 0x9a, 0x62,
    0x0, 0x32, 0xc4, 0x8c, 0xa, 0xf0, 0x46, 0x70,
    0xb, 0x74, 0xa6, 0x14, 0x16, 0x60, 0x61, 0x80,
    0x11, 0xb0, 0x0, 0x54, 0x63, 0x45, 0x0, 0x80,
    0x33, 0x2c, 0x5d, 0x1a, 0x50, 0xcb, 0x48, 0x80,
    0x2d, 0xef, 0x5, 0x80, 0xb, 0x8f, 0x29, 0xa0,
    0x43, 0x20, 0x96, 0x1, 0x3a, 0xd0, 0x53, 0x8,

    /* U+5B50 "子" */
    0x0, 0xff, 0xe3, 0x4f, 0xff, 0xfa, 0x80, 0x34,
    0x6e, 0xfd, 0x62, 0x50, 0x1, 0x84, 0x8b, 0xc3,
    0x47, 0x84, 0x1, 0xfe, 0x9c, 0x7d, 0x10, 0xf,
    0xf4, 0x3d, 0xc8, 0x7, 0xff, 0x5, 0x10, 0x1,
    0xf1, 0x9f, 0x89, 0x8c, 0xfc, 0x5, 0x99, 0xe5,
    0x3c, 0xcf, 0x19, 0x7f, 0xf9, 0xd7, 0xff, 0xc6,
    0x1, 0xff, 0xe8, 0x23, 0x31, 0x0, 0x7f, 0xf0,
    0x2b, 0x30, 0xfc, 0x1, 0xff, 0x47, 0xfb, 0x50,
    0x3, 0xe0,

    /* U+5B54 "孔" */
    0x0, 0xff, 0xe2, 0xff, 0xfc, 0xc9, 0xc0, 0x1e,
    0xee, 0xda, 0x66, 0x60, 0xf, 0xc2, 0x3a, 0x7,
    0x40, 0x3f, 0xf8, 0x18, 0xd8, 0x20, 0x1f, 0xfc,
    0x2, 0x81, 0x0, 0xff, 0xe2, 0x11, 0x0, 0x3f,
    0xc2, 0x28, 0xed, 0x40, 0xf, 0x8a, 0x33, 0x81,
    0xab, 0xd8, 0x3, 0xe1, 0x4b, 0xd1, 0xe4, 0x0,
    0xfe, 0x3c, 0x72, 0x0, 0xff, 0xe7, 0x5a, 0x0,
    0x7f, 0xf0, 0x98, 0x2, 0x33, 0xb, 0x80, 0x4e,
    0x24, 0x24, 0x45, 0x0, 0x6e, 0x19, 0x0, 0x46,
    0x6d, 0xed, 0x51, 0x0, 0x77, 0xe0, 0x80, 0x6c,
    0xff, 0xa8, 0x0,

    /* U+5B55 "孕" */
    0x4, 0xff, 0xfe, 0x20, 0xe, 0x4f, 0xf5, 0x7,
    0x7f, 0xb0, 0x8, 0x3, 0xf1, 0x20, 0x80, 0x18,
    0x80, 0x3f, 0xac, 0xc0, 0x2d, 0x2f, 0xfb, 0x0,
    0x31, 0x9a, 0x40, 0x28, 0xff, 0xa1, 0xc0, 0x21,
    0xd3, 0x23, 0x3e, 0x20, 0xe2, 0x0, 0x1e, 0x12,
    0x7f, 0xee, 0xce, 0x34, 0xf0, 0x4, 0xae, 0x46,
    0x65, 0x41, 0x5d, 0xe8, 0xe0, 0xa, 0x80, 0xc,
    0xd7, 0x8a, 0x59, 0x22, 0x3, 0xff, 0xe9, 0x2e,
    0xff, 0xe7, 0x1d, 0xdf, 0x39, 0x6e, 0xf9, 0x80,
    0x8b, 0xdc, 0x24, 0x5e, 0x10, 0xe, 0x11, 0x70,
    0x7, 0xff, 0x6, 0xb9, 0xa8, 0x3, 0xe0,

    /* U+5B57 "字" */
    0x0, 0xf4, 0x88, 0x7, 0xff, 0x0, 0xac, 0x3,
    0xd7, 0xff, 0xc8, 0xbf, 0xfd, 0x40, 0xd9, 0x9f,
    0xe5, 0x0, 0x71, 0x9f, 0xf8, 0x83, 0xd5, 0x3f,
    0xfe, 0xe2, 0xb9, 0x42, 0x4d, 0xde, 0x70, 0x82,
    0x33, 0x0, 0x44, 0x51, 0xc2, 0xe3, 0x0, 0x7f,
    0x58, 0xe9, 0x80, 0x6e, 0xff, 0xe5, 0x4f, 0xfe,
    0xcc, 0xf9, 0x11, 0x99, 0xdc, 0x46, 0x7c, 0x24,
    0x67, 0xc4, 0x1, 0xff, 0xc5, 0x12, 0x20, 0x80,
    0x7f, 0xdb, 0xa6, 0xd0, 0xf, 0x0,

    /* U+5B58 "存" */
    0x0, 0xf1, 0x0, 0x7f, 0xf0, 0x87, 0x4c, 0x3,
    0xf8, 0xcf, 0x48, 0x81, 0x9f, 0xc0, 0xc, 0xcc,
    0xe3, 0x99, 0xf8, 0x1, 0xff, 0x50, 0xf7, 0xff,
    0xe0, 0xe, 0xb8, 0x12, 0x2f, 0x80, 0x3a, 0x4d,
    0x8f, 0x33, 0xb7, 0x4, 0x2, 0x66, 0x40, 0x1f,
    0x76, 0x72, 0xc1, 0x0, 0x34, 0x83, 0x0, 0x61,
    0xd3, 0xd2, 0x0, 0x24, 0xc0, 0x0, 0x48, 0xa4,
    0x28, 0x22, 0x81, 0x2d, 0xc0, 0x11, 0xbb, 0x50,
    0x6e, 0xe4, 0x4, 0x0, 0xa7, 0xfe, 0xd0, 0xff,
    0xc8, 0x1, 0xff, 0xcb, 0x11, 0x30, 0x7, 0xff,
    0x6, 0x3a, 0xd4, 0x3, 0x80,

    /* U+5B59 "孙" */
    0x0, 0xff, 0xe2, 0x17, 0xff, 0x48, 0x5, 0xc8,
    0x1, 0x8b, 0xba, 0xc0, 0xa0, 0xf, 0xf0, 0x8d,
    0xe, 0x60, 0x1e, 0x10, 0xe, 0x80, 0x80, 0x3e,
    0x0, 0xa6, 0x0, 0x39, 0xe4, 0x0, 0x8a, 0x1,
    0x6b, 0x80, 0x78, 0xc8, 0x37, 0x0, 0x24, 0x13,
    0x0, 0xed, 0xd0, 0xa2, 0x0, 0x32, 0xd8, 0x14,
    0xf0, 0x27, 0x10, 0x98, 0x6, 0xc4, 0x7, 0x2b,
    0x9, 0x1b, 0x50, 0xe, 0x43, 0x5, 0xb5, 0x0,
    0x92, 0x40, 0x38, 0x8c, 0x40, 0x3d, 0x86, 0x1,
    0xec, 0x10, 0xf, 0xfe, 0x30, 0x80, 0x71, 0x10,
    0x40, 0x3d, 0x1c, 0x62, 0x1, 0x66, 0x9a, 0x80,
    0x74, 0x7e, 0x0, 0x6e, 0xfc, 0x10, 0xc,

    /* U+5B5C "孜" */
    0x0, 0xff, 0xe6, 0xf1, 0x80, 0x70, 0xff, 0xf6,
    0x2, 0x9, 0x0, 0x70, 0xf7, 0x5a, 0x16, 0x1a,
    0x42, 0x1, 0xe1, 0x19, 0x49, 0xc1, 0xd9, 0x13,
    0x80, 0x30, 0xc4, 0x82, 0x8a, 0xcc, 0xaa, 0xe4,
    0x40, 0x2a, 0x64, 0x8, 0xb, 0xdd, 0x32, 0x68,
    0x80, 0x4d, 0xa0, 0xe6, 0xb8, 0x0, 0x4c, 0x0,
    0xf0, 0x91, 0xd4, 0xb8, 0x0, 0xd4, 0x2, 0x37,
    0x2a, 0xc6, 0x43, 0x4, 0x72, 0x20, 0x1, 0xf3,
    0x1, 0x3c, 0x40, 0x6, 0x89, 0x80, 0x9, 0xfe,
    0xc8, 0x80, 0x1a, 0x4c, 0xca, 0x1, 0xff, 0xc0,
    0x70, 0x32, 0x0, 0xff, 0x9e, 0x69, 0x30, 0x80,
    0x21, 0x11, 0x80, 0x17, 0x66, 0xd6, 0x97, 0x5c,
    0x1, 0x7c, 0x6a, 0x12, 0xbe, 0x80, 0xb, 0x9b,
    0x0, 0x57, 0xe8, 0x86, 0x40, 0x80, 0x66, 0xc0,

    /* U+5B5D "孝" */
    0x0, 0xf4, 0x50, 0x6, 0x17, 0x0, 0xd7, 0xdd,
    0x3a, 0xf7, 0x55, 0xe0, 0x1d, 0x39, 0x93, 0x26,
    0x62, 0x56, 0x5c, 0x3, 0x11, 0x61, 0x11, 0x3c,
    0x4b, 0x80, 0x45, 0xff, 0xce, 0xbf, 0x41, 0x3f,
    0xf1, 0x13, 0xbb, 0xa8, 0x4f, 0x7b, 0xb8, 0x80,
    0x46, 0x28, 0xa2, 0x81, 0x22, 0x0, 0x88, 0x2,
    0x28, 0xc5, 0x47, 0xf8, 0xdc, 0xb0, 0x8, 0xaf,
    0x4b, 0x31, 0x76, 0x80, 0x3a, 0xa0, 0x4, 0x59,
    0x8b, 0x21, 0x11, 0xe6, 0x48, 0x23, 0x0, 0x1f,
    0x7b, 0xb6, 0x4, 0x77, 0x70, 0x5, 0xdf, 0xfb,
    0x83, 0xff, 0xc0, 0x1f, 0x88, 0x3, 0xff, 0x83,
    0x3f, 0x88, 0x1, 0xf0,

    /* U+5B5F "孟" */
    0x0, 0xff, 0xe3, 0xd7, 0xff, 0xe9, 0x0, 0xf5,
    0x7f, 0xee, 0x81, 0x69, 0x0, 0xff, 0x26, 0x5d,
    0x48, 0x7, 0x8, 0xfb, 0x9b, 0x54, 0x46, 0x0,
    0xab, 0xbb, 0x95, 0x3b, 0xb8, 0xc0, 0x17, 0xff,
    0xcc, 0xbf, 0xfc, 0x60, 0x1f, 0x8c, 0x3, 0xff,
    0x80, 0x3d, 0xc5, 0xc0, 0xf, 0xe2, 0x32, 0xbb,
    0x62, 0x99, 0xe1, 0x0, 0xdd, 0xbd, 0x75, 0xdc,
    0xce, 0xe6, 0x48, 0x7, 0x5e, 0xc2, 0x6e, 0x83,
    0x74, 0xc0, 0x1f, 0xfc, 0x81, 0x3, 0x11, 0x0,
    0x88, 0x8, 0x4c, 0x44, 0xf, 0xc7, 0x3d, 0x9,
    0xdc, 0xd, 0xe5, 0x6e, 0x10,

    /* U+5B63 "季" */
    0x0, 0xc2, 0x46, 0x8a, 0xf3, 0x98, 0x10, 0xd,
    0xbf, 0xf7, 0x54, 0x7f, 0xa3, 0x44, 0x3, 0x6f,
    0xf6, 0xe9, 0x16, 0x19, 0x4, 0x3, 0x8, 0xf8,
    0x4, 0x7e, 0x0, 0x77, 0x79, 0x5b, 0xbb, 0xc2,
    0x1f, 0xf9, 0x49, 0x14, 0x97, 0xff, 0x8, 0x4,
    0x9a, 0x38, 0x25, 0x83, 0xc8, 0x1, 0x97, 0x2a,
    0xec, 0x39, 0xa3, 0x76, 0x9d, 0x60, 0x19, 0xa8,
    0x9f, 0xf4, 0xd7, 0xfa, 0x36, 0x34, 0x45, 0x8c,
    0xcf, 0xfb, 0xa0, 0x97, 0x1, 0x6c, 0x40, 0x3e,
    0x8b, 0xfa, 0x10, 0xe, 0xff, 0xf3, 0x1e, 0xff,
    0xf0, 0x87, 0xff, 0x9d, 0x7f, 0xfc, 0x20, 0x1f,
    0x8, 0x7, 0xff, 0x0, 0xbf, 0xcf, 0xe0, 0x1f,
    0x0,

    /* U+5B64 "孤" */
    0x0, 0xfe, 0x13, 0x6a, 0xe6, 0x0, 0x6f, 0xfe,
    0x7d, 0xfe, 0xcd, 0x4b, 0x60, 0x6, 0x6e, 0x98,
    0x58, 0xb7, 0x43, 0x64, 0xc0, 0x10, 0x90, 0xb5,
    0x8, 0x11, 0x80, 0x1d, 0xc0, 0x18, 0x72, 0x90,
    0x3, 0xc2, 0x20, 0xf, 0x28, 0x8, 0x0, 0xc0,
    0x6, 0x60, 0xf, 0xfe, 0x10, 0xf0, 0x7, 0xa7,
    0x9c, 0x40, 0x4c, 0x38, 0x40, 0x27, 0xc0, 0x3a,
    0x22, 0x3, 0x88, 0x11, 0x0, 0x2b, 0xa0, 0xa4,
    0x17, 0x1, 0x70, 0x65, 0x0, 0xb1, 0x80, 0x2c,
    0x30, 0xd3, 0xb2, 0x11, 0x0, 0x7c, 0xb8, 0x9,
    0xa4, 0x43, 0x50, 0xf, 0x11, 0xa9, 0x99, 0xc1,
    0x53, 0x80, 0x2, 0xa0, 0xa, 0x51, 0x90, 0xd2,
    0xcb, 0x50, 0x4, 0x5a, 0x80, 0xf0, 0x4d, 0x7d,
    0x91, 0xa8, 0x2, 0x7e, 0x82, 0x50, 0xd, 0x40,
    0x12, 0x14, 0x0,

    /* U+5B66 "学" */
    0x0, 0x90, 0x2, 0x91, 0x0, 0x90, 0x80, 0x31,
    0x5a, 0x0, 0xa, 0x0, 0x5, 0x6e, 0x1, 0x8a,
    0x24, 0x1, 0xe, 0x0, 0x96, 0x50, 0xa, 0xfe,
    0xb, 0xfd, 0x83, 0xfe, 0x46, 0xfd, 0x0, 0xa3,
    0xbb, 0xfd, 0x20, 0x18, 0x47, 0xfe, 0x30, 0xa,
    0x5d, 0x7f, 0xff, 0x1a, 0x70, 0x0, 0x85, 0x7f,
    0xf6, 0xa8, 0xe1, 0x89, 0x80, 0x7e, 0x6d, 0x3f,
    0x30, 0xe, 0x22, 0xf6, 0xad, 0x99, 0x16, 0x0,
    0x6e, 0xf9, 0x17, 0x77, 0xc2, 0x1f, 0xfe, 0x56,
    0xff, 0xf0, 0x80, 0x7f, 0xf2, 0x4, 0x88, 0x20,
    0x1f, 0xfc, 0x7, 0xdd, 0x36, 0x80, 0x7c,

    /* U+5B69 "孩" */
    0x0, 0xff, 0xe6, 0x9f, 0x88, 0x7, 0x7f, 0xf0,
    0x80, 0xc, 0x18, 0x3, 0xbb, 0xa7, 0x30, 0x22,
    0x8f, 0x88, 0xa0, 0x0, 0x8c, 0xb5, 0x4d, 0xd8,
    0xdb, 0x76, 0x10, 0x9, 0x41, 0xaf, 0xf8, 0x33,
    0xff, 0x8, 0x5, 0x36, 0x1, 0x5b, 0x18, 0x49,
    0x0, 0x71, 0x28, 0x1, 0x96, 0x8a, 0x54, 0x80,
    0x3e, 0x24, 0x90, 0xdd, 0x3f, 0x0, 0x72, 0xe,
    0xe2, 0xf7, 0xc0, 0xe9, 0xea, 0x82, 0x7d, 0x4,
    0x70, 0x85, 0x5e, 0x9d, 0x82, 0x82, 0xe7, 0xa,
    0x83, 0x70, 0x61, 0xc2, 0x78, 0x0, 0x4c, 0x3,
    0x16, 0x50, 0xcb, 0xd9, 0x0, 0x7e, 0x43, 0x4d,
    0x57, 0xb4, 0x0, 0x84, 0x60, 0x2, 0xe5, 0xdb,
    0x22, 0xec, 0xc0, 0xc, 0xe3, 0x23, 0xbb, 0x7b,
    0x0, 0x16, 0xbc, 0x1, 0xbf, 0x82, 0x7c, 0xe0,
    0x1c, 0xb2, 0x0,

    /* U+5B6A "孪" */
    0x0, 0xf9, 0xc8, 0x3, 0xff, 0x85, 0xb2, 0x1,
    0xfb, 0xbf, 0xf9, 0x53, 0xff, 0xb8, 0x1, 0xdf,
    0xdf, 0x7, 0xfe, 0x38, 0xff, 0xb8, 0x3, 0x6b,
    0x83, 0x80, 0x43, 0x32, 0x0, 0xe6, 0x17, 0x0,
    0xf4, 0x25, 0x0, 0x4d, 0x3c, 0x1, 0xf0, 0xe2,
    0x40, 0x1, 0x30, 0xc0, 0xf0, 0x1, 0x64, 0x3,
    0x94, 0x0, 0x23, 0xcf, 0xb8, 0xff, 0x45, 0xfd,
    0x11, 0x0, 0x36, 0x7f, 0xee, 0x70, 0x5b, 0x0,
    0xc2, 0x3e, 0x5f, 0x6a, 0xb0, 0x11, 0x1, 0x77,
    0x7a, 0x84, 0x55, 0xdd, 0x8c, 0xbf, 0xfc, 0xe9,
    0xff, 0xe3, 0x0, 0xc2, 0x31, 0x0, 0x7f, 0xf0,
    0x23, 0xb8, 0x9a, 0x1, 0xf0,

    /* U+5B70 "孰" */
    0x0, 0xff, 0xe3, 0xbd, 0x80, 0x63, 0xd0, 0xe,
    0x28, 0x86, 0xa4, 0xc4, 0x0, 0x3f, 0x1e, 0xeb,
    0xeb, 0x37, 0xd1, 0x4c, 0xf0, 0x0, 0x42, 0xe2,
    0x2b, 0x8, 0xb1, 0xfe, 0xd0, 0x8, 0xd7, 0x76,
    0x15, 0xc9, 0x2c, 0x90, 0xe, 0x59, 0x98, 0x3,
    0x8, 0x0, 0xc0, 0x27, 0xad, 0xda, 0xc7, 0xb8,
    0xe0, 0x1e, 0xaa, 0xf0, 0x42, 0x88, 0x7, 0xaf,
    0xb9, 0x27, 0x46, 0xc8, 0xac, 0x1, 0xf2, 0x47,
    0x3a, 0xa, 0x44, 0x99, 0x80, 0x7, 0x9b, 0x61,
    0xf3, 0x92, 0x8f, 0x24, 0xa, 0x65, 0xf9, 0x63,
    0x95, 0x6f, 0x0, 0xc8, 0x26, 0xc2, 0x62, 0x1,
    0x16, 0xb9, 0x80, 0x4, 0x5a, 0xc0, 0xe, 0xb7,
    0xb, 0x68, 0x0, 0xcc, 0xa6, 0x0, 0xef, 0x90,
    0x98, 0x0, 0xe8, 0xe0,

    /* U+5B75 "孵" */
    0x0, 0x8c, 0x3, 0xfc, 0x20, 0x7, 0xc6, 0x0,
    0x89, 0x62, 0xb7, 0xec, 0x2f, 0x74, 0xdd, 0xcf,
    0x7c, 0xff, 0x76, 0xc0, 0x35, 0x50, 0x4f, 0x8d,
    0xcd, 0xe0, 0xe9, 0x40, 0x23, 0x38, 0x0, 0x62,
    0x82, 0x25, 0x60, 0x4, 0x0, 0x52, 0x0, 0x81,
    0x83, 0xa1, 0x0, 0x8, 0x0, 0xcc, 0x0, 0xe8,
    0x9f, 0xa2, 0x0, 0xb, 0x80, 0x8, 0x81, 0x98,
    0xf1, 0x42, 0x0, 0x40, 0x18, 0x41, 0x0, 0x8a,
    0x5a, 0x40, 0x30, 0x80, 0x7c, 0xb0, 0x0, 0x12,
    0xd3, 0x10, 0x0, 0xc7, 0xf8, 0x77, 0xf8, 0x1e,
    0x54, 0x1, 0x27, 0x1d, 0xc1, 0xbe, 0xf1, 0x8d,
    0xe0, 0x4, 0xf0, 0x8c, 0xc, 0x22, 0x4, 0x55,
    0x0, 0x7c, 0x20, 0x1a, 0x34, 0x3, 0xd5, 0xe6,
    0x40, 0x16, 0x8, 0x3, 0x40, 0x2a, 0xfc, 0x0,
    0x80,

    /* U+5B7A "孺" */
    0x0, 0xff, 0xe2, 0xf, 0xfe, 0xe7, 0xee, 0xbf,
    0xba, 0xd0, 0x1e, 0xe8, 0xd1, 0xfb, 0xa3, 0xee,
    0xb4, 0x0, 0x22, 0x23, 0x8c, 0xdd, 0x8f, 0x77,
    0x28, 0x5, 0xf0, 0x47, 0xbb, 0x1e, 0xec, 0x80,
    0x11, 0x1b, 0x84, 0x4d, 0xb8, 0x35, 0xdb, 0x1c,
    0x2, 0x10, 0x3, 0x9, 0x90, 0x11, 0x99, 0x88,
    0x2, 0x1b, 0x81, 0x88, 0x2f, 0x24, 0x40, 0xc0,
    0x9, 0x20, 0x37, 0xbf, 0xf6, 0xff, 0xe6, 0x59,
    0x21, 0xa3, 0xdf, 0xf4, 0xaf, 0xfe, 0x65, 0xdb,
    0x0, 0x9b, 0xb9, 0x2b, 0xdd, 0x80, 0x3e, 0x16,
    0xe1, 0xf5, 0xce, 0x10, 0xf, 0xfe, 0x31, 0x30,
    0x7, 0xff, 0xb, 0xad, 0xc0, 0x3f, 0xe, 0x98,
    0x3, 0x3e, 0x40, 0xf, 0x1, 0xc1, 0x67, 0xb8,
    0x0,

    /* U+5B7D "孽" */
    0x1e, 0xeb, 0xfd, 0xdd, 0x7f, 0xdd, 0xd1, 0xf,
    0x73, 0x5d, 0x3b, 0xaf, 0x1c, 0xee, 0x88, 0xe,
    0x39, 0xd, 0x82, 0x64, 0x5d, 0x32, 0x50, 0x3,
    0x24, 0x4f, 0xd0, 0x62, 0x54, 0x10, 0xb0, 0x4,
    0x5d, 0xcb, 0x2, 0x1, 0xe0, 0x5f, 0x60, 0x8,
    0xb7, 0x55, 0x46, 0x3a, 0x1b, 0x81, 0x30, 0x9,
    0xc8, 0xa8, 0x6a, 0xa2, 0xd, 0x50, 0x40, 0x25,
    0xff, 0x84, 0xf3, 0x12, 0x59, 0x87, 0x0, 0x2f,
    0xcc, 0xda, 0x1, 0x34, 0x0, 0x78, 0x53, 0xba,
    0xdc, 0xdd, 0x59, 0x0, 0x79, 0xb3, 0x29, 0x7,
    0xae, 0x20, 0xd, 0xdd, 0xea, 0x34, 0xbe, 0xec,
    0x21, 0xdd, 0xe6, 0x67, 0x77, 0x84, 0x3, 0xb7,
    0x9f, 0x0, 0x3e,

    /* U+5B81 "宁" */
    0x0, 0xf2, 0x90, 0x7, 0xff, 0x3, 0xa0, 0x3,
    0xe1, 0x1e, 0xe6, 0x21, 0x1c, 0xd, 0xdd, 0xd4,
    0x7b, 0xdd, 0x9c, 0xf, 0xff, 0xfc, 0x80, 0x1f,
    0xfc, 0x36, 0xd1, 0x1f, 0xf5, 0x36, 0x77, 0x7f,
    0xf0, 0x3f, 0x3b, 0xb9, 0x55, 0xdd, 0xde, 0x2,
    0x3c, 0x66, 0x11, 0xf0, 0x7, 0xff, 0x84, 0x8c,
    0xc4, 0x1, 0xfe, 0x4c, 0xc3, 0x68, 0x7, 0x80,

    /* U+5B83 "它" */
    0x0, 0xf2, 0x80, 0x7f, 0xf0, 0x6d, 0x40, 0x3c,
    0x46, 0x7c, 0x90, 0x67, 0xc3, 0xf9, 0x9c, 0xa5,
    0x99, 0xc8, 0x15, 0xff, 0xfe, 0x10, 0x8, 0x98,
    0x3, 0xfd, 0x8a, 0x96, 0x1, 0xe2, 0xf, 0x51,
    0x0, 0xf9, 0xb7, 0x4, 0x40, 0x1e, 0x5a, 0xfb,
    0xaf, 0x10, 0xe, 0x2f, 0x9d, 0xd9, 0xc4, 0x3,
    0xc3, 0xd8, 0xe4, 0x1, 0xfc, 0x62, 0x1, 0xe1,
    0x70, 0xf, 0xfe, 0x2, 0xc0, 0x4, 0x44, 0x42,
    0x2e, 0x3f, 0x30, 0x9, 0x16, 0xb7, 0x7b, 0x1b,
    0xc0,

    /* U+5B85 "宅" */
    0x0, 0xfa, 0x84, 0x3, 0xff, 0x82, 0x30, 0x1,
    0xf7, 0x7f, 0xf2, 0x37, 0xff, 0x28, 0x2, 0x33,
    0x3f, 0xc0, 0x18, 0xcf, 0xc0, 0x9d, 0x66, 0x20,
    0x8, 0x74, 0x69, 0xcf, 0xcb, 0xa9, 0x8, 0x70,
    0x6f, 0x9d, 0x6, 0x1f, 0xc7, 0x10, 0x62, 0x0,
    0x66, 0xdc, 0xf8, 0x7, 0xff, 0x10, 0xd5, 0xe6,
    0xf6, 0x5, 0xa2, 0xb3, 0x68, 0x76, 0x74, 0x76,
    0x68, 0xb4, 0x4a, 0xa6, 0x7, 0xb2, 0xa1, 0x90,
    0x8e, 0xe6, 0x19, 0x8, 0x3, 0xca, 0x40, 0x1f,
    0xfc, 0x19, 0x50, 0xf, 0x8, 0x90, 0x8a, 0x43,
    0x30, 0x7, 0x90, 0xef, 0x76, 0xb4, 0x40,

    /* U+5B87 "宇" */
    0x0, 0xf3, 0x88, 0x7, 0xff, 0x2, 0xe0, 0x3,
    0xd9, 0xff, 0xc6, 0xdf, 0xfd, 0xa1, 0x1b, 0xbf,
    0xe8, 0x0, 0x11, 0x7f, 0xf0, 0x2, 0xda, 0xbf,
    0xff, 0x53, 0x53, 0x9d, 0xee, 0xcc, 0x7b, 0xb5,
    0x9b, 0x80, 0x4, 0x8a, 0x17, 0x22, 0x84, 0x0,
    0x23, 0xf3, 0x88, 0xfb, 0x7b, 0xb9, 0x8f, 0xbb,
    0xbf, 0x3f, 0xf9, 0xd3, 0xff, 0xb8, 0x3, 0xff,
    0xa6, 0x24, 0x43, 0x0, 0xff, 0x2e, 0xe9, 0xb8,
    0x3, 0xc0,

    /* U+5B88 "守" */
    0x0, 0xf8, 0x80, 0x3f, 0xf8, 0x7e, 0xe0, 0x1f,
    0x8d, 0x13, 0xd2, 0x89, 0xc4, 0x0, 0x9a, 0x99,
    0xc8, 0x73, 0x3a, 0xe0, 0x2, 0x6d, 0xdf, 0x64,
    0xee, 0x98, 0x2, 0x3f, 0x0, 0xf1, 0x58, 0x4,
    0x60, 0xa, 0x43, 0x3f, 0x28, 0x19, 0xaa, 0x80,
    0x39, 0x9f, 0xa4, 0x33, 0x30, 0x8b, 0xfd, 0xdf,
    0xfd, 0x81, 0xff, 0x84, 0x2, 0xc8, 0x0, 0xff,
    0xe1, 0x7b, 0x30, 0x3, 0xff, 0x82, 0x55, 0x24,
    0x1, 0xff, 0xc1, 0x49, 0x30, 0xf, 0xfe, 0x13,
    0x9, 0x99, 0x0, 0x3f, 0xf8, 0x3, 0x98, 0x97,
    0x0, 0xe0,

    /* U+5B89 "安" */
    0x0, 0xe2, 0x90, 0xf, 0xfe, 0x1, 0x3b, 0x80,
    0x3c, 0xd9, 0x9c, 0x31, 0x99, 0xcc, 0x21, 0x11,
    0xae, 0xd1, 0x18, 0x78, 0x19, 0x12, 0x3f, 0x44,
    0xe6, 0x4, 0xe0, 0xa, 0x70, 0x3, 0xbe, 0xc5,
    0x88, 0x8e, 0x26, 0x45, 0xcc, 0x3f, 0xbb, 0x40,
    0x5e, 0xef, 0xb3, 0x7f, 0xcc, 0x5f, 0xf8, 0xdb,
    0xfd, 0xc0, 0x4, 0x6e, 0x0, 0x90, 0xec, 0x3,
    0xb0, 0x36, 0x8, 0x95, 0x4, 0x1, 0xd1, 0xf6,
    0x7b, 0xa3, 0x70, 0xf, 0xce, 0x40, 0xa7, 0xce,
    0x20, 0x11, 0x35, 0x69, 0x6d, 0x74, 0xcb, 0x9c,
    0x1b, 0x68, 0xb2, 0xc8, 0x0, 0xfc, 0xf0, 0x8d,
    0xd9, 0x6, 0x1, 0xe8, 0xf4,

    /* U+5B8B "宋" */
    0x0, 0xfa, 0x44, 0x3, 0xff, 0x84, 0x90, 0x1,
    0xfa, 0xb3, 0x38, 0xdb, 0x33, 0x9c, 0x0, 0xeb,
    0x11, 0xaa, 0xe2, 0x30, 0x70, 0x5, 0xe8, 0x9b,
    0xcd, 0x13, 0x30, 0x5, 0x4a, 0x1, 0xfe, 0xfc,
    0x0, 0x39, 0x80, 0x67, 0xf0, 0xc, 0xaa, 0x0,
    0x77, 0xff, 0x1b, 0xff, 0xf5, 0x0, 0x3f, 0xba,
    0xc0, 0x10, 0x3e, 0xed, 0x60, 0x1, 0x1d, 0xec,
    0xae, 0x12, 0x23, 0x80, 0x3a, 0xc2, 0x43, 0xf5,
    0x5c, 0x3, 0xc3, 0x6d, 0xa0, 0x10, 0xfc, 0xc8,
    0x3, 0x26, 0x3e, 0x8, 0x6, 0x2c, 0x4d, 0x40,
    0x4b, 0x5c, 0x10, 0xf, 0x16, 0x25, 0xa, 0x6c,
    0x0, 0x7f, 0xc, 0xf0, 0x80,

    /* U+5B8C "完" */
    0x0, 0xf0, 0xd1, 0x0, 0x7f, 0xf0, 0x45, 0xac,
    0x3, 0xf4, 0x66, 0x71, 0x36, 0x67, 0x40, 0x0,
    0x9a, 0x67, 0x5d, 0x4c, 0xe7, 0x20, 0x8, 0x95,
    0x7f, 0xc6, 0x1, 0x6e, 0x97, 0xff, 0xf2, 0xf6,
    0x80, 0x1d, 0x55, 0xbb, 0xf9, 0x59, 0xc0, 0x38,
    0x8b, 0xf0, 0x6, 0x1f, 0xff, 0xfe, 0x10, 0x8b,
    0x77, 0xc, 0x6e, 0x8d, 0xf7, 0x70, 0x81, 0x16,
    0x14, 0x22, 0x3f, 0x91, 0x60, 0xe, 0x40, 0x20,
    0xf, 0x84, 0x3, 0xa1, 0x84, 0x3, 0xec, 0x30,
    0x1, 0xe8, 0x40, 0x6, 0xe1, 0x11, 0x10, 0x45,
    0xda, 0xb8, 0x20, 0x16, 0xb7, 0x73, 0x54, 0x87,
    0x3a, 0x0, 0x39, 0xbf, 0xf5, 0x0,

    /* U+5B8F "宏" */
    0x0, 0xfa, 0x14, 0x3, 0xff, 0x87, 0x0, 0x1f,
    0xb3, 0xbb, 0x9c, 0xbb, 0xbb, 0x0, 0x3, 0x39,
    0x95, 0xdb, 0x73, 0x34, 0x88, 0x4, 0x45, 0xa0,
    0xc8, 0xbc, 0x1, 0x62, 0x80, 0xc, 0x98, 0x3,
    0x97, 0x0, 0x1d, 0xff, 0x60, 0x77, 0xff, 0xb8,
    0x1, 0xbb, 0x58, 0x4e, 0xe6, 0xef, 0x80, 0x4,
    0x56, 0x9b, 0x17, 0xa9, 0x17, 0x0, 0x63, 0x68,
    0x5, 0x35, 0x0, 0xfe, 0xf4, 0x40, 0x43, 0x92,
    0x50, 0x7, 0xa8, 0xa4, 0x20, 0x20, 0x11, 0xe0,
    0x3, 0x4a, 0xe9, 0x23, 0xf8, 0x5, 0xce, 0xa0,
    0x2, 0x7b, 0x32, 0xa1, 0x9c, 0xef, 0xc1, 0xb1,
    0x2, 0xe4, 0x3, 0x49, 0xd8, 0xce, 0xfe, 0x54,
    0x0, 0xe1, 0xa7, 0x64, 0x21, 0x0, 0x5a, 0x80,

    /* U+5B97 "宗" */
    0x0, 0xfa, 0x4c, 0x3, 0xff, 0x87, 0x0, 0x1f,
    0xaf, 0xff, 0x99, 0x3f, 0xfb, 0x0, 0x27, 0xdd,
    0xff, 0x38, 0x6, 0xf2, 0x2f, 0xf7, 0x0, 0x5c,
    0x88, 0xff, 0xfc, 0x6b, 0x40, 0x5, 0x34, 0xee,
    0xfc, 0x66, 0x60, 0xe, 0x11, 0xfc, 0x1, 0xdf,
    0xff, 0xfc, 0x1e, 0x0, 0x6e, 0xf9, 0x17, 0x77,
    0xb0, 0x0, 0x44, 0x74, 0x22, 0x8c, 0x88, 0xa0,
    0x44, 0x0, 0x8a, 0x8c, 0x3, 0xdf, 0x84, 0x1,
    0x16, 0x3a, 0x80, 0x7a, 0x1b, 0x4, 0x1, 0x8f,
    0x0, 0x45, 0x0, 0x68, 0x5d, 0x0, 0x7c, 0x80,
    0x3f, 0x57, 0x40, 0x35, 0x68, 0x0,

    /* U+5B98 "官" */
    0x0, 0xf3, 0x8, 0x7, 0xff, 0x2, 0xa4, 0x3,
    0xdd, 0xff, 0xc6, 0xff, 0xfd, 0xa1, 0x3b, 0xbf,
    0xe8, 0x33, 0x10, 0x7, 0xf1, 0x91, 0x35, 0x33,
    0x1f, 0xfe, 0xd4, 0x5c, 0x0, 0xab, 0x77, 0xc6,
    0x1, 0xe1, 0x1f, 0xc0, 0x1e, 0xaf, 0xff, 0x18,
    0x7, 0xaf, 0xbb, 0xe5, 0x0, 0xeb, 0xff, 0xfc,
    0x80, 0x1a, 0xb7, 0x7d, 0x40, 0x1e, 0x12, 0x2f,
    0x8, 0x7, 0x84, 0x7f, 0x0, 0x7a, 0xbb, 0xbd,
    0x40, 0x10,

    /* U+5B99 "宙" */
    0x0, 0xe3, 0x90, 0xf, 0xfe, 0x1, 0x33, 0x0,
    0x3d, 0x7b, 0xbb, 0x2, 0x77, 0x79, 0x59, 0x66,
    0x75, 0x5c, 0xce, 0x3, 0xd, 0x44, 0xd6, 0x8,
    0x98, 0x42, 0x98, 0x3, 0xfd, 0x6a, 0xe4, 0x67,
    0x84, 0x8c, 0xf3, 0x98, 0x46, 0x6e, 0xc1, 0x3b,
    0xb6, 0x18, 0x4, 0xfd, 0xd0, 0xdf, 0x74, 0x1,
    0xc2, 0x1, 0x84, 0x3, 0xf3, 0x7f, 0xc3, 0x5f,
    0xf0, 0x7, 0x3f, 0xfc, 0x37, 0xff, 0x0, 0x7f,
    0xf1, 0xdb, 0x76, 0x1a, 0xdd, 0x80, 0x39, 0x26,
    0x6b, 0xa9, 0x98, 0x2,

    /* U+5B9A "定" */
    0x0, 0xf1, 0xc8, 0x7, 0xff, 0x4, 0x99, 0x0,
    0x3e, 0xcd, 0xdd, 0x81, 0x5b, 0xbc, 0x80, 0x55,
    0x33, 0xae, 0xa6, 0x71, 0x0, 0x46, 0x89, 0xfe,
    0x10, 0x3, 0xb2, 0x27, 0xf1, 0x3b, 0x82, 0x4a,
    0x26, 0x6b, 0xa9, 0x99, 0xe4, 0xc0, 0x2c, 0xdd,
    0x86, 0xb7, 0x65, 0x0, 0xec, 0x60, 0xf, 0xfe,
    0x9, 0xa8, 0x5, 0x7d, 0xd9, 0x40, 0x23, 0x7,
    0x0, 0xa3, 0x33, 0x20, 0x5, 0x63, 0x20, 0x11,
    0x91, 0x61, 0x0, 0xb, 0xeb, 0xe1, 0x0, 0x7f,
    0x5a, 0x1d, 0x36, 0x8e, 0xa1, 0x9f, 0x2a, 0x50,
    0x2, 0xad, 0x92, 0xb3, 0x34, 0x2f, 0x88, 0x4,
    0x93, 0xbd, 0xff, 0xac,

    /* U+5B9B "宛" */
    0x0, 0xfa, 0x10, 0x3, 0xff, 0x87, 0x20, 0x1f,
    0xb7, 0xbb, 0x9c, 0xbb, 0xba, 0x80, 0x7, 0x19,
    0xb9, 0x8d, 0xd6, 0x66, 0x70, 0xc, 0xa1, 0xa6,
    0x45, 0xf0, 0x80, 0x58, 0x70, 0x42, 0x0, 0x29,
    0x9c, 0x34, 0x0, 0x22, 0x29, 0xff, 0xb9, 0x98,
    0x22, 0x37, 0x0, 0xd0, 0x9d, 0xc7, 0x57, 0x18,
    0x87, 0x18, 0x5, 0x9, 0x22, 0x24, 0xd0, 0xf,
    0xca, 0xfb, 0xd2, 0x66, 0x70, 0xc, 0x22, 0x0,
    0x2e, 0x9e, 0xae, 0x30, 0x80, 0x59, 0x48, 0x1,
    0x10, 0xd, 0xc, 0x0, 0x6e, 0xd8, 0x10, 0xc,
    0xd3, 0x42, 0x1, 0x88, 0x81, 0xc2, 0x3, 0x32,
    0xb4, 0x0, 0x84, 0xc4, 0x48, 0x2, 0x2f, 0x2d,
    0x40, 0x8, 0xcd, 0x9d, 0xcb, 0x80, 0x1f, 0xb2,
    0x0, 0xec, 0xff, 0xce, 0x0,

    /* U+5B9C "宜" */
    0x0, 0xfa, 0x4c, 0x3, 0xff, 0x87, 0x20, 0x1f,
    0xa3, 0x33, 0x91, 0x73, 0x3a, 0x0, 0x4, 0xd1,
    0x1a, 0x6e, 0x23, 0x31, 0x0, 0x44, 0x89, 0xfe,
    0x20, 0xb, 0x30, 0x1f, 0xff, 0x70, 0x6e, 0x0,
    0x19, 0x0, 0x19, 0xdd, 0xac, 0x41, 0x58, 0x3,
    0xc4, 0x23, 0x9c, 0x3, 0xfd, 0xdf, 0xfb, 0x0,
    0x3f, 0xdb, 0xff, 0xac, 0x3, 0xfe, 0x11, 0xc0,
    0x1f, 0xf6, 0xf7, 0x6b, 0x0, 0xff, 0x77, 0xfe,
    0xc0, 0xf, 0x8, 0x88, 0xc, 0x47, 0x38, 0x8,
    0xc0, 0x3d, 0xcd, 0xd, 0xee, 0xd6, 0x1d, 0xd0,
    0x80,

    /* U+5B9D "宝" */
    0x0, 0xf1, 0x80, 0x7f, 0xf0, 0x79, 0xc0, 0x3c,
    0x46, 0x7c, 0xb2, 0x67, 0xc5, 0x19, 0xbb, 0x98,
    0x37, 0x76, 0x40, 0x3f, 0x77, 0xf9, 0x80, 0x2,
    0x45, 0xfe, 0x30, 0xbe, 0xdd, 0xff, 0xac, 0x5f,
    0xff, 0x2b, 0x7f, 0xe7, 0x10, 0xf, 0xfe, 0x27,
    0x76, 0x56, 0xee, 0xc0, 0x1b, 0x77, 0x1a, 0x6c,
    0xee, 0x80, 0x31, 0x9e, 0x62, 0x3b, 0x83, 0x0,
    0xff, 0xb1, 0xf0, 0x0, 0x23, 0xf1, 0x88, 0xb9,
    0x48, 0x7f, 0xbb, 0x91, 0x7b, 0x9a, 0xdb, 0xc0,

    /* U+5B9E "实" */
    0x0, 0xf4, 0x98, 0x7, 0xff, 0x0, 0xe0, 0x3,
    0xcf, 0xbb, 0xc8, 0x8d, 0xde, 0x7f, 0x69, 0x9d,
    0x57, 0x33, 0x9b, 0x80, 0x53, 0x5d, 0x11, 0xce,
    0x89, 0x8, 0x5f, 0x7, 0xe3, 0x82, 0x80, 0x6e,
    0xa3, 0x51, 0x6c, 0x11, 0x0, 0x80, 0x48, 0x60,
    0xde, 0xa6, 0xc6, 0x6, 0x1, 0xe7, 0xba, 0x30,
    0x71, 0x10, 0x7, 0x8, 0x92, 0xc8, 0x70, 0x84,
    0x7d, 0x9d, 0xcb, 0xee, 0x31, 0xf7, 0x77, 0xef,
    0xfe, 0x71, 0xe9, 0xff, 0xdc, 0x1, 0xa1, 0xe8,
    0x37, 0xe4, 0x80, 0x22, 0x7e, 0x6b, 0x41, 0xbd,
    0xd, 0x91, 0x6d, 0xb8, 0xe4, 0x0, 0x8a, 0x75,
    0x61, 0xbb, 0x18, 0x3, 0xe2, 0xc9,

    /* U+5BA0 "宠" */
    0x0, 0xf9, 0xd0, 0x3, 0xff, 0x85, 0xf2, 0x1,
    0xf9, 0x3f, 0xf9, 0xcb, 0xff, 0xb8, 0x2, 0x1e,
    0xea, 0x73, 0xb3, 0x7b, 0x92, 0x1, 0xc2, 0x34,
    0x80, 0xd7, 0xb8, 0x98, 0x4, 0x9e, 0x0, 0x20,
    0x20, 0x9e, 0xa3, 0x5f, 0x0, 0x1e, 0x6e, 0xb0,
    0x33, 0x75, 0xc3, 0xdb, 0x80, 0x3, 0xee, 0x90,
    0xfa, 0xcb, 0xbb, 0x80, 0x23, 0x39, 0xac, 0xc8,
    0x4c, 0xd4, 0xc6, 0x1, 0xc4, 0x6a, 0x1, 0xa9,
    0x10, 0x1, 0xeb, 0x42, 0x0, 0xe, 0x36, 0x8,
    0x7, 0x1b, 0x40, 0x3, 0x1, 0x70, 0x40, 0x38,
    0xb5, 0xcd, 0xb9, 0xc6, 0x40, 0x2a, 0x30, 0x6d,
    0x48, 0x78, 0x9b, 0x12, 0x11, 0x12, 0x0, 0x32,
    0x28, 0x1f, 0x9d, 0xf, 0x7b, 0x9a, 0xa6, 0x14,
    0xe0, 0x1e, 0xcf, 0xfd, 0x60,

    /* U+5BA1 "审" */
    0x0, 0xe2, 0xa0, 0xf, 0xfe, 0x1, 0x23, 0x80,
    0x7b, 0x7f, 0xf8, 0x63, 0xff, 0x90, 0xe3, 0x33,
    0x45, 0xe6, 0x60, 0x3, 0xa1, 0x9e, 0x91, 0x33,
    0xca, 0xd2, 0xe8, 0x98, 0x75, 0x13, 0x59, 0x5,
    0x4c, 0x44, 0xb, 0x11, 0x5a, 0x80, 0x5d, 0x99,
    0xc, 0x66, 0x42, 0x1, 0xb7, 0xba, 0x1b, 0xee,
    0x84, 0x3, 0x5e, 0x64, 0x31, 0x99, 0x8, 0x6,
    0x62, 0x28, 0xc, 0x8a, 0x0, 0xec, 0xff, 0x86,
    0xbf, 0xe1, 0x0, 0xd5, 0xdd, 0xc, 0xf7, 0x42,
    0x1, 0x5a, 0x8, 0xc0, 0x62, 0x35, 0x28, 0x1,
    0x44, 0x3, 0xf2, 0x8, 0x0,

    /* U+5BA2 "客" */
    0x0, 0xf9, 0xc4, 0x3, 0xff, 0x85, 0xb6, 0x1,
    0xfb, 0xbf, 0xf9, 0x55, 0xff, 0xcc, 0x1, 0x57,
    0x73, 0x1f, 0x7b, 0xb8, 0x80, 0x30, 0x88, 0x3d,
    0x44, 0xcf, 0x8, 0x6, 0xe4, 0x2c, 0x26, 0x89,
    0x96, 0x78, 0x6b, 0x0, 0x6, 0x35, 0xc3, 0x2e,
    0xc6, 0x18, 0x1, 0xca, 0x5b, 0x5f, 0x76, 0xc4,
    0xf1, 0x0, 0xe4, 0xa2, 0x7, 0x7, 0x10, 0x71,
    0x0, 0xe4, 0x7b, 0xfc, 0xfc, 0xdf, 0xce, 0xda,
    0x60, 0x4a, 0xd2, 0x7, 0xed, 0xd7, 0x38, 0xa9,
    0x80, 0x13, 0xaa, 0x83, 0xff, 0xe1, 0xc9, 0x60,
    0xf, 0x11, 0x78, 0x40, 0x3f, 0xf9, 0x83, 0xff,
    0xe1, 0x0, 0xc0,

    /* U+5BA3 "宣" */
    0x0, 0xf9, 0x84, 0x3, 0xff, 0x83, 0x52, 0x1,
    0xf5, 0xff, 0xf1, 0xbf, 0xff, 0x58, 0x1, 0xfb,
    0xbf, 0xce, 0x1, 0x79, 0x91, 0x7e, 0x3f, 0x0,
    0x53, 0x5f, 0xff, 0xea, 0x6a, 0x1, 0x14, 0xe6,
    0x7e, 0x81, 0x10, 0x4, 0xff, 0xdd, 0xef, 0x60,
    0xf, 0x2f, 0x77, 0x8c, 0x3, 0xe5, 0xee, 0xf1,
    0x80, 0x7c, 0xbd, 0xde, 0x30, 0xf, 0x84, 0x7e,
    0x0, 0xf8, 0x5b, 0x33, 0xc2, 0x60, 0x10, 0x89,
    0xf3, 0x3f, 0x20, 0x88, 0x3b, 0xbf, 0xf8, 0x40,

    /* U+5BA4 "室" */
    0x0, 0xf9, 0x88, 0x3, 0xff, 0x85, 0xb0, 0x1,
    0xfb, 0xbf, 0xf9, 0x17, 0xff, 0xb4, 0x2, 0xae,
    0xef, 0xf4, 0x80, 0x4a, 0x2a, 0xbf, 0xe0, 0x70,
    0x5, 0xbc, 0x45, 0x73, 0x11, 0xcb, 0x40, 0x11,
    0xe6, 0x82, 0xee, 0x68, 0xc6, 0x18, 0x7, 0x1e,
    0x25, 0x9, 0x11, 0x2d, 0x80, 0x38, 0xb0, 0x9b,
    0xb2, 0x64, 0xf, 0xa, 0x1, 0x8b, 0x3b, 0xa7,
    0x3a, 0x98, 0xd4, 0x0, 0xc4, 0x4, 0x66, 0x12,
    0x33, 0x80, 0xc0, 0x35, 0x7f, 0xe5, 0x4f, 0xfd,
    0x40, 0x1a, 0x33, 0x32, 0x36, 0x66, 0x80, 0x8,
    0x47, 0xc0, 0x23, 0xf0, 0x3, 0xbb, 0xca, 0xdd,
    0xde, 0x0,

    /* U+5BA6 "宦" */
    0x0, 0xf3, 0x8, 0x7, 0xff, 0x2, 0xec, 0x1,
    0xee, 0xff, 0xe2, 0x5f, 0xfe, 0xd0, 0x9e, 0xef,
    0xf3, 0x81, 0x19, 0xff, 0xde, 0xd8, 0x1b, 0xbf,
    0xef, 0xb0, 0x1, 0x7f, 0xe0, 0xdf, 0xfa, 0x0,
    0x23, 0x3c, 0x80, 0xe6, 0x70, 0x6, 0x1e, 0xea,
    0x4a, 0x3b, 0x98, 0x1, 0x8b, 0x77, 0xef, 0x0,
    0xf0, 0x8f, 0xcc, 0x1, 0xc5, 0xdd, 0xf5, 0x80,
    0x71, 0x7f, 0xe0, 0xdf, 0xf8, 0x3, 0x84, 0x62,
    0x1, 0x1e, 0x0, 0x8b, 0xba, 0xd0, 0xce, 0xec,
    0xa0,

    /* U+5BAA "宪" */
    0x0, 0xf9, 0x88, 0x3, 0xff, 0x85, 0xb2, 0x1,
    0xfb, 0x7f, 0xf9, 0x11, 0xff, 0xdc, 0x1, 0x57,
    0xfe, 0xcc, 0x7f, 0xea, 0x0, 0x84, 0x69, 0x0,
    0x55, 0x0, 0x30, 0x98, 0x3, 0x12, 0x1c, 0x44,
    0x6, 0x23, 0x93, 0x40, 0x22, 0x61, 0xee, 0x32,
    0xf7, 0x68, 0x0, 0x87, 0xd7, 0xfe, 0x66, 0x7f,
    0xe8, 0x0, 0xcb, 0x40, 0x1f, 0xfc, 0x1f, 0x7f,
    0xfc, 0xcc, 0xff, 0xed, 0x0, 0x77, 0xfb, 0x86,
    0xbf, 0xc1, 0x7f, 0xf6, 0x80, 0x71, 0xa, 0x0,
    0x4e, 0x1, 0xfd, 0xec, 0x20, 0x1f, 0x61, 0x80,
    0x17, 0x9e, 0x40, 0x21, 0x52, 0x21, 0x98, 0x45,
    0xd3, 0x16, 0x1, 0x9e, 0x77, 0x58, 0x84, 0x3d,
    0x8c, 0x1, 0xd3, 0xff, 0xac, 0x0,

    /* U+5BAB "宫" */
    0x0, 0xe4, 0x80, 0xf, 0xfe, 0x3, 0xb9, 0x0,
    0x3d, 0x9b, 0xbb, 0x82, 0xb7, 0x79, 0x9, 0x62,
    0x35, 0x5c, 0x46, 0x21, 0xc, 0x55, 0xff, 0x8,
    0x4b, 0x77, 0xff, 0xe3, 0x67, 0x71, 0x6, 0x7f,
    0xf8, 0x42, 0x8, 0x2, 0x70, 0xf, 0xfe, 0xd,
    0xff, 0xf8, 0x40, 0x3b, 0xbf, 0xff, 0x18, 0x5,
    0x5f, 0xff, 0xe3, 0x0, 0xab, 0xbb, 0xf1, 0x0,
    0x61, 0x1f, 0xe0, 0xe, 0x10, 0xf, 0xfe, 0xd,
    0x7f, 0xfe, 0x20, 0x0,

    /* U+5BB0 "宰" */
    0x0, 0xf9, 0x80, 0x3f, 0xf8, 0x70, 0xe0, 0x1f,
    0xb7, 0xff, 0x86, 0x3f, 0xfb, 0x40, 0x29, 0xdd,
    0xd1, 0x7b, 0xba, 0x0, 0x31, 0x9f, 0x6f, 0x19,
    0xe1, 0x0, 0xb7, 0x5d, 0xd9, 0x55, 0xdd, 0xbf,
    0x40, 0x28, 0xf8, 0x7f, 0xfd, 0xd, 0xf2, 0x1,
    0xe4, 0x71, 0x0, 0xa6, 0x80, 0x30, 0xe6, 0x5e,
    0x19, 0x96, 0x8f, 0xe6, 0x42, 0x28, 0x8d, 0x72,
    0xf, 0x37, 0x11, 0x84, 0x11, 0x3c, 0xc4, 0x89,
    0xe0, 0xb, 0x77, 0x95, 0xb7, 0x78, 0x3, 0x77,
    0x72, 0x2f, 0x77, 0x0, 0x63, 0x3e, 0x13, 0x3f,
    0x0, 0x7f, 0xf1, 0x80,

    /* U+5BB3 "害" */
    0x0, 0xf3, 0x8, 0x7, 0xff, 0x3, 0x60, 0x3,
    0xd5, 0xff, 0xc8, 0xdf, 0xfd, 0x40, 0xdb, 0xba,
    0xeb, 0x77, 0x30, 0x1f, 0x8, 0xee, 0xe0, 0x8e,
    0xe3, 0x97, 0x98, 0x89, 0x16, 0x23, 0x3c, 0x80,
    0xc4, 0xcc, 0x8b, 0x33, 0x84, 0x0, 0x9d, 0xd9,
    0x17, 0xbb, 0x30, 0xa, 0x6e, 0xe4, 0x46, 0xee,
    0x61, 0xdc, 0xce, 0x55, 0x66, 0x7d, 0xb9, 0x99,
    0x55, 0x99, 0xb7, 0x40, 0xe, 0xff, 0x91, 0x1f,
    0xf7, 0x10, 0x6, 0xde, 0xef, 0x80, 0x3f, 0xf9,
    0x19, 0xff, 0xf0, 0x4,

    /* U+5BB4 "宴" */
    0x0, 0xf9, 0xc4, 0x3, 0xf0, 0x8f, 0xb2, 0xc4,
    0x7c, 0x0, 0xce, 0xee, 0x45, 0xee, 0xec, 0x0,
    0xaf, 0xff, 0xfd, 0x60, 0x13, 0x3, 0x7e, 0xef,
    0xbd, 0xc0, 0x40, 0x16, 0x80, 0xbb, 0xbe, 0x40,
    0x4c, 0x0, 0xe4, 0xcc, 0xf2, 0x0, 0x7e, 0x4c,
    0xcf, 0x20, 0x7, 0xc6, 0xfb, 0xfb, 0xb9, 0x84,
    0x3, 0x8, 0x93, 0x20, 0x3b, 0x33, 0x38, 0x88,
    0x7, 0xbb, 0x50, 0x67, 0x77, 0xc0, 0x3f, 0xee,
    0x27, 0xff, 0xc6, 0xff, 0xf0, 0x6, 0x60, 0x7c,
    0x86, 0xd5, 0x80, 0xf, 0x9f, 0x68, 0x1e, 0x9,
    0x60, 0xc0, 0x34, 0x67, 0x7c, 0xa6, 0x77, 0xc1,
    0x66, 0x4, 0x1, 0x5f, 0xf6, 0x41, 0x80, 0x12,
    0xbb, 0x82, 0x0,

    /* U+5BB5 "宵" */
    0x0, 0xf3, 0x0, 0x7f, 0xf0, 0x6d, 0xc0, 0x3d,
    0xdf, 0xfc, 0x51, 0xff, 0xd0, 0x15, 0xbb, 0xa7,
    0x37, 0x72, 0x0, 0x5, 0x20, 0x89, 0xe, 0x41,
    0x86, 0x21, 0xe8, 0xc8, 0x80, 0xd, 0xd2, 0x37,
    0x2, 0x8, 0xe4, 0x82, 0x6c, 0x46, 0x82, 0x0,
    0x2b, 0x5a, 0x83, 0xba, 0x29, 0xa0, 0xe, 0xcc,
    0xfa, 0x0, 0x3d, 0xff, 0xf5, 0x0, 0x7b, 0xff,
    0xeb, 0x0, 0xf7, 0xff, 0xd6, 0x1, 0xef, 0xff,
    0xa8, 0x3, 0xfe, 0x11, 0x18, 0x7, 0xfd, 0x1d,
    0xc, 0x0,

    /* U+5BB6 "家" */
    0x0, 0xf0, 0xb0, 0x7, 0xff, 0x4, 0xe5, 0x0,
    0x3e, 0xdf, 0xfd, 0xa1, 0x7f, 0xfc, 0xa0, 0xa,
    0xee, 0xff, 0x8, 0x4, 0x26, 0x7f, 0xc2, 0x1,
    0x4a, 0xfe, 0x63, 0x75, 0x99, 0x96, 0x90, 0x10,
    0x77, 0xe4, 0x5b, 0xbb, 0xa, 0x8, 0x1, 0x6b,
    0xf9, 0x90, 0x0, 0x39, 0x22, 0x0, 0x9e, 0xcf,
    0x90, 0x29, 0x6f, 0x4d, 0x10, 0x4, 0xda, 0x4e,
    0xfe, 0x35, 0xd, 0x0, 0x67, 0xdf, 0xf6, 0xb4,
    0x4, 0x44, 0x1, 0x8f, 0xb5, 0xdd, 0xf8, 0x44,
    0x77, 0x30, 0x4, 0x81, 0x3d, 0xcc, 0x73, 0x30,
    0x4c, 0x9c, 0x1, 0xdd, 0x7c, 0x1b, 0x8a, 0x2,
    0x5c, 0xd8, 0x66, 0xb8, 0xd7, 0x4d, 0x8, 0x1,
    0x3a, 0x80, 0x80, 0x2b, 0xfe, 0x50, 0xe, 0x10,

    /* U+5BB9 "容" */
    0x0, 0xf0, 0xb8, 0x7, 0xff, 0xa, 0x18, 0x3,
    0xed, 0xff, 0xdc, 0x13, 0xff, 0xc8, 0x7, 0x3b,
    0xbf, 0xe1, 0x0, 0x19, 0x12, 0xbc, 0x8a, 0xb8,
    0x32, 0x30, 0x6, 0xa4, 0xb7, 0x83, 0x1c, 0x9f,
    0xa6, 0xa0, 0x26, 0xae, 0x12, 0xcc, 0x4, 0xdd,
    0x9c, 0x2, 0x5c, 0x25, 0xbb, 0x5, 0x82, 0xe0,
    0x4, 0x90, 0x11, 0x7a, 0x96, 0x3a, 0x66, 0x70,
    0x8, 0xf5, 0x74, 0x84, 0x57, 0x59, 0x66, 0x7,
    0x78, 0x44, 0xce, 0xed, 0x0, 0xf9, 0x22, 0x5c,
    0x39, 0xff, 0xe1, 0x8c, 0xa2, 0x91, 0x0, 0xff,
    0x19, 0x80, 0x33, 0x80, 0x78, 0x40, 0x3e, 0xbf,
    0xff, 0x0, 0x60,

    /* U+5BBD "宽" */
    0x0, 0xf9, 0x88, 0x3, 0xff, 0x85, 0x72, 0x1,
    0xfb, 0xbf, 0xf8, 0x93, 0xff, 0xb8, 0x2, 0xcf,
    0xf4, 0xef, 0xfb, 0x6b, 0xfd, 0x60, 0x11, 0xba,
    0xaa, 0x6d, 0x55, 0x76, 0x55, 0x9, 0x0, 0x35,
    0xf7, 0x40, 0x5b, 0xa2, 0xd, 0xd3, 0xe0, 0x4,
    0x71, 0x7, 0x88, 0xcd, 0x10, 0x20, 0xe, 0xde,
    0x6d, 0xee, 0x6b, 0x75, 0x80, 0x78, 0xe3, 0x31,
    0x1b, 0x98, 0x66, 0x0, 0x7c, 0x44, 0x39, 0x2,
    0x27, 0x0, 0x7f, 0x8c, 0x0, 0x20, 0x1f, 0xfc,
    0xa, 0x1f, 0xb0, 0xc, 0x82, 0x1, 0x62, 0x33,
    0xd0, 0x4, 0xda, 0x1e, 0xe0, 0x1, 0x4d, 0x8b,
    0x47, 0x11, 0xe5, 0x51, 0x6f, 0x55, 0xf2, 0x6,
    0xaf, 0x76, 0x53, 0x29, 0xec, 0x60, 0x9, 0xbb,
    0xff, 0x58, 0x0,

    /* U+5BBE "宾" */
    0x0, 0xf9, 0xc8, 0x3, 0xff, 0x83, 0x9c, 0x1,
    0xf5, 0x7f, 0xf2, 0x1f, 0xff, 0x58, 0xb, 0x6e,
    0xff, 0x63, 0x38, 0x3, 0x88, 0x80, 0x2e, 0xb7,
    0xdb, 0x7c, 0x0, 0xf4, 0x8f, 0xf4, 0x7f, 0xd1,
    0xd0, 0x90, 0x8, 0x60, 0xbb, 0x75, 0xc, 0x82,
    0x6, 0x80, 0x19, 0x7b, 0xbf, 0x68, 0x7, 0x26,
    0x67, 0xc, 0x67, 0x80, 0x70, 0x91, 0x70, 0x11,
    0x40, 0x2, 0x20, 0x88, 0x8b, 0x80, 0x8b, 0x6,
    0x61, 0xd7, 0x33, 0x86, 0x33, 0x20, 0xee, 0xaa,
    0x7b, 0xaf, 0x7c, 0xee, 0x80, 0x7, 0x76, 0x10,
    0xe, 0xda, 0x30, 0x5, 0xe1, 0x73, 0x0, 0x43,
    0x3c, 0x79, 0x1, 0x1b, 0x22, 0x1, 0xe1, 0x9d,
    0xa0,

    /* U+5BBF "宿" */
    0x0, 0xf9, 0x84, 0x3, 0xff, 0x83, 0x70, 0x1,
    0xf6, 0xff, 0xf1, 0x37, 0xff, 0x58, 0x2, 0xbf,
    0xbf, 0xff, 0x38, 0x1, 0x18, 0xf8, 0x8b, 0xf6,
    0xe8, 0x24, 0xfd, 0x97, 0x77, 0xea, 0x80, 0x3,
    0x9c, 0x3f, 0xfc, 0x71, 0xff, 0x70, 0x34, 0x8,
    0x82, 0xb7, 0x47, 0x5b, 0xb0, 0xac, 0xa8, 0x4,
    0xf5, 0xd9, 0xdc, 0x92, 0x6, 0x9e, 0x0, 0xc4,
    0x67, 0x94, 0x0, 0x6c, 0x1, 0xd5, 0xdd, 0xbc,
    0x3, 0xfa, 0x7f, 0xf6, 0x80, 0x7f, 0x18, 0x8e,
    0x20, 0xf, 0xeb, 0xee, 0xde, 0x1, 0xfd, 0x39,
    0x9a, 0x80, 0x0,

    /* U+5BC2 "寂" */
    0x0, 0xf9, 0xc, 0x3, 0xff, 0x85, 0xdc, 0x0,
    0xfd, 0x5f, 0xfc, 0xa5, 0xff, 0xe0, 0x0, 0xbe,
    0xe6, 0xef, 0xea, 0x0, 0xb3, 0x5, 0x86, 0x45,
    0xf3, 0xc0, 0x1, 0xd0, 0x1, 0xdf, 0x8b, 0xff,
    0xb7, 0x0, 0x3d, 0xbd, 0xaa, 0x77, 0xfe, 0x6c,
    0x0, 0xf1, 0x88, 0x81, 0x30, 0x0, 0xe8, 0x3,
    0xff, 0x7, 0x7f, 0xa6, 0xd4, 0xc, 0xc, 0x7,
    0xb7, 0x92, 0x7b, 0x60, 0xc1, 0x22, 0x40, 0x21,
    0xd3, 0x3, 0x98, 0x10, 0xb9, 0x57, 0x0, 0x94,
    0xc8, 0x1, 0x2a, 0x80, 0x84, 0xe0, 0x1a, 0xe0,
    0x2, 0x18, 0x13, 0xc5, 0x65, 0x0, 0xad, 0x1,
    0xc0, 0xd, 0x98, 0x9a, 0xaa, 0x44, 0x15, 0xbc,
    0x5c, 0x10, 0xb5, 0xc1, 0x71, 0x54, 0x0, 0x6f,
    0xd2, 0x5, 0xb2, 0x0, 0x8f, 0x10,

    /* U+5BC4 "寄" */
    0x0, 0xf9, 0x8, 0x3, 0xf0, 0x8f, 0xba, 0x44,
    0x7c, 0x0, 0xce, 0xee, 0x54, 0xee, 0xec, 0x0,
    0xaf, 0xff, 0x43, 0xff, 0xea, 0x0, 0x90, 0x3f,
    0xf4, 0x3f, 0xfe, 0x4, 0x0, 0x4a, 0x7f, 0xd0,
    0xb, 0x7f, 0xf2, 0xc8, 0x7, 0x25, 0x52, 0xf6,
    0x3a, 0x8, 0x3, 0x9b, 0xe3, 0x71, 0x1f, 0x34,
    0xb0, 0x40, 0x3, 0xf2, 0x7, 0x1d, 0xff, 0x62,
    0x8f, 0x78, 0x8b, 0xff, 0xfd, 0x25, 0xfe, 0x10,
    0x1, 0x7f, 0xf9, 0x40, 0xc4, 0x3, 0xef, 0xfc,
    0x60, 0x1f, 0xf0, 0x8f, 0x0, 0x7f, 0xd9, 0x98,
    0x0, 0x24, 0x1, 0xe3, 0x9d, 0xde, 0xce, 0x9b,
    0x0, 0x80,

    /* U+5BC5 "寅" */
    0x0, 0xf0, 0xb0, 0x7, 0xe1, 0x1e, 0x39, 0x51,
    0x1e, 0x0, 0x7f, 0x76, 0xd0, 0xae, 0xee, 0x50,
    0x5, 0xff, 0xff, 0x84, 0x0, 0x6f, 0xbd, 0xdf,
    0x84, 0x84, 0x34, 0xf3, 0xfe, 0x1a, 0xff, 0x87,
    0x10, 0x3, 0xff, 0x80, 0x20, 0x19, 0xbb, 0x32,
    0xa, 0xcc, 0x7e, 0x0, 0x72, 0xee, 0xc1, 0x9b,
    0xab, 0x0, 0xf2, 0xf7, 0x41, 0x9d, 0xca, 0x0,
    0xf2, 0xf7, 0x41, 0x9d, 0xca, 0x0, 0xf2, 0x66,
    0x41, 0xd9, 0x88, 0x0, 0xe7, 0xd4, 0x7f, 0xcf,
    0x56, 0x9f, 0x0, 0x89, 0xb9, 0x78, 0xce, 0xa3,
    0xb9, 0x40, 0x2c, 0xd8, 0xd5, 0x0, 0x8e, 0x7b,
    0x29, 0x8b, 0xa9, 0x40, 0x3e, 0x17, 0xe6,

    /* U+5BC6 "密" */
    0x0, 0xfa, 0x0, 0x3f, 0xf8, 0x42, 0xca, 0x1,
    0xfb, 0xbf, 0xf7, 0xd, 0x7f, 0xf4, 0x0, 0x57,
    0xfe, 0xea, 0xff, 0xb7, 0xbd, 0x0, 0x3f, 0x65,
    0x89, 0xe2, 0x0, 0x80, 0x5e, 0x4c, 0x31, 0x31,
    0x3b, 0x6d, 0x17, 0x0, 0x3, 0x85, 0x37, 0xa,
    0x6b, 0x57, 0x4b, 0x0, 0xe, 0x41, 0x88, 0xb8,
    0x3d, 0x46, 0xf1, 0xa4, 0x6, 0xc7, 0x30, 0x0,
    0x2a, 0xbf, 0x50, 0xdc, 0x5, 0xa8, 0x6d, 0xed,
    0xff, 0xb6, 0x80, 0x54, 0x15, 0x59, 0x44, 0x27,
    0x8c, 0x86, 0x1, 0xea, 0x57, 0x0, 0x99, 0x80,
    0x15, 0x98, 0x6, 0xed, 0x0, 0xfc, 0xae, 0x1,
    0xc2, 0x45, 0x1, 0x16, 0x0, 0xf9, 0x37, 0x61,
    0x9d, 0xd8, 0x40, 0x20,

    /* U+5BC7 "寇" */
    0x0, 0xf9, 0x10, 0x1, 0xff, 0xc2, 0x3a, 0x0,
    0xfd, 0x5f, 0xfd, 0x3, 0xff, 0xe0, 0x9, 0xbb,
    0xbf, 0xd4, 0x1, 0x68, 0x11, 0x60, 0x11, 0x70,
    0x89, 0xd8, 0x0, 0xe1, 0x11, 0x94, 0x2, 0xff,
    0x6e, 0x80, 0x29, 0xbb, 0xc8, 0x1, 0x7f, 0xc8,
    0x0, 0x22, 0xf8, 0xd4, 0x19, 0x50, 0x0, 0x39,
    0x8d, 0xcd, 0xd7, 0xaf, 0x26, 0xc5, 0x0, 0x7,
    0xb4, 0x79, 0x23, 0x48, 0xee, 0xc3, 0x20, 0x19,
    0xc8, 0x3, 0x29, 0x6d, 0x3b, 0x80, 0x31, 0xb0,
    0x6, 0x19, 0x5, 0x30, 0xe, 0xcd, 0x0, 0x86,
    0xf2, 0xb5, 0x5d, 0xca, 0xa, 0x8c, 0x3, 0xa1,
    0x9c, 0xe5, 0x8b, 0x46, 0x35, 0x22, 0x1c, 0xfd,
    0x1d, 0xfe, 0xed, 0x66, 0xe, 0xb0, 0x1, 0x37,
    0xff, 0xeb, 0x0,

    /* U+5BCC "富" */
    0x0, 0xe2, 0x60, 0xf, 0x84, 0x7d, 0x2a, 0x23,
    0xc1, 0xfd, 0xdb, 0x2, 0xbb, 0xb9, 0x3, 0x3f,
    0xff, 0xc2, 0x1, 0x66, 0xef, 0xe4, 0x30, 0xe3,
    0xef, 0xff, 0xc9, 0xa8, 0x0, 0xfe, 0x99, 0xf6,
    0x98, 0x7, 0x54, 0x47, 0x80, 0x3d, 0x62, 0x89,
    0xe8, 0x20, 0xa, 0x77, 0x33, 0xf5, 0x18, 0x1,
    0x3a, 0x22, 0x4d, 0x88, 0x9d, 0x80, 0x21, 0x22,
    0x80, 0x8b, 0x38, 0x6, 0x8a, 0xa8, 0x22, 0xaa,
    0x50, 0xd, 0xd7, 0x70, 0x7d, 0xdc, 0xa0, 0x1b,
    0x3b, 0xa0, 0xce, 0xe9, 0x0, 0x0,

    /* U+5BD0 "寐" */
    0x0, 0xf9, 0x10, 0x1, 0xff, 0xc2, 0xc9, 0x0,
    0xfd, 0xdf, 0xfc, 0xe5, 0xff, 0xe0, 0xb, 0x7f,
    0x1b, 0xff, 0x26, 0x7f, 0x0, 0x56, 0x80, 0xea,
    0x1, 0x99, 0xc0, 0x74, 0x0, 0x34, 0x1, 0xb3,
    0x22, 0x9c, 0xc5, 0x0, 0x7e, 0x88, 0x86, 0xa2,
    0x16, 0x1, 0x1f, 0xd8, 0x1, 0x12, 0x33, 0x22,
    0xc, 0x0, 0x9f, 0xea, 0x7, 0xee, 0x8a, 0xbb,
    0xa2, 0x1, 0x18, 0x0, 0xb7, 0x62, 0x1, 0x8b,
    0xb1, 0x7, 0xf7, 0xd0, 0x12, 0xb1, 0x9, 0x62,
    0xa8, 0x1, 0x81, 0xd6, 0x0, 0x1e, 0xa3, 0x97,
    0x60, 0x9, 0xcc, 0x2, 0x2f, 0x54, 0x0, 0x7c,
    0x40, 0x1, 0xd4, 0x0, 0x1f, 0x88, 0x0, 0x45,
    0x8a, 0x64, 0xc, 0x0, 0x1c, 0x60, 0xe, 0x2d,
    0x32, 0xb0, 0x2, 0x60, 0x80, 0x5a, 0x80, 0x18,

    /* U+5BD2 "寒" */
    0x0, 0xf8, 0x84, 0x3, 0xff, 0x85, 0x34, 0x1,
    0xfb, 0x3f, 0xf9, 0x11, 0xff, 0xd8, 0x1, 0x57,
    0xf8, 0x6f, 0xfd, 0x61, 0xfe, 0x90, 0x9, 0xbb,
    0xa1, 0xae, 0xe5, 0x7, 0x73, 0x58, 0x1, 0x57,
    0xdc, 0x1a, 0xee, 0x50, 0x77, 0x2e, 0x80, 0x22,
    0xdd, 0xd, 0x6e, 0xa8, 0x37, 0x42, 0x1, 0x8b,
    0x74, 0x37, 0xba, 0xa0, 0xdd, 0x8, 0x5, 0x99,
    0x86, 0x33, 0x12, 0x19, 0x98, 0x43, 0xb9, 0xec,
    0x5d, 0xfd, 0xc2, 0x7f, 0xee, 0x8, 0x11, 0x25,
    0x3e, 0xba, 0xc3, 0x1e, 0xc, 0x80, 0xd, 0xc3,
    0x85, 0x39, 0xdc, 0x3c, 0x2e, 0x91, 0x15, 0x5d,
    0x9e, 0x14, 0xdf, 0x48, 0x27, 0x40, 0x45, 0x8a,
    0xd, 0xfd, 0x9d, 0x4a, 0x0, 0x29, 0x0, 0xe3,
    0x7b, 0xec, 0xd9, 0xc0, 0xf, 0xfe, 0x1, 0x3e,
    0x60, 0x3, 0x0,

    /* U+5BD3 "寓" */
    0x0, 0xe1, 0x60, 0xf, 0x84, 0x78, 0x21, 0xc4,
    0x78, 0x3f, 0xbb, 0x86, 0x3b, 0xbb, 0x3, 0x7f,
    0xff, 0xd4, 0xa, 0xdf, 0xbb, 0x7f, 0x6e, 0xbb,
    0x82, 0xb6, 0xc3, 0xbb, 0xe, 0xed, 0x80, 0x92,
    0x0, 0x1c, 0xc8, 0x7b, 0x31, 0xe0, 0x1c, 0x39,
    0x90, 0xf6, 0x63, 0xc0, 0x38, 0xf7, 0x61, 0xdd,
    0xbc, 0x80, 0x22, 0xdd, 0xc3, 0x5b, 0xb6, 0x0,
    0xf, 0xfb, 0xb0, 0xdf, 0x7f, 0x7f, 0x84, 0x7,
    0xbb, 0xd, 0xe1, 0xe7, 0x80, 0x63, 0xef, 0xf0,
    0xde, 0xf, 0x8, 0x6, 0x3c, 0xef, 0xfb, 0xb6,
    0x40, 0x3c, 0x42, 0x1, 0xd3, 0xc6, 0x27, 0xc0,
    0x1f, 0xb3, 0xf0, 0x0,

    /* U+5BDD "寝" */
    0x0, 0xf8, 0xc8, 0x3, 0xf0, 0x8f, 0xa2, 0x44,
    0x7c, 0x0, 0xfe, 0xff, 0xca, 0xaf, 0xfd, 0xdc,
    0x0, 0xb5, 0x37, 0xbf, 0xfe, 0xc0, 0xa, 0x4d,
    0xdc, 0x13, 0x55, 0xdb, 0xa7, 0x0, 0x78, 0x80,
    0x54, 0x67, 0xcc, 0x70, 0x0, 0x25, 0x0, 0x8a,
    0xab, 0xb0, 0x3, 0x4f, 0x0, 0x55, 0xff, 0xd6,
    0xc0, 0x11, 0xe8, 0x1, 0xb2, 0xef, 0xda, 0xc0,
    0x13, 0x0, 0x20, 0x4c, 0xfc, 0x30, 0x0, 0x4c,
    0x20, 0x31, 0x88, 0xf7, 0x18, 0x35, 0x49, 0x6,
    0xb5, 0xf, 0xed, 0x9d, 0xe8, 0x37, 0xa8, 0x6,
    0x7b, 0xca, 0xbc, 0x20, 0x8, 0x40, 0x31, 0xb6,
    0x0, 0x9c, 0x31, 0x80, 0x7b, 0x3f, 0xee, 0xbf,
    0xdc, 0xf1,

    /* U+5BDE "寞" */
    0x0, 0xf8, 0x84, 0x3, 0xff, 0x85, 0x34, 0x1,
    0xfb, 0x7f, 0xbb, 0x2a, 0xbb, 0xb7, 0xe8, 0x5,
    0x7d, 0xcb, 0xb7, 0x72, 0xa3, 0xb9, 0x60, 0x12,
    0x96, 0x62, 0xed, 0x98, 0xa8, 0xcc, 0x1a, 0x80,
    0x21, 0xb7, 0x51, 0xd, 0xd5, 0xce, 0xe9, 0xe0,
    0x3, 0x7e, 0x55, 0x37, 0x53, 0x7b, 0xc2, 0x1,
    0xef, 0xcc, 0xf6, 0x80, 0x7e, 0xec, 0xcf, 0x68,
    0x7, 0xea, 0x88, 0xf4, 0x80, 0x7d, 0x0, 0x44,
    0x9e, 0x22, 0x1c, 0x88, 0x5, 0x76, 0xdd, 0xc4,
    0xfb, 0xba, 0xec, 0x0, 0xff, 0xdc, 0xaa, 0x44,
    0x67, 0xfe, 0x0, 0x23, 0xe, 0xdb, 0x54, 0xcd,
    0x6, 0x2c, 0x3, 0xdf, 0xfa, 0x0, 0xd, 0xde,
    0x1d, 0x84, 0x3d, 0xb4, 0xc2, 0x1, 0xc6, 0xf7,
    0xc4,

    /* U+5BDF "察" */
    0x0, 0xf9, 0x8, 0x3, 0xff, 0x85, 0xb2, 0x1,
    0xfb, 0xbf, 0xf9, 0x93, 0xff, 0xb8, 0x2, 0xcf,
    0x5c, 0xff, 0x2f, 0xfe, 0xb0, 0xa, 0xca, 0x57,
    0xb9, 0x61, 0xfd, 0xd5, 0xc0, 0x1, 0x2c, 0xb3,
    0x54, 0xe0, 0x37, 0x95, 0x4c, 0x3, 0xe7, 0x51,
    0x8b, 0x4, 0xfc, 0xed, 0x60, 0x1, 0xc1, 0x8e,
    0x3d, 0x0, 0x43, 0x44, 0x88, 0x4, 0x54, 0xf0,
    0x99, 0xff, 0x2b, 0xdc, 0x10, 0xd, 0x63, 0x6d,
    0xff, 0xee, 0x8d, 0x1c, 0x21, 0xf9, 0x7f, 0xff,
    0xdb, 0xdc, 0x20, 0x57, 0xe8, 0xbe, 0x92, 0xec,
    0x9e, 0x70, 0xe, 0x8a, 0x61, 0x30, 0x17, 0xba,
    0x20, 0x9, 0xb8, 0xb0, 0x80, 0xc0, 0x9, 0xa7,
    0xae, 0x0, 0xeb, 0xb0, 0xaf, 0xca, 0x80, 0x51,
    0x84, 0x0,

    /* U+5BE1 "寡" */
    0x0, 0xf9, 0x4, 0x3, 0xff, 0x85, 0x16, 0x1,
    0xfb, 0x7f, 0xbb, 0x12, 0x77, 0x6f, 0xd0, 0xa,
    0xab, 0xff, 0x80, 0x1, 0x5b, 0x66, 0x6b, 0xec,
    0xcc, 0xd6, 0x0, 0x63, 0xe3, 0x38, 0x18, 0xce,
    0xf3, 0x60, 0xd, 0xc1, 0xfe, 0xb8, 0xff, 0xe,
    0x80, 0x7f, 0xf2, 0xdb, 0x77, 0xcc, 0x1, 0xd3,
    0x25, 0x0, 0xfc, 0xf3, 0x21, 0xa, 0xa2, 0x1e,
    0xd5, 0x6d, 0x17, 0xda, 0x10, 0x4, 0xa1, 0xd6,
    0xee, 0xa2, 0x6f, 0x0, 0x1e, 0x96, 0xeb, 0x8e,
    0xfb, 0x94, 0x59, 0x8d, 0x23, 0xe8, 0x5, 0xd7,
    0x50, 0x6, 0xb8, 0x3f, 0x10, 0x1, 0xbf, 0xa2,
    0x82, 0xf9, 0x24, 0x3, 0xcd, 0xf6, 0xa0, 0xb,
    0xed, 0x30, 0xc,

    /* U+5BE5 "寥" */
    0x0, 0xf8, 0x40, 0x3f, 0xf8, 0x7e, 0xa0, 0x1f,
    0xbb, 0xff, 0x86, 0xbf, 0xfa, 0x80, 0x2d, 0xff,
    0xff, 0x40, 0x4, 0x82, 0x67, 0x80, 0x8c, 0xf1,
    0x68, 0x2, 0x93, 0xa2, 0x18, 0x55, 0xf1, 0xc,
    0x77, 0x0, 0x4a, 0x3b, 0x62, 0x10, 0xe5, 0x62,
    0x1, 0xc5, 0xb5, 0x41, 0x0, 0x59, 0xd8, 0x80,
    0x63, 0xcc, 0x2c, 0x8e, 0x63, 0x4f, 0xc4, 0x3,
    0x17, 0x6d, 0xd1, 0xda, 0x87, 0x2d, 0x10, 0x4,
    0x69, 0x79, 0xfa, 0x3f, 0xee, 0xf8, 0x82, 0x1,
    0xff, 0x7d, 0x76, 0x61, 0xce, 0x3a, 0x3, 0x80,
    0xf6, 0x1c, 0xef, 0x31, 0x18, 0x80, 0x91, 0x40,
    0x19, 0x37, 0xb3, 0x76, 0x7a, 0x80, 0xf, 0x1c,
    0xee, 0x59, 0xde, 0x6c, 0x0, 0x73, 0x64, 0xe6,
    0xcf, 0xc7, 0x38, 0x7, 0x8f, 0xa7, 0x36, 0xe0,
    0xc0, 0x3c,

    /* U+5BE8 "寨" */
    0x0, 0xf9, 0x0, 0x3f, 0xf8, 0x43, 0x50, 0x1,
    0xfa, 0xbf, 0xf7, 0xb, 0xff, 0xf5, 0x80, 0x53,
    0xfe, 0x9b, 0xff, 0x64, 0x7f, 0xa4, 0x2, 0xdd,
    0xd3, 0x5b, 0xb4, 0x6e, 0xbf, 0x0, 0xf, 0x7b,
    0xa5, 0x9d, 0xd5, 0x9e, 0xea, 0x5c, 0x2, 0x2c,
    0xc2, 0xce, 0x62, 0xcf, 0x30, 0x40, 0x18, 0xb3,
    0xb, 0x39, 0x88, 0x3c, 0xc1, 0x0, 0x5d, 0xd7,
    0xac, 0xff, 0xa0, 0xff, 0xba, 0x10, 0xee, 0x61,
    0x3f, 0x33, 0x3a, 0x4b, 0x7b, 0x82, 0x0, 0x6d,
    0x59, 0x13, 0x1, 0x78, 0xc7, 0x0, 0x16, 0xea,
    0x57, 0x30, 0xad, 0x98, 0x8a, 0xde, 0x12, 0xfb,
    0x6b, 0xad, 0x66, 0x73, 0x72, 0xd7, 0x88, 0x13,
    0xef, 0xb0, 0x4, 0x7f, 0xea, 0x11, 0x0, 0x4b,
    0x92, 0x7e, 0xf8, 0x9, 0x9e, 0x20, 0x0,

    /* U+5BF8 "寸" */
    0x0, 0xff, 0x6b, 0x0, 0x7f, 0xf6, 0xb, 0xff,
    0xf8, 0xa7, 0xfe, 0x22, 0x6e, 0xff, 0xc, 0x6e,
    0xc4, 0x4, 0x40, 0x22, 0xf1, 0x89, 0x14, 0x1,
    0xe, 0xb0, 0x7, 0xff, 0x4, 0x6e, 0x50, 0x3,
    0xff, 0x82, 0x91, 0x42, 0x1, 0xff, 0xc1, 0x73,
    0x70, 0xf, 0xfe, 0x16, 0x30, 0x7, 0xff, 0x8,
    0x40, 0x3f, 0xf8, 0x86, 0xa8, 0xa4, 0x60, 0x1f,
    0xe6, 0xab, 0xb2, 0x20, 0x3, 0x0,

    /* U+5BF9 "对" */
    0x0, 0xff, 0xe0, 0x44, 0x80, 0x46, 0x7e, 0x10,
    0xf, 0xe9, 0x88, 0xd8, 0xc0, 0x1f, 0xd5, 0x77,
    0x80, 0xb3, 0x33, 0x3e, 0x30, 0x7, 0x10, 0x24,
    0xce, 0x52, 0x95, 0x4, 0xe3, 0x4, 0x11, 0x2a,
    0xe3, 0x55, 0x18, 0x23, 0x62, 0x6b, 0x3, 0xb8,
    0x3, 0xf4, 0x3d, 0xa5, 0x82, 0x41, 0x0, 0x7e,
    0x84, 0x0, 0x8d, 0x6c, 0x3, 0xf1, 0x21, 0x68,
    0x87, 0x28, 0x7, 0xee, 0x4d, 0x2a, 0x4, 0xc0,
    0xf, 0xa4, 0xe4, 0x38, 0x40, 0x3f, 0xa9, 0xac,
    0x80, 0xa8, 0x0, 0x67, 0x0, 0x61, 0xc4, 0x0,
    0xf7, 0x63, 0x68, 0x5, 0x66, 0x1, 0xf6, 0xfe,
    0xa0, 0x0,

    /* U+5BFA "寺" */
    0x0, 0xfa, 0xa0, 0x3, 0xfa, 0xb3, 0x32, 0x36,
    0x67, 0x0, 0x6e, 0x99, 0xc4, 0xb3, 0x3c, 0x1,
    0x91, 0x57, 0x31, 0xaa, 0xf0, 0x4, 0x45, 0xe1,
    0x22, 0xf8, 0xb, 0x77, 0xc8, 0xbb, 0xbe, 0x22,
    0x7f, 0xff, 0x1c, 0x7f, 0xc4, 0x4, 0x67, 0xf8,
    0x78, 0xce, 0x0, 0x76, 0x67, 0xe2, 0x6c, 0xc6,
    0x80, 0x33, 0xee, 0x7f, 0xf8, 0xe3, 0xfd, 0xc0,
    0x19, 0xe1, 0xc0, 0x3f, 0xf8, 0x27, 0xb0, 0xa0,
    0x1f, 0xfc, 0x13, 0xb4, 0x12, 0x20, 0x80, 0x7f,
    0x90, 0x53, 0x74, 0x2a, 0x1, 0x80,

    /* U+5BFB "寻" */
    0x4, 0xee, 0xfd, 0xfe, 0x10, 0x9, 0x3b, 0xbf,
    0x68, 0x7, 0x84, 0x8b, 0xe6, 0x0, 0xf5, 0xff,
    0xfd, 0x20, 0x1e, 0xad, 0xdf, 0xbc, 0x3, 0x93,
    0xbb, 0xf6, 0x0, 0x72, 0x77, 0x7d, 0x29, 0xe2,
    0x0, 0x22, 0xfe, 0xe6, 0x22, 0x83, 0x37, 0x7f,
    0x31, 0xee, 0xc9, 0xdf, 0xe7, 0x8f, 0xfc, 0xe9,
    0xff, 0x20, 0x5, 0x52, 0xe0, 0x1f, 0xfc, 0x2,
    0xd8, 0x20, 0xf, 0xfe, 0x1, 0xf1, 0x16, 0x10,
    0xf, 0xe1, 0x16, 0xe9, 0xfc, 0x3, 0x0,

    /* U+5BFC "导" */
    0x0, 0x6f, 0xff, 0xf8, 0xc0, 0x3a, 0x7f, 0xff,
    0x0, 0x7c, 0x20, 0x1f, 0xfc, 0x38, 0xff, 0xfc,
    0x1, 0xf4, 0xff, 0xff, 0x3a, 0x0, 0x43, 0x84,
    0x23, 0xf1, 0x46, 0x80, 0x5e, 0x3f, 0xff, 0xb1,
    0xe0, 0x2, 0x3b, 0xde, 0xee, 0x99, 0x75, 0x88,
    0x3, 0x77, 0xfa, 0x21, 0xbb, 0x8, 0x77, 0x28,
    0x67, 0xbb, 0x22, 0x3b, 0xa1, 0x3, 0x33, 0xf,
    0x19, 0xe2, 0x21, 0x9c, 0x1, 0x87, 0x11, 0xc0,
    0x3f, 0xf8, 0x23, 0xa4, 0x1, 0x18, 0x7, 0xf8,
    0xd5, 0xff, 0xcf, 0xa0, 0x18,

    /* U+5BFF "寿" */
    0x0, 0xf9, 0x84, 0x3, 0xff, 0x82, 0x52, 0x60,
    0x1f, 0x8f, 0xff, 0x68, 0x6f, 0xff, 0x20, 0x0,
    0xff, 0xf3, 0xa7, 0xff, 0x90, 0x2, 0x8e, 0xe9,
    0xd3, 0xbb, 0xa8, 0x3, 0x47, 0xfb, 0x3, 0x3f,
    0xfa, 0x80, 0x21, 0x10, 0x1, 0x4, 0x80, 0x38,
    0x44, 0x5, 0xdd, 0xa4, 0x7b, 0xbf, 0x11, 0x3f,
    0xea, 0x1e, 0xff, 0xc5, 0x9f, 0xe2, 0x0, 0x86,
    0xc3, 0x37, 0x71, 0x6e, 0xa8, 0x2, 0x1d, 0x7d,
    0x9e, 0xec, 0x11, 0xd0, 0x0, 0x3f, 0x9, 0xa9,
    0x23, 0x38, 0x14, 0xc8, 0x7, 0x1f, 0x2, 0x5b,
    0x40, 0x3f, 0xf, 0x48, 0x5, 0x48, 0x44, 0x30,
    0xf, 0x8, 0x6, 0x18, 0x1d, 0xc3, 0x30, 0x4,

    /* U+5C01 "封" */
    0x0, 0x87, 0xc0, 0x3e, 0x4e, 0x0, 0x84, 0x88,
    0x4, 0x41, 0x0, 0xfe, 0xad, 0xc0, 0xdd, 0x40,
    0x7, 0xf5, 0xff, 0x7, 0xfa, 0x5a, 0x22, 0xe1,
    0x83, 0x0, 0x8c, 0x4, 0x3, 0xfc, 0x9f, 0xed,
    0xe, 0xff, 0x34, 0x45, 0xc3, 0x6, 0x9f, 0xee,
    0x5e, 0xff, 0x6, 0x98, 0x7, 0xf2, 0x88, 0x4,
    0xbe, 0x1, 0xed, 0xef, 0xe, 0xe5, 0x84, 0x99,
    0x80, 0x3b, 0xf2, 0x83, 0x72, 0x40, 0x5d, 0xc0,
    0x1c, 0x44, 0x50, 0x32, 0x20, 0x2, 0x10, 0x3,
    0xc2, 0x81, 0x37, 0xa6, 0x1, 0xf2, 0x77, 0x2c,
    0xc3, 0x64, 0xc0, 0x8a, 0x0, 0x96, 0xbb, 0x99,
    0x2c, 0x80, 0x8, 0xd8, 0x90, 0x0, 0xa0, 0x80,
    0x7d, 0x5f, 0xce, 0x0,

    /* U+5C04 "射" */
    0x0, 0xff, 0xe3, 0x8f, 0x8, 0x7, 0x97, 0x0,
    0x36, 0xf8, 0xe6, 0x90, 0x7, 0xf8, 0xb3, 0xb0,
    0xc4, 0x3, 0xfe, 0x13, 0x30, 0x3d, 0x56, 0x92,
    0xa5, 0x0, 0xbe, 0x64, 0x20, 0x67, 0x9c, 0xc,
    0x3, 0x65, 0xd8, 0x5e, 0x67, 0x71, 0x4a, 0x80,
    0x5d, 0xd0, 0x82, 0x60, 0x7, 0xf7, 0x74, 0x20,
    0x81, 0x0, 0x1c, 0xbe, 0x1f, 0xf0, 0x80, 0x3d,
    0xc4, 0x3, 0x2f, 0x74, 0xaa, 0x10, 0x1, 0xaa,
    0x80, 0x38, 0x45, 0x63, 0x40, 0x1a, 0x90, 0x3,
    0x8f, 0x46, 0xc0, 0x3f, 0xe5, 0xcb, 0xb0, 0x0,
    0x40, 0x22, 0x12, 0x0, 0x97, 0x98, 0x33, 0xcc,
    0xc0, 0xe, 0xe4, 0xd0, 0x4, 0x20, 0xc, 0xfc,
    0x0, 0xb3, 0xf9, 0x80, 0x0,

    /* U+5C06 "将" */
    0x0, 0xff, 0xe3, 0x9f, 0x0, 0x67, 0xd1, 0x0,
    0xff, 0xe0, 0x4c, 0x1f, 0xf7, 0xd0, 0x3, 0x94,
    0x2, 0x7e, 0x1f, 0xee, 0x50, 0xc0, 0x2, 0xa8,
    0x80, 0xf, 0xf0, 0x58, 0x35, 0x50, 0x80, 0x9,
    0x18, 0x0, 0x81, 0x87, 0xeb, 0xc4, 0x0, 0xcf,
    0x0, 0x4, 0x9e, 0x18, 0xd8, 0x20, 0xf, 0xdc,
    0x3b, 0xa6, 0x4, 0x60, 0xc, 0x3e, 0x8, 0xeb,
    0xdb, 0xb0, 0xce, 0x90, 0x16, 0x0, 0x16, 0x6e,
    0x67, 0x5, 0x49, 0xe, 0x2f, 0x80, 0xa4, 0x12,
    0x24, 0x26, 0x80, 0x35, 0x0, 0x1b, 0x64, 0xc0,
    0x3e, 0x40, 0xe, 0x37, 0xa0, 0xf, 0xfe, 0x14,
    0x48, 0x90, 0x80, 0x7f, 0xf0, 0xb, 0xb4, 0xd4,
    0x0,

    /* U+5C09 "尉" */
    0x2, 0xff, 0xf6, 0x80, 0x47, 0xc0, 0x1d, 0xff,
    0xb8, 0x3, 0xff, 0x9f, 0xff, 0xb8, 0x2f, 0xb9,
    0xa3, 0xca, 0x1, 0x7f, 0xf6, 0xc6, 0xea, 0x7,
    0x50, 0x2, 0x3d, 0xdc, 0xe6, 0x72, 0x81, 0x88,
    0x0, 0x4f, 0xff, 0x33, 0x30, 0x3, 0xc2, 0x62,
    0x67, 0x81, 0x8c, 0xc0, 0x1c, 0xe3, 0x9d, 0xdc,
    0xd, 0x60, 0x1c, 0x2f, 0xba, 0xe1, 0xfd, 0xc,
    0x40, 0xe, 0xd2, 0x58, 0x0, 0x17, 0x2, 0xe0,
    0x7, 0x27, 0xc4, 0x80, 0x9, 0xcc, 0x3, 0xc4,
    0x65, 0x46, 0x60, 0x4, 0x8, 0xca, 0x1, 0x15,
    0xa3, 0xce, 0x20, 0x19, 0x3f, 0x43, 0x0, 0x48,
    0x0, 0x9e, 0xa0, 0x9, 0xbf, 0xa0, 0x0,

    /* U+5C0A "尊" */
    0x0, 0xc8, 0x40, 0x1c, 0xa0, 0x1f, 0x8f, 0xc0,
    0x33, 0xc0, 0x7, 0x45, 0xdb, 0xb, 0x2e, 0xe8,
    0xb, 0xb8, 0x1, 0x51, 0x16, 0x6, 0x7a, 0x67,
    0x44, 0x40, 0x2, 0x5f, 0xf8, 0xea, 0x43, 0xfe,
    0x83, 0x0, 0x85, 0x73, 0x47, 0xf4, 0x33, 0x10,
    0xc0, 0x1c, 0x71, 0x90, 0x40, 0xf7, 0x68, 0x0,
    0xf3, 0x12, 0x8b, 0xbb, 0xf3, 0xa, 0x1, 0xe7,
    0xec, 0x33, 0xf7, 0x0, 0x79, 0xa2, 0x3d, 0x32,
    0xa1, 0x0, 0xcf, 0xb9, 0x9e, 0xa6, 0xdc, 0x0,
    0xf, 0xff, 0xf4, 0x27, 0xfc, 0xc3, 0xff, 0x1b,
    0xff, 0xe8, 0x4f, 0xf9, 0x80, 0x36, 0x96, 0x80,
    0x8b, 0xc0, 0x3f, 0x86, 0xbc, 0x37, 0x9b, 0x40,
    0x30,

    /* U+5C0F "小" */
    0x0, 0xf9, 0x78, 0x3, 0xff, 0xbc, 0x64, 0x1,
    0xe1, 0x50, 0xf, 0x75, 0x0, 0x78, 0xa8, 0xc0,
    0x30, 0x95, 0x80, 0x78, 0xd2, 0x0, 0x33, 0x89,
    0x80, 0x7d, 0x28, 0x80, 0xa, 0x9c, 0x3, 0xf1,
    0x2c, 0x0, 0x10, 0xec, 0x3, 0xfa, 0x4c, 0xc1,
    0x4c, 0x40, 0x1f, 0xc6, 0x56, 0x11, 0x20, 0x1f,
    0xf5, 0x70, 0x30, 0x7, 0xff, 0x1, 0xd8, 0x3,
    0x9, 0x9b, 0x0, 0x3f, 0xf8, 0x7, 0x98, 0x79,
    0x0, 0xff, 0x8b, 0xfd, 0xce, 0x1, 0xf0,

    /* U+5C11 "少" */
    0x0, 0xfb, 0x90, 0x3, 0xff, 0x9c, 0x64, 0x1,
    0xe2, 0x10, 0xf, 0x6b, 0x80, 0x7a, 0xa8, 0x1,
    0xca, 0x6a, 0x1, 0xe8, 0x66, 0x0, 0x68, 0xb0,
    0xf, 0xd3, 0x21, 0x0, 0x40, 0xb0, 0x7, 0xe4,
    0x44, 0x0, 0xb7, 0x80, 0x7f, 0xa1, 0x40, 0x78,
    0xc0, 0x3f, 0x14, 0x1e, 0x0, 0x7e, 0x27, 0x2,
    0xc0, 0xf, 0xfb, 0xd, 0x31, 0x20, 0x3, 0xfc,
    0x55, 0x73, 0x40, 0x1f, 0x89, 0xf3, 0x43, 0x5c,
    0x3, 0x8e, 0xb3, 0xf6, 0xeb, 0xa8, 0x80, 0x3c,
    0x27, 0x59, 0xf8, 0xc2, 0x1, 0xf8,

    /* U+5C14 "尔" */
    0x0, 0xc7, 0x0, 0x1f, 0xfc, 0x28, 0x40, 0xf,
    0xfe, 0x9, 0xa4, 0x0, 0x7f, 0xf0, 0x60, 0x2b,
    0x77, 0xf8, 0x80, 0xc, 0x93, 0x52, 0xa5, 0x33,
    0x9c, 0x8, 0xe, 0x61, 0x91, 0x1a, 0x28, 0x9d,
    0x0, 0xd, 0x57, 0x0, 0xfc, 0xca, 0xa0, 0x6,
    0x50, 0x5a, 0x0, 0x74, 0xad, 0x80, 0x44, 0xc,
    0x8a, 0x1, 0xdd, 0xa2, 0x1, 0xd1, 0x1, 0x0,
    0xe7, 0x2a, 0x0, 0xd6, 0x6e, 0x1, 0xf7, 0x22,
    0x80, 0x29, 0x7c, 0x3, 0xf1, 0x3d, 0x80, 0x27,
    0x48, 0x3, 0xfa, 0x24, 0x0, 0x66, 0x0, 0x19,
    0xb4, 0x3, 0xce, 0x1, 0xee, 0xc6, 0x90, 0xf,
    0x80,

    /* U+5C16 "尖" */
    0x0, 0xfa, 0xe0, 0x3, 0xfe, 0x71, 0x0, 0xc2,
    0xc0, 0x1f, 0x3d, 0x8, 0x7, 0x5c, 0x0, 0x70,
    0xc4, 0x80, 0x70, 0xfb, 0x38, 0x6, 0xc6, 0x40,
    0xf, 0x15, 0x41, 0x80, 0x28, 0x64, 0x3, 0xf2,
    0x3f, 0x80, 0x2f, 0x40, 0x36, 0xe8, 0x3, 0x46,
    0x0, 0xc, 0xc4, 0x5a, 0xb0, 0x8b, 0xc0, 0x5b,
    0xbe, 0x36, 0xdd, 0xf0, 0x97, 0xff, 0x48, 0x3,
    0x3f, 0xf8, 0x40, 0x38, 0x6e, 0x21, 0xc2, 0x1,
    0xfc, 0x3a, 0x2e, 0xe6, 0xc2, 0x0, 0xf1, 0x47,
    0x3e, 0x0, 0x2d, 0xf6, 0x4c, 0x2, 0xdd, 0x1d,
    0xd8, 0x3, 0x56, 0x16, 0x70, 0x87, 0x7d, 0xa0,
    0x7, 0x8e, 0xff, 0x44,

    /* U+5C18 "尘" */
    0x0, 0xf9, 0xb4, 0x3, 0xfe, 0x51, 0x0, 0xe4,
    0x0, 0xf9, 0x6c, 0x3, 0xd1, 0x82, 0x1, 0x8a,
    0xac, 0x40, 0x3b, 0x1f, 0x4, 0x0, 0x99, 0xa,
    0x1, 0xf5, 0xb6, 0x80, 0x22, 0xe, 0x1, 0xfd,
    0x4e, 0x41, 0x8c, 0x1, 0x92, 0x0, 0x30, 0xd9,
    0x0, 0x7c, 0x92, 0x1, 0xfc, 0x24, 0x58, 0x44,
    0x45, 0xc0, 0x1a, 0xf7, 0x74, 0x16, 0xef, 0x8,
    0x5, 0x5f, 0xfa, 0x4f, 0xff, 0x84, 0x3, 0xff,
    0x8c, 0x45, 0xe1, 0x11, 0x17, 0x84, 0x5b, 0xbe,
    0x82, 0xdd, 0xf3, 0x0,

    /* U+5C1A "尚" */
    0x6, 0x20, 0xb, 0x54, 0x2, 0x37, 0x0, 0xe,
    0x8, 0x7, 0xdc, 0x1, 0x3a, 0x50, 0x7, 0xa9,
    0xdc, 0x1, 0x5e, 0x0, 0x70, 0xed, 0x0, 0x5f,
    0xd1, 0xfe, 0x2a, 0xfe, 0x8f, 0xf0, 0x80, 0x2f,
    0x77, 0xf6, 0x0, 0x66, 0x22, 0xfc, 0x60, 0x1e,
    0xef, 0xfd, 0xc0, 0x1f, 0xdb, 0xfe, 0xd0, 0xf,
    0xfe, 0x62, 0x26, 0x0, 0xff, 0x54, 0x42, 0x94,
    0x3, 0xf3, 0x6e, 0x65, 0x46, 0x80, 0x1e, 0x81,
    0x0, 0x97, 0x29, 0x44,

    /* U+5C1D "尝" */
    0x0, 0x41, 0x0, 0x2a, 0x80, 0x1, 0x92, 0x0,
    0xde, 0x1, 0xed, 0x32, 0x2, 0x4d, 0x37, 0x46,
    0x62, 0x39, 0x7a, 0x1d, 0xd7, 0x2e, 0x7b, 0xbb,
    0xf1, 0x7a, 0xa4, 0x1e, 0xef, 0xfc, 0xe0, 0x22,
    0xff, 0xfe, 0xd1, 0x38, 0x86, 0xef, 0xf7, 0xc4,
    0x88, 0x8c, 0xff, 0xc2, 0x2e, 0xef, 0xfe, 0xf,
    0xfe, 0xe2, 0x3e, 0xfe, 0xae, 0xff, 0x70, 0x5,
    0x61, 0x82, 0x3, 0x3a, 0x1, 0xd0, 0x98, 0x1,
    0xb4, 0x6c, 0x2, 0x97, 0x49, 0x95, 0x5e, 0x60,
    0x92, 0x40, 0x8, 0x62, 0x36, 0xea, 0x3b, 0x6d,
    0x8c, 0x37, 0x2e, 0x61, 0xd9, 0xc, 0x93, 0x8c,

    /* U+5C24 "尤" */
    0x0, 0xf2, 0x78, 0xe, 0xb0, 0x7, 0xf8, 0x44,
    0x3, 0xdb, 0xa4, 0x0, 0xff, 0xe0, 0x1d, 0xc1,
    0x80, 0x7, 0xbb, 0xa8, 0x7b, 0xb5, 0xcf, 0x10,
    0xee, 0xf3, 0x1e, 0xef, 0xc4, 0x6, 0x7e, 0x5b,
    0x73, 0x3e, 0x0, 0xf9, 0xb9, 0xc, 0x3, 0xfe,
    0x13, 0x40, 0xf, 0xfe, 0xb, 0x11, 0x80, 0x7f,
    0xf0, 0x66, 0x80, 0x3e, 0x10, 0xe, 0xb3, 0x60,
    0xf, 0xbc, 0xc0, 0x29, 0x4f, 0x10, 0xf, 0x84,
    0x40, 0x78, 0xd6, 0x40, 0x16, 0x91, 0x4c, 0x4,
    0x4c, 0x7d, 0x40, 0xa, 0x53, 0x76, 0x98, 0x2,
    0xeb, 0x20, 0xc, 0xbd, 0xff, 0x9c, 0x0,

    /* U+5C27 "尧" */
    0x0, 0xec, 0x60, 0xf, 0xfe, 0x12, 0xe1, 0xa3,
    0x3c, 0x4d, 0xa0, 0x1, 0xf7, 0xbd, 0xd7, 0xfb,
    0xc3, 0xb2, 0x14, 0x0, 0xdf, 0xf7, 0x33, 0xd4,
    0xb8, 0xd8, 0x88, 0x0, 0x24, 0x20, 0x9, 0x69,
    0x8e, 0xdc, 0x21, 0x0, 0xc4, 0xb1, 0x66, 0xee,
    0x8a, 0x24, 0xd0, 0x0, 0xf6, 0x7f, 0xa3, 0xb9,
    0x37, 0xd9, 0x76, 0x0, 0xf, 0x72, 0x9c, 0xc0,
    0xd, 0xbf, 0xec, 0x70, 0x7, 0x77, 0xfb, 0xf7,
    0x5c, 0x0, 0xcc, 0xc1, 0x39, 0x82, 0x6c, 0xcc,
    0x0, 0x22, 0x8c, 0x54, 0x88, 0xfc, 0x45, 0x80,
    0x3a, 0xcc, 0x80, 0x3e, 0x60, 0x8, 0xed, 0x38,
    0x3, 0x8, 0x0, 0x64, 0x1, 0xba, 0x2f, 0x20,
    0xb, 0x63, 0xfd, 0xcc, 0x0, 0xce, 0x91, 0x0,
    0xcd, 0xff, 0xa4, 0x0,

    /* U+5C31 "就" */
    0x0, 0xff, 0xe3, 0x9f, 0x0, 0x71, 0xf0, 0x10,
    0x4, 0x66, 0x70, 0x83, 0x30, 0x1, 0xcc, 0xb0,
    0x80, 0x7f, 0xd0, 0x49, 0xfe, 0x20, 0x8, 0xa2,
    0x40, 0x73, 0x3e, 0x3, 0x30, 0x1a, 0xf0, 0x82,
    0x7f, 0xf3, 0xde, 0xc9, 0x6e, 0xad, 0xc0, 0x7,
    0xff, 0x30, 0x4f, 0x4a, 0xf7, 0x4c, 0x1, 0xe3,
    0x0, 0xb4, 0x28, 0x3, 0x8b, 0xbf, 0xc8, 0x1,
    0x31, 0xb0, 0x6, 0x4f, 0xe2, 0xcd, 0x70, 0x13,
    0xc0, 0xf, 0x78, 0x80, 0x38, 0xc1, 0xd, 0x80,
    0x39, 0x8, 0x40, 0x15, 0x40, 0x9a, 0x0, 0xf4,
    0x50, 0x4, 0xc2, 0x82, 0xc0, 0x11, 0xc8, 0x2b,
    0x1, 0x80, 0xd5, 0x24, 0x0, 0x20, 0xc6, 0x12,
    0x5e, 0x64, 0x13, 0x8, 0x4, 0x1d, 0x7c, 0x0,
    0x2f, 0xd1, 0xb, 0x60, 0x0, 0xef, 0x71, 0x0,

    /* U+5C38 "尸" */
    0x0, 0x1f, 0xff, 0xfc, 0x1, 0xaf, 0x33, 0xe9,
    0x0, 0xe4, 0x33, 0xf9, 0x40, 0x3f, 0xf8, 0xea,
    0x89, 0xf8, 0x3, 0xae, 0xab, 0xe9, 0x10, 0x3,
    0x87, 0x77, 0xf8, 0x0, 0x20, 0x1f, 0xfc, 0x12,
    0x20, 0x7, 0xff, 0x3, 0x98, 0x3, 0xff, 0x80,
    0xe6, 0x1, 0xff, 0x18, 0xd0, 0x7, 0xfd, 0x4,
    0x40, 0xf, 0xf0, 0xa7, 0x0, 0x7f, 0xc3, 0xc6,
    0x1, 0xff, 0x0,

    /* U+5C39 "尹" */
    0x0, 0x67, 0xff, 0xf9, 0xc0, 0x36, 0xee, 0x72,
    0xdd, 0xc6, 0x1, 0xc2, 0x45, 0x70, 0x91, 0x67,
    0x0, 0xff, 0xe3, 0x96, 0xef, 0x41, 0xee, 0xe4,
    0x9d, 0x32, 0x88, 0xe7, 0x28, 0x8c, 0x49, 0x4,
    0xa, 0xbd, 0xcc, 0xab, 0x9b, 0x54, 0x40, 0x3d,
    0xc2, 0x1, 0xfe, 0xef, 0xf9, 0x97, 0xff, 0x20,
    0x7, 0x6e, 0x62, 0x82, 0xb3, 0x33, 0x10, 0x6,
    0x33, 0xa5, 0x14, 0xcf, 0x4a, 0x80, 0x71, 0x60,
    0xd0, 0x7, 0xf8, 0xe7, 0x5b, 0x44, 0x3, 0xfc,
    0xc7, 0x94, 0x1, 0xff, 0x0,

    /* U+5C3A "尺" */
    0x0, 0x17, 0xff, 0xfb, 0x80, 0x3d, 0x7b, 0xbf,
    0x40, 0x7, 0xca, 0x45, 0xf1, 0x80, 0x7f, 0xf6,
    0xdd, 0x57, 0xec, 0x0, 0xe1, 0xb, 0x88, 0xaa,
    0xe2, 0xa, 0x40, 0x19, 0xc3, 0x77, 0x41, 0x6e,
    0xd8, 0x1, 0x88, 0x40, 0x33, 0x19, 0x80, 0x3e,
    0xf5, 0x0, 0xc2, 0xb0, 0x1, 0xf3, 0x98, 0x7,
    0x5a, 0x30, 0x7, 0x18, 0xd0, 0x7, 0xc, 0xc9,
    0x40, 0x34, 0x19, 0x0, 0x79, 0xa2, 0xa4, 0x41,
    0x11, 0xe0, 0x1f, 0x9e, 0x93, 0x8d, 0x2c, 0xc0,
    0x3f, 0x97, 0x6c, 0xc0,

    /* U+5C3C "尼" */
    0x2, 0xff, 0xff, 0x70, 0x6, 0xde, 0xef, 0xa8,
    0x3, 0x88, 0x47, 0xf0, 0x7, 0x19, 0x17, 0xe0,
    0xe, 0xcd, 0xdf, 0xa4, 0x3, 0xbf, 0xff, 0xb8,
    0x0, 0x20, 0x4, 0xe0, 0xf, 0xe7, 0x0, 0xfc,
    0xb8, 0xe0, 0x1, 0x20, 0xc, 0x51, 0xd6, 0x8a,
    0x0, 0x26, 0x0, 0xd, 0xe9, 0x57, 0x41, 0x0,
    0x34, 0xc0, 0x2e, 0xfa, 0x40, 0x0, 0x90, 0x26,
    0x80, 0x5, 0x40, 0x39, 0x3d, 0x5, 0x1, 0xc5,
    0x8, 0xbb, 0xdf, 0xd8, 0x40, 0xd6, 0xf7, 0x79,
    0xe3, 0xac, 0x2, 0xaf, 0xff, 0x69, 0x0,

    /* U+5C3D "尽" */
    0x0, 0xf, 0xff, 0xfb, 0x80, 0x3d, 0x9b, 0xbf,
    0x48, 0x7, 0x18, 0x11, 0x7f, 0x0, 0x7c, 0x60,
    0x1f, 0x8, 0x7, 0xdb, 0xff, 0xf5, 0x0, 0x73,
    0x7, 0x77, 0x99, 0x3b, 0xc0, 0x31, 0xa0, 0x8f,
    0xa1, 0x8, 0x40, 0x36, 0x18, 0x47, 0x4a, 0x0,
    0xbf, 0x80, 0x61, 0x4c, 0x8, 0xd0, 0xae, 0x59,
    0x37, 0x0, 0xac, 0x90, 0x0, 0x73, 0xd6, 0xc3,
    0x70, 0xe0, 0x6b, 0x20, 0x1e, 0x53, 0x4, 0xa8,
    0x63, 0xb4, 0x1e, 0xd9, 0x51, 0x0, 0xcb, 0xac,
    0x8, 0x3, 0xd2, 0x31, 0xd8, 0xe2, 0x0, 0x20,
    0xf, 0x24, 0x6e, 0xae, 0xb8, 0x40, 0x3f, 0xe2,
    0x7d, 0xd0, 0x80, 0x40,

    /* U+5C3E "尾" */
    0x0, 0x6f, 0xff, 0xfc, 0x40, 0x1a, 0xbf, 0xff,
    0x70, 0x7, 0xff, 0xc, 0x40, 0x3d, 0x5f, 0xff,
    0xc0, 0x1c, 0x73, 0xdd, 0xb6, 0x98, 0xaf, 0x88,
    0x3, 0x1a, 0xcd, 0xe6, 0xc8, 0xca, 0x8, 0x7,
    0x9, 0x7f, 0x40, 0x64, 0x29, 0x90, 0x6, 0x17,
    0x65, 0xd, 0xc, 0xee, 0x7a, 0x0, 0x42, 0x3,
    0xd9, 0xe4, 0x11, 0xfe, 0xc6, 0x0, 0x88, 0xb,
    0xb9, 0x72, 0x0, 0x79, 0xbd, 0xb0, 0x2, 0x91,
    0x1e, 0xb3, 0x1, 0x1f, 0xdf, 0xeb, 0x0, 0x62,
    0x37, 0x67, 0xd8, 0x64, 0xba, 0x15, 0x0, 0xae,
    0xa4, 0xb1, 0xb0, 0x18, 0x8c, 0xaa, 0x5, 0x24,
    0x0, 0xc4, 0x99, 0xdd, 0x54, 0x2, 0x68, 0x7,
    0xaf, 0xff, 0x9c, 0x0,

    /* U+5C3F "尿" */
    0x0, 0x6f, 0xff, 0xfc, 0x20, 0x1a, 0x7b, 0xbf,
    0x60, 0x7, 0x8c, 0x47, 0xf1, 0x0, 0x7a, 0xbb,
    0xbf, 0x78, 0x7, 0xa3, 0x77, 0x41, 0x6e, 0xd8,
    0x20, 0x11, 0x91, 0x9e, 0x22, 0x19, 0xe0, 0xc,
    0x23, 0xe0, 0x11, 0x0, 0xea, 0x0, 0x62, 0xee,
    0xbc, 0x0, 0xc1, 0xa8, 0x80, 0x0, 0x83, 0xff,
    0x9d, 0xc0, 0x9, 0xc4, 0x90, 0x8, 0x80, 0x40,
    0x5a, 0x80, 0x64, 0x20, 0x3, 0x21, 0x80, 0x29,
    0xc, 0x0, 0xee, 0xb0, 0xd, 0x88, 0x5a, 0xf4,
    0x1, 0xa8, 0x35, 0x80, 0x92, 0xa8, 0x98, 0x2,
    0x40, 0x1, 0xba, 0xa0, 0x1, 0xca, 0x24, 0xb,
    0xa5, 0xc0, 0x27, 0xc0,

    /* U+5C40 "局" */
    0x0, 0x67, 0xff, 0xf9, 0x0, 0x34, 0xff, 0xfe,
    0x0, 0xff, 0xe1, 0x88, 0x7, 0x7a, 0x27, 0xe1,
    0x0, 0xe4, 0xff, 0xfc, 0x8e, 0x1, 0xd, 0x57,
    0xf8, 0x80, 0x23, 0x8e, 0xef, 0xf2, 0x80, 0x7,
    0x7f, 0xff, 0x88, 0x0, 0x40, 0x47, 0xdd, 0xda,
    0x0, 0x31, 0x4, 0x20, 0xb, 0xba, 0xd3, 0x0,
    0xb, 0x86, 0x38, 0x7, 0xf0, 0x80, 0x92, 0xf0,
    0x0, 0x77, 0x70, 0x0, 0x80, 0xac, 0x90, 0x0,
    0x3f, 0xf6, 0x50, 0xd9, 0x5, 0xf0, 0x0, 0xfc,
    0x8b, 0x47, 0x35, 0x80,

    /* U+5C41 "屁" */
    0x0, 0x6f, 0xff, 0xfc, 0x40, 0x1a, 0x7b, 0xbf,
    0x68, 0x7, 0x8c, 0x47, 0xf1, 0x0, 0x7b, 0x4c,
    0xff, 0x20, 0x7, 0x9b, 0xbb, 0xf4, 0x90, 0x7,
    0x5f, 0xb6, 0xed, 0xed, 0xbb, 0x10, 0x4, 0x60,
    0x2a, 0x1, 0xa, 0x80, 0x8, 0x3, 0x8, 0x80,
    0x4, 0x53, 0x80, 0xf, 0x1c, 0x3, 0x30, 0xf,
    0xfc, 0x60, 0xf9, 0xe, 0x0, 0x20, 0x20, 0x1d,
    0xd9, 0x7, 0xb8, 0xc0, 0x12, 0x10, 0x7, 0xc3,
    0x22, 0x1, 0xb1, 0x0, 0x38, 0x5c, 0x3, 0x58,
    0x89, 0x74, 0x1c, 0x5f, 0x38, 0x84, 0x62, 0x40,
    0x73, 0x40, 0xf0, 0xd9, 0xf6, 0x2e, 0xe6, 0xa8,
    0xb6, 0x0, 0x27, 0xe9, 0x40, 0x1b, 0xff, 0x50,
    0x0,

    /* U+5C42 "层" */
    0x0, 0x6f, 0xff, 0xfc, 0x40, 0x1a, 0xbf, 0xff,
    0x70, 0x7, 0xff, 0xc, 0x40, 0x3d, 0x5d, 0xdf,
    0xbc, 0x3, 0x8e, 0x7f, 0xff, 0x77, 0x8, 0x3,
    0x18, 0x80, 0x7f, 0xf0, 0x84, 0xbb, 0xbf, 0x78,
    0x6, 0x10, 0x2f, 0xff, 0xdc, 0x1, 0xec, 0xcf,
    0xf8, 0x0, 0x40, 0xb1, 0xb, 0x34, 0x88, 0xf0,
    0x1, 0xc4, 0x48, 0x8c, 0x28, 0x44, 0x40, 0xa2,
    0x0, 0x1a, 0x80, 0x4, 0x47, 0x0, 0x57, 0x60,
    0xc, 0xba, 0x3, 0x4e, 0x60, 0x1, 0x41, 0x90,
    0x2, 0x13, 0x5, 0xb, 0x77, 0xfd, 0xc6, 0xc4,
    0xb, 0x22, 0x11, 0x7b, 0xff, 0x76, 0xe3, 0x8,
    0x0,

    /* U+5C45 "居" */
    0x0, 0x6f, 0xff, 0xfc, 0x20, 0x14, 0xf7, 0x7f,
    0x0, 0x71, 0x88, 0xff, 0x0, 0x75, 0x7f, 0xff,
    0x0, 0x74, 0x77, 0x69, 0x1e, 0xec, 0x20, 0x3,
    0x21, 0x1c, 0x40, 0x23, 0x80, 0x21, 0xaf, 0xfd,
    0x63, 0xff, 0xb4, 0x2, 0xae, 0xed, 0x23, 0xdd,
    0xb0, 0x4, 0x10, 0x47, 0x10, 0x8, 0xf0, 0x18,
    0x9, 0xff, 0xd6, 0x3f, 0xf6, 0x80, 0x1c, 0x80,
    0x3, 0xdd, 0xe9, 0x30, 0x6, 0x28, 0x4, 0x23,
    0xe2, 0x0, 0x9e, 0xc0, 0x21, 0x1f, 0x80, 0xc,
    0xa6, 0x0, 0x1e, 0xef, 0x50, 0x1, 0xac, 0x0,
    0x7f, 0xff, 0xb8, 0x0,

    /* U+5C48 "屈" */
    0x0, 0x6f, 0xff, 0xfc, 0x40, 0x14, 0xff, 0xfe,
    0xe0, 0xe, 0x30, 0xf, 0xc2, 0x1, 0xd7, 0x99,
    0xfb, 0x40, 0x3a, 0x7f, 0xff, 0x76, 0x10, 0x4,
    0x41, 0x66, 0x60, 0xf3, 0x30, 0xd8, 0x4, 0x62,
    0xea, 0x0, 0x72, 0x0, 0xb, 0x0, 0x42, 0xe0,
    0x1f, 0xfc, 0x21, 0x2, 0xff, 0x58, 0xff, 0xb0,
    0x2, 0x20, 0x21, 0xdf, 0xf5, 0x8f, 0xfd, 0x46,
    0xe, 0x41, 0xc, 0x1, 0xf7, 0x20, 0x6a, 0x0,
    0x7f, 0xf0, 0x57, 0x40, 0x2, 0x1, 0xf0, 0x81,
    0x82, 0x0, 0x2b, 0xfd, 0x63, 0xff, 0x20, 0x0,

    /* U+5C49 "屉" */
    0x0, 0x6f, 0xff, 0xfc, 0x20, 0x15, 0x7f, 0xff,
    0x8, 0x7, 0xff, 0x8, 0x40, 0x35, 0x7f, 0xff,
    0x0, 0x75, 0x7f, 0xed, 0xff, 0xaf, 0xc4, 0x3,
    0xac, 0x83, 0x90, 0x1, 0x44, 0x1, 0x18, 0x82,
    0xb0, 0x7, 0x8, 0x80, 0x21, 0x3f, 0x1b, 0xf3,
    0xbf, 0xf0, 0x66, 0x0, 0x25, 0xf1, 0xcf, 0x3b,
    0xff, 0x6, 0xe0, 0x10, 0x18, 0x7, 0xe1, 0x0,
    0x9c, 0x44, 0x1, 0xd7, 0xfe, 0x10, 0xb, 0x54,
    0x3, 0xb3, 0xff, 0x10, 0x1, 0x70, 0x2, 0x71,
    0x1f, 0x80, 0xc9, 0x80, 0x2b, 0xee, 0xf9, 0xf,
    0x4, 0x1, 0xdf, 0xff, 0x90,

    /* U+5C4A "届" */
    0x0, 0x6f, 0xff, 0xfc, 0x1, 0xa7, 0xbb, 0xf5,
    0x80, 0x71, 0x88, 0xfe, 0x70, 0xe, 0xd4, 0x4f,
    0xca, 0x1, 0xcd, 0x33, 0xfa, 0xc8, 0x3, 0x5e,
    0xee, 0xe0, 0xdd, 0xc0, 0x11, 0x81, 0x19, 0xca,
    0x46, 0x78, 0x3, 0xf, 0xef, 0x72, 0x3, 0xba,
    0xc2, 0x0, 0xb, 0x5, 0x6e, 0xc3, 0xbb, 0x0,
    0x44, 0x4, 0x4, 0x66, 0x51, 0x33, 0x80, 0x27,
    0x20, 0x5, 0xff, 0xac, 0x3f, 0xe0, 0xb, 0x10,
    0x1, 0x39, 0x8e, 0x1c, 0xc8, 0x2, 0x7a, 0x0,
    0x8, 0xce, 0x2, 0x30, 0x1, 0x54, 0x60, 0xa,
    0xee, 0x58, 0xf7, 0x40, 0x0,

    /* U+5C4B "屋" */
    0x0, 0x6f, 0xff, 0xfc, 0x20, 0x1a, 0xbf, 0xff,
    0x80, 0x3c, 0x60, 0x1f, 0xfc, 0x39, 0xff, 0xfe,
    0x0, 0xf5, 0x7f, 0xff, 0x84, 0x3, 0x47, 0xff,
    0xfa, 0x0, 0x23, 0x8f, 0xe3, 0x5f, 0xf5, 0x1f,
    0x7c, 0x0, 0x42, 0x35, 0x3d, 0x8, 0x98, 0x70,
    0x40, 0x39, 0xa9, 0x11, 0xfd, 0xfe, 0x66, 0x60,
    0x80, 0x8, 0xa, 0xb7, 0xfc, 0xee, 0xcb, 0xb4,
    0x0, 0x48, 0x41, 0x79, 0xdc, 0x76, 0xee, 0xa0,
    0x40, 0x1e, 0xe1, 0x5d, 0xd3, 0x2f, 0x75, 0xa0,
    0x13, 0xf8, 0x7, 0x9, 0x80, 0x79, 0x81, 0x7f,
    0xf9, 0xdb, 0xff, 0x81, 0xb4, 0x3f, 0xff, 0xf8,
    0x0,

    /* U+5C4E "屎" */
    0x0, 0x6f, 0xff, 0xfc, 0x40, 0x1a, 0x7f, 0xff,
    0x70, 0x7, 0x8c, 0x3, 0xf0, 0x80, 0x7a, 0xbf,
    0xff, 0x80, 0x3d, 0x3d, 0xbd, 0xcc, 0x8e, 0xe6,
    0xf1, 0x0, 0x46, 0x60, 0xc3, 0x10, 0x91, 0x15,
    0x58, 0x6, 0x11, 0x9e, 0x40, 0x30, 0xb4, 0x0,
    0x73, 0x84, 0x38, 0x80, 0x4d, 0x4, 0x1, 0x8,
    0x27, 0xf1, 0xf6, 0xf, 0xc4, 0xff, 0x84, 0x8,
    0x1b, 0x76, 0x51, 0x1, 0xad, 0xd8, 0x41, 0xc,
    0x48, 0x96, 0xf6, 0x35, 0x60, 0x44, 0x0, 0x5a,
    0x1, 0x5a, 0x63, 0x2, 0x5e, 0x30, 0x0, 0xcd,
    0x51, 0xa5, 0xa2, 0x1, 0x2e, 0xde, 0x8b, 0xb1,
    0x66, 0x24, 0x3, 0xc7, 0xb0, 0x20,

    /* U+5C4F "屏" */
    0x0, 0x6f, 0xff, 0xfc, 0x80, 0x1a, 0x7f, 0xff,
    0x80, 0x3c, 0x60, 0x1f, 0xfc, 0x3a, 0xff, 0xfe,
    0x0, 0xf4, 0xfe, 0x9e, 0x7f, 0xd2, 0xbc, 0x80,
    0x18, 0xc0, 0x95, 0x0, 0x28, 0xf1, 0x0, 0xc6,
    0x3d, 0xed, 0x1f, 0xf0, 0xd7, 0xd0, 0x4, 0x2f,
    0xdf, 0x63, 0xfe, 0xd0, 0xef, 0xa0, 0xc, 0x20,
    0x1e, 0x30, 0x10, 0xc, 0x40, 0x4, 0x41, 0x82,
    0x24, 0xa, 0x88, 0x0, 0x38, 0xb7, 0xfa, 0x43,
    0xfd, 0x21, 0x3f, 0xe1, 0xc, 0x44, 0x5d, 0x1c,
    0xdd, 0xb4, 0x32, 0xec, 0x22, 0x6e, 0x3, 0xc6,
    0x70, 0xf, 0xca, 0x88, 0x3e, 0xab, 0x0, 0xfe,
    0x4b, 0x3, 0xd7, 0x0, 0xc3, 0xe0, 0x18,

    /* U+5C51 "屑" */
    0x0, 0x6f, 0xff, 0xfc, 0x40, 0x14, 0xff, 0xff,
    0x0, 0x71, 0x80, 0x7f, 0xf0, 0xab, 0xff, 0xf8,
    0x3, 0xa7, 0x5f, 0xb9, 0x43, 0xdc, 0xa6, 0x20,
    0x1, 0x98, 0x8e, 0x85, 0x80, 0x42, 0x3c, 0x2,
    0x10, 0x5, 0xb9, 0x0, 0x4c, 0xac, 0x1, 0x84,
    0xfc, 0xb3, 0x43, 0xa5, 0xf8, 0x0, 0x20, 0xc0,
    0x3d, 0xde, 0xb0, 0x8, 0x80, 0x80, 0x77, 0x7d,
    0x40, 0x12, 0x18, 0x0, 0x77, 0x7d, 0x40, 0x16,
    0x20, 0x0, 0x7b, 0xbd, 0x40, 0x3, 0x4a, 0x0,
    0xf, 0x77, 0xa8, 0x0, 0xec, 0x40, 0x1f, 0x17,
    0xdb, 0x80,

    /* U+5C55 "展" */
    0x0, 0x6f, 0xff, 0xfc, 0x40, 0x1a, 0x7f, 0xff,
    0x70, 0x7, 0x8c, 0x3, 0xf0, 0x80, 0x7a, 0xbf,
    0xff, 0x80, 0x3d, 0x3f, 0xe2, 0xaf, 0xf5, 0x87,
    0xf8, 0x80, 0x23, 0x30, 0x88, 0x0, 0x22, 0x1,
    0x18, 0x3, 0x9, 0x7f, 0x8a, 0xbf, 0xd6, 0x3f,
    0xe7, 0x0, 0xc7, 0xdc, 0x3b, 0xee, 0x60, 0xf7,
    0x1c, 0x0, 0x21, 0xbb, 0x1d, 0x6e, 0xb8, 0x77,
    0x61, 0x2, 0xb, 0xe2, 0x9d, 0xa3, 0x9c, 0x86,
    0x91, 0x4, 0x22, 0x18, 0xa9, 0xb9, 0x7b, 0x5e,
    0x20, 0x3, 0x10, 0x3, 0xde, 0xd5, 0x47, 0x0,
    0x12, 0x50, 0x10, 0xce, 0x7d, 0xe2, 0x5c, 0x10,
    0x3a, 0x18, 0x29, 0x12, 0x3e, 0x6, 0xec, 0x7e,
    0x2b, 0x60, 0x7, 0xd8, 0x40, 0xc, 0x97, 0xa2,

    /* U+5C5E "属" */
    0x0, 0x6f, 0xff, 0xfc, 0x80, 0x15, 0x7f, 0xff,
    0x10, 0x6, 0x22, 0xff, 0x18, 0x6, 0x9f, 0xff,
    0xe3, 0x0, 0xd7, 0xf3, 0x10, 0xba, 0x57, 0x1e,
    0x40, 0x1, 0x80, 0xc, 0xee, 0x9b, 0x8c, 0x30,
    0x8, 0x44, 0x15, 0x52, 0x8f, 0xf6, 0x60, 0x3,
    0x38, 0x1e, 0x62, 0x4b, 0x31, 0x2, 0x0, 0x10,
    0x10, 0x2c, 0xc4, 0x96, 0x62, 0x18, 0x0, 0x40,
    0x44, 0xcc, 0xa4, 0xb3, 0x2b, 0x0, 0x21, 0x87,
    0x6e, 0x62, 0x4b, 0x32, 0xe9, 0xc, 0x40, 0x4,
    0xe6, 0x24, 0xb9, 0xf5, 0x80, 0xd2, 0x80, 0x7,
    0xdc, 0x91, 0x90, 0xb0, 0x9, 0x88, 0x0, 0x7d,
    0xcd, 0xcb, 0xa4, 0x6f, 0x39, 0x0, 0x72, 0x0,
    0x70, 0xf7, 0x18,

    /* U+5C60 "屠" */
    0x0, 0x6f, 0xff, 0xfc, 0x40, 0x15, 0x7f, 0xff,
    0x0, 0x71, 0x80, 0x7e, 0x10, 0xe, 0x9f, 0xff,
    0xdc, 0x1, 0xd5, 0xff, 0x42, 0xff, 0xda, 0xc4,
    0x1, 0xaf, 0xb9, 0xb, 0xdd, 0x7e, 0x0, 0x46,
    0x37, 0xdc, 0x85, 0xea, 0x8, 0x50, 0xd, 0xfb,
    0xb4, 0xae, 0xd8, 0xc6, 0xd8, 0x0, 0x63, 0x3e,
    0x10, 0x1f, 0x7b, 0x31, 0x40, 0x40, 0x66, 0xba,
    0x41, 0x7f, 0xcc, 0x84, 0x1c, 0x6f, 0x50, 0x3b,
    0x9b, 0xb4, 0x98, 0x3, 0x1f, 0xb7, 0xc3, 0x33,
    0xa4, 0x2, 0x7a, 0x52, 0x0, 0x66, 0x74, 0x80,
    0x15, 0x46, 0x1, 0xb7, 0x7a, 0x40, 0x0,

    /* U+5C61 "屡" */
    0x0, 0x6f, 0xff, 0xfc, 0x20, 0x1a, 0xbf, 0xff,
    0x70, 0x7, 0xb1, 0x9b, 0xf8, 0x3, 0xcb, 0x99,
    0xdb, 0x99, 0x28, 0x7, 0x4d, 0x11, 0x2a, 0x56,
    0xa5, 0xac, 0x40, 0x31, 0xa6, 0xb3, 0x10, 0x52,
    0x69, 0x4c, 0x2, 0x30, 0xdc, 0x7b, 0x80, 0xb1,
    0xed, 0x40, 0x8, 0x4a, 0x75, 0x52, 0xc7, 0x5c,
    0x6d, 0xc0, 0x31, 0xf7, 0xc5, 0x9a, 0x16, 0x7f,
    0xb0, 0x0, 0x40, 0xb5, 0x2d, 0x3b, 0x4, 0x45,
    0xf8, 0x0, 0x39, 0xf, 0xce, 0x28, 0xcc, 0xb7,
    0xa7, 0x80, 0x18, 0xe7, 0x70, 0x31, 0x76, 0xc3,
    0xcb, 0xa0, 0x3, 0x78, 0x5, 0x19, 0xdb, 0x16,
    0x20, 0x13, 0xa, 0x9c, 0x56, 0x22, 0xdd, 0x77,
    0xe3, 0x3, 0x68, 0x17, 0xe4, 0x75, 0xb2, 0xcf,
    0x42, 0x0,

    /* U+5C65 "履" */
    0x0, 0x77, 0xff, 0xfc, 0x60, 0x1a, 0xff, 0xff,
    0x84, 0x3, 0xa2, 0xab, 0xf8, 0x40, 0x3a, 0xfb,
    0xf, 0x88, 0xfb, 0xab, 0x20, 0x8, 0x4d, 0xaf,
    0xd1, 0x53, 0xff, 0x48, 0x6, 0x3d, 0xa7, 0xa6,
    0xe8, 0x8d, 0x20, 0x19, 0x34, 0x7d, 0x92, 0xab,
    0x60, 0x7, 0xb, 0x4d, 0x68, 0x7, 0xf1, 0x2,
    0xd8, 0xa0, 0xd, 0xde, 0x10, 0x9, 0x84, 0x1c,
    0x0, 0x33, 0x92, 0xaa, 0x91, 0x0, 0x1a, 0xbd,
    0x0, 0x5c, 0x2f, 0x77, 0x8, 0x3, 0xc, 0x2,
    0x2c, 0x23, 0xfe, 0xb, 0x10, 0x24, 0xa0, 0x8,
    0xbe, 0x93, 0x35, 0x90, 0x0, 0xca, 0x40, 0x1a,
    0x2b, 0xf3, 0x72, 0x70, 0x52, 0x80, 0x5, 0xc1,
    0x76, 0x73, 0x26, 0xac, 0x10,

    /* U+5C6F "屯" */
    0x0, 0xf6, 0xa8, 0x7, 0xc4, 0x5e, 0x32, 0x2f,
    0x0, 0x33, 0x77, 0x86, 0x37, 0x79, 0x43, 0xbf,
    0xf8, 0xab, 0xff, 0x94, 0x1, 0x4, 0x1, 0xf9,
    0x90, 0x2, 0x66, 0x0, 0x7e, 0xdc, 0x0, 0xff,
    0xeb, 0x19, 0xf1, 0x19, 0xce, 0x1, 0x8a, 0x77,
    0x61, 0x8d, 0xd8, 0xbc, 0x2, 0xce, 0xec, 0x55,
    0xdd, 0x9c, 0x3, 0xff, 0x87, 0x84, 0x1, 0xe1,
    0xc1, 0x1c, 0xa6, 0x60, 0xf, 0x4b, 0xf7, 0x6a,
    0x71,

    /* U+5C71 "山" */
    0x0, 0xf6, 0xb0, 0x7, 0xff, 0x18, 0x54, 0x3,
    0xf8, 0x91, 0x68, 0x3, 0xf9, 0x60, 0x3, 0xff,
    0xfe, 0x1, 0xff, 0xc6, 0x22, 0xc7, 0xc4, 0x57,
    0x80, 0x5b, 0xb8, 0x5f, 0x76, 0x70, 0x4f, 0xff,
    0xf4, 0x0,

    /* U+5C79 "屹" */
    0x0, 0xff, 0xe2, 0xf0, 0x80, 0x43, 0xe4, 0x1,
    0xff, 0xc0, 0x92, 0x2, 0x2c, 0x18, 0x1, 0x51,
    0x3, 0x1e, 0x67, 0x1, 0x0, 0x4c, 0x14, 0x5d,
    0xde, 0x0, 0xf5, 0x2f, 0x80, 0x7f, 0xf0, 0x2e,
    0xdf, 0xdd, 0xb4, 0x3, 0xe1, 0x4e, 0xcc, 0x30,
    0xc0, 0x7, 0xf1, 0x11, 0x9e, 0x54, 0x3, 0xfc,
    0x57, 0xc, 0x1, 0xfe, 0x1f, 0x67, 0x0, 0xe5,
    0x18, 0x20, 0x5, 0x8c, 0x80, 0x4a, 0x2b, 0xcd,
    0xc6, 0x6, 0xbc, 0x1, 0xa5, 0x6e, 0xd2, 0xf8,
    0x4a, 0x22, 0x22, 0x8c, 0xcc, 0x1, 0x84, 0x1c,
    0xb3, 0x76, 0xc5, 0x20,

    /* U+5C7F "屿" */
    0x0, 0x70, 0x80, 0x4e, 0xe0, 0xf, 0xfe, 0x6,
    0x0, 0x78, 0xc0, 0x22, 0x0, 0x34, 0xf7, 0x6c,
    0xe1, 0x0, 0x49, 0x81, 0x56, 0x66, 0xe0, 0xf,
    0x18, 0x21, 0x17, 0x0, 0x79, 0x4c, 0x3, 0xff,
    0x81, 0xe7, 0xbb, 0xce, 0x1, 0xeb, 0xce, 0xec,
    0x20, 0x1f, 0x11, 0x9f, 0x0, 0x80, 0x73, 0x3b,
    0xf2, 0x9, 0x5, 0x8f, 0xa0, 0x7f, 0xf0, 0x13,
    0x56, 0x5e, 0x2b, 0x44, 0x73, 0x1, 0x3b, 0x21,
    0x51, 0x80, 0x42, 0x2b, 0x30, 0xf, 0xf4, 0xf3,
    0xc0, 0x7, 0xfa, 0x3f, 0x90, 0x0,

    /* U+5C81 "岁" */
    0xe, 0x40, 0xb, 0x90, 0x2, 0x5e, 0x0, 0xff,
    0xe8, 0x5f, 0xfc, 0x37, 0xff, 0x50, 0x3, 0xfb,
    0x90, 0x3d, 0xde, 0xf0, 0x11, 0x1c, 0x30, 0x7,
    0x84, 0x0, 0x78, 0xf, 0xdd, 0xe3, 0x8, 0xc6,
    0xff, 0xf2, 0x99, 0x91, 0xaa, 0x64, 0x20, 0x12,
    0xab, 0xc1, 0x39, 0x44, 0x30, 0x81, 0x69, 0xcc,
    0x3, 0xa5, 0x32, 0x6a, 0x60, 0x3, 0xef, 0x17,
    0xb6, 0x0, 0xc2, 0x93, 0xd1, 0xe, 0x40, 0xc,
    0xbd, 0x47, 0x1c, 0xe0, 0x1e, 0x5c, 0xea, 0x60,
    0xf, 0xc0,

    /* U+5C82 "岂" */
    0x1f, 0x0, 0xda, 0x80, 0x1b, 0x8c, 0x3, 0xff,
    0x8c, 0x64, 0x51, 0x91, 0x70, 0x80, 0x45, 0xdf,
    0xf1, 0xdf, 0xfe, 0x20, 0x0, 0xee, 0xff, 0xf0,
    0xc, 0xb, 0xff, 0xfe, 0xe0, 0x1, 0x77, 0x7f,
    0xa8, 0x3, 0x8, 0xff, 0xc0, 0x18, 0x8c, 0xff,
    0x88, 0x3, 0x76, 0xf7, 0x7e, 0xb2, 0x0, 0xd7,
    0xbb, 0xfd, 0x80, 0x1f, 0xfc, 0x39, 0x30, 0x6,
    0x88, 0xff, 0x23, 0x0, 0x21, 0x3b, 0xbf, 0xa9,
    0xcc,

    /* U+5C94 "岔" */
    0x0, 0xe4, 0x0, 0x90, 0x80, 0x3f, 0xaa, 0x0,
    0x22, 0xc2, 0x0, 0xfa, 0x53, 0x40, 0x26, 0x9d,
    0x50, 0xc, 0x7a, 0x98, 0x20, 0x19, 0xea, 0x98,
    0x60, 0x98, 0x8d, 0xbf, 0xfe, 0xaa, 0x3f, 0x2,
    0x6c, 0xd7, 0x58, 0x6f, 0x73, 0x41, 0xef, 0x40,
    0x4, 0x2, 0x2e, 0x42, 0x11, 0x18, 0x18, 0x7,
    0x86, 0x96, 0x40, 0x22, 0x1, 0x0, 0xc5, 0x5c,
    0x96, 0x41, 0x5b, 0x8c, 0x1, 0xc4, 0xd1, 0xe8,
    0x0, 0xbf, 0xe9, 0x0, 0xf8, 0x84, 0x1, 0xca,
    0x42, 0x12, 0xe0, 0x18, 0x40, 0x3f, 0x8f, 0xc0,
    0x3f, 0xf9, 0x24, 0x58, 0x8, 0xb0, 0x80, 0x7a,
    0x37, 0x61, 0x9d, 0xd9, 0x0, 0x20,

    /* U+5C97 "岗" */
    0x3f, 0x0, 0xda, 0xa0, 0x1b, 0xcc, 0x3, 0xff,
    0x89, 0xff, 0x8a, 0xbf, 0xf0, 0x0, 0xfb, 0xbf,
    0xf8, 0x6, 0x2a, 0xbf, 0xfc, 0x1, 0x2b, 0x88,
    0xff, 0x5b, 0x80, 0x33, 0xb3, 0x39, 0x3f, 0x8,
    0x3, 0x76, 0x18, 0x2, 0x50, 0xc0, 0x3d, 0x95,
    0xb3, 0x4b, 0x80, 0x1f, 0x9a, 0x99, 0x68, 0x3,
    0xf0, 0xcd, 0x45, 0x45, 0x0, 0x79, 0x38, 0xfd,
    0xd7, 0xda, 0x80, 0x39, 0x32, 0x84, 0x0, 0x3b,
    0x2, 0x6, 0x1, 0x18, 0x7, 0x4e, 0xf0, 0xb8,

    /* U+5C9B "岛" */
    0x0, 0xf3, 0x98, 0x7, 0xfc, 0x50, 0x20, 0x1f,
    0xbf, 0xed, 0xd, 0xff, 0xb4, 0x3, 0xab, 0x77,
    0xd2, 0x20, 0x1c, 0xe9, 0xe8, 0x45, 0x3, 0x0,
    0x79, 0xa6, 0xb4, 0x45, 0xa4, 0x1, 0xf2, 0x64,
    0xaf, 0x35, 0x0, 0x72, 0x19, 0xce, 0x17, 0x22,
    0x64, 0x0, 0x2b, 0xee, 0xd3, 0x37, 0x6f, 0x80,
    0xee, 0xbd, 0xb7, 0x6f, 0xdd, 0x58, 0x97, 0x80,
    0x4a, 0x0, 0x2c, 0x0, 0x1b, 0x80, 0x7f, 0xf0,
    0x38, 0x40, 0x59, 0x94, 0x2c, 0xca, 0x0, 0x88,
    0x86, 0xfd, 0xc0, 0x7e, 0xe1, 0x0, 0x92, 0x68,
    0xc4, 0x7d, 0x49, 0xda, 0xaa, 0x0, 0xfe, 0xaf,
    0xf5, 0x80,

    /* U+5CA9 "岩" */
    0x0, 0x79, 0x80, 0x53, 0x20, 0x8, 0xbc, 0x40,
    0x3f, 0xf9, 0xa, 0x67, 0x11, 0xc, 0xe7, 0x0,
    0xe1, 0x8d, 0xd9, 0x55, 0xbb, 0x58, 0x80, 0x6e,
    0xef, 0xfe, 0x0, 0x80, 0xee, 0xff, 0xf0, 0x88,
    0x66, 0x68, 0x24, 0x99, 0xfc, 0x40, 0x89, 0x78,
    0xca, 0x27, 0xe0, 0xc, 0xaa, 0x62, 0x2f, 0xc0,
    0x18, 0xec, 0x1f, 0x77, 0xf0, 0x4, 0xb8, 0x81,
    0x9f, 0xfe, 0xd0, 0x9, 0x6a, 0x28, 0x3, 0xff,
    0x80, 0xb6, 0xe0, 0x7, 0x11, 0xf3, 0x0, 0x64,
    0x0, 0xaf, 0xbb, 0xd6, 0x1, 0x0,

    /* U+5CAD "岭" */
    0x0, 0xfe, 0x10, 0xf, 0xbc, 0x3, 0x8b, 0x88,
    0x3, 0xff, 0x81, 0x27, 0x60, 0x1b, 0x40, 0x5,
    0x60, 0x7, 0xc, 0x26, 0x0, 0x8c, 0x3, 0xa2,
    0x68, 0x2a, 0x14, 0x3, 0xcf, 0x2d, 0x91, 0x1,
    0xcb, 0x80, 0xe, 0x12, 0xf2, 0x95, 0x42, 0xc2,
    0x0, 0xe6, 0xb3, 0x22, 0x4b, 0x91, 0xd0, 0x7,
    0xd3, 0x98, 0xad, 0xd8, 0x3, 0xf5, 0xf7, 0x5e,
    0x30, 0x1, 0xff, 0xc0, 0x84, 0x40, 0x4, 0x60,
    0xa0, 0x15, 0x9a, 0xbd, 0x80, 0x47, 0xc7, 0x80,
    0x17, 0xed, 0x50, 0x40, 0x2d, 0xd6, 0x5c, 0x0,
    0x13, 0x7, 0x0, 0x3f, 0x18, 0x4, 0x5e, 0x86,
    0x1, 0xff, 0xc0, 0x1c, 0x30, 0x8,

    /* U+5CB3 "岳" */
    0x0, 0xe1, 0x24, 0x57, 0x9c, 0xb0, 0xf, 0x67,
    0xff, 0xd1, 0x20, 0x1f, 0x57, 0x6d, 0xd4, 0x32,
    0x10, 0x7, 0xff, 0x2e, 0xbf, 0xff, 0x98, 0x3,
    0xa7, 0xbb, 0x95, 0xbb, 0x8c, 0x1, 0xc6, 0x23,
    0xc6, 0x23, 0x0, 0x7f, 0xf1, 0x8b, 0xfc, 0x75,
    0xff, 0xcc, 0xff, 0xf0, 0x96, 0xe6, 0xee, 0x45,
    0xdd, 0xb2, 0xb4, 0x40, 0xb9, 0xc8, 0xa1, 0x32,
    0x28, 0x28, 0x80, 0x3f, 0xfb, 0x17, 0xbb, 0x2b,
    0x6e, 0xe0, 0xe, 0xed, 0xee, 0xb3, 0x1d, 0xd4,
    0x0, 0x40,

    /* U+5CB8 "岸" */
    0x0, 0x79, 0x80, 0x5a, 0xc0, 0x12, 0xf0, 0x7,
    0xff, 0x27, 0x3f, 0xe2, 0x9f, 0xfa, 0x80, 0x3b,
    0xbb, 0xfe, 0xf0, 0xc, 0x45, 0xff, 0xc0, 0x30,
    0xb, 0x37, 0xbb, 0xfe, 0x0, 0xd9, 0xbb, 0xff,
    0x0, 0x75, 0xff, 0xff, 0x10, 0x0, 0x40, 0xef,
    0xfe, 0x74, 0xff, 0xc4, 0x0, 0x20, 0x11, 0xf3,
    0x88, 0xf0, 0x1, 0x89, 0xbb, 0xb3, 0x1f, 0x77,
    0x18, 0x62, 0x37, 0xfe, 0x74, 0xff, 0xe3, 0x26,
    0xa0, 0xf, 0xfe, 0x9, 0xc1, 0x80, 0x7f, 0xf0,
    0x40,

    /* U+5CBF "岿" */
    0x1f, 0x10, 0x9, 0x78, 0x3, 0x72, 0x0, 0x7f,
    0xf1, 0x3b, 0xfe, 0xa1, 0xff, 0xc2, 0x3, 0xdd,
    0xff, 0xc0, 0x40, 0x11, 0x16, 0x88, 0x7, 0xe5,
    0xd0, 0x1, 0x6, 0x77, 0x79, 0xc0, 0x3d, 0xbf,
    0xfc, 0x80, 0x1f, 0xfc, 0x67, 0x0, 0x24, 0x47,
    0x28, 0x6, 0x13, 0x0, 0xf8, 0xc0, 0x58, 0x35,
    0xc1, 0x22, 0x39, 0x81, 0x2c, 0x5b, 0xc0, 0x3f,
    0xc5, 0xaa, 0xa3, 0xff, 0xf2, 0x0, 0x29, 0xac,
    0xf, 0x77, 0xc6, 0x0, 0x8a, 0x0, 0x88, 0xbd,
    0x8e,

    /* U+5CD9 "峙" */
    0x0, 0x70, 0x80, 0x77, 0x90, 0x7, 0xfa, 0x26,
    0x41, 0x13, 0x23, 0xd, 0x0, 0xb8, 0x33, 0x20,
    0xdc, 0xc1, 0x1, 0x80, 0x72, 0x2a, 0x81, 0x56,
    0x10, 0xf, 0x2d, 0x54, 0x13, 0x55, 0x8, 0x7,
    0xe, 0xed, 0x4, 0xbb, 0xa0, 0xf, 0x23, 0xbe,
    0xa0, 0x77, 0x8, 0x7, 0x2d, 0xde, 0xf0, 0xbb,
    0x8, 0x7, 0x3f, 0x6f, 0x72, 0xc3, 0xb8, 0x20,
    0x1c, 0x41, 0x8, 0xa8, 0xa, 0xa0, 0x1, 0x3,
    0x88, 0x2a, 0x68, 0x7, 0x8f, 0xd7, 0x0, 0x2b,
    0x1, 0x0, 0xed, 0xd5, 0xd6, 0x0, 0x7, 0x1,
    0x80, 0x3f, 0x18, 0x4, 0xbd, 0x4c, 0x1, 0x0,

    /* U+5CE1 "峡" */
    0x0, 0x78, 0x7, 0xb8, 0xc0, 0x3f, 0xc2, 0x30,
    0x30, 0x8c, 0x14, 0x1, 0x4a, 0xff, 0xc3, 0x5f,
    0xed, 0x4, 0x0, 0x91, 0x6b, 0xb8, 0x39, 0xd5,
    0xa0, 0x1f, 0x7a, 0x80, 0x6a, 0x20, 0xf, 0xbb,
    0x80, 0x22, 0x55, 0x18, 0x7, 0xc8, 0x40, 0x3,
    0x28, 0x0, 0xf9, 0xf5, 0x70, 0x36, 0xff, 0x4,
    0x3, 0x92, 0x64, 0xc0, 0xd3, 0x30, 0x80, 0x71,
    0xaa, 0x99, 0x10, 0xab, 0x0, 0x20, 0x30, 0x80,
    0xa, 0x56, 0xb0, 0x1, 0x37, 0xd7, 0x88, 0x1d,
    0x58, 0x4b, 0xa0, 0x2, 0x1d, 0x4f, 0x97, 0x21,
    0x40, 0xa6, 0xd4, 0x3, 0x8e, 0xa5, 0xc0, 0x26,
    0x9a, 0x20, 0xc, 0x7c, 0xc0, 0x1c, 0xde, 0x40,

    /* U+5CE6 "峦" */
    0x0, 0xf4, 0x8, 0x7, 0xff, 0x0, 0xec, 0x3,
    0xdd, 0xff, 0xc8, 0xbf, 0xfd, 0x7f, 0xdd, 0x32,
    0x77, 0xa, 0x7b, 0xaa, 0x11, 0x5a, 0x8, 0xe0,
    0x3b, 0x41, 0x10, 0x22, 0x14, 0x3, 0xd1, 0x6a,
    0x5, 0x56, 0x1, 0xf1, 0x6d, 0x1a, 0xca, 0x80,
    0x7e, 0x39, 0x77, 0x80, 0x17, 0xe8, 0x56, 0xe0,
    0x6, 0x40, 0x62, 0x3, 0x5f, 0x56, 0x20, 0x35,
    0x0, 0x5b, 0x0, 0x7e, 0x4e, 0x0, 0xff, 0xe9,
    0xd6, 0xec, 0x93, 0xbb, 0x48, 0x5, 0xdb, 0xdd,
    0x66, 0xf7, 0x4e, 0x0,

    /* U+5CE8 "峨" */
    0x0, 0x70, 0x4, 0x4d, 0x8b, 0xc6, 0x60, 0xf,
    0xa2, 0x65, 0xa, 0x0, 0xd1, 0xa, 0x0, 0xaa,
    0x2c, 0x54, 0x0, 0x53, 0x0, 0xe0, 0x13, 0x80,
    0x71, 0x99, 0xec, 0x3, 0xd1, 0x63, 0x56, 0x5d,
    0x72, 0x80, 0x1d, 0x9c, 0x1b, 0xc4, 0x9d, 0xc6,
    0x0, 0xe4, 0x51, 0x75, 0x7d, 0x13, 0x20, 0xf,
    0xc4, 0x86, 0x6e, 0x30, 0xf, 0x13, 0x8e, 0x63,
    0xbd, 0x50, 0x3, 0xd1, 0xa1, 0xb0, 0x4c, 0xc1,
    0x0, 0xc2, 0x15, 0x41, 0x30, 0x60, 0xb0, 0x1,
    0x70, 0xf8, 0x7, 0xb8, 0x0, 0xcc, 0xde, 0xfe,
    0xd0, 0x0, 0x96, 0x3b, 0x4e, 0x91, 0x0, 0x32,
    0x79, 0xba, 0x54, 0x3b, 0x20, 0x7, 0x27, 0xe2,
    0x40, 0xe, 0x68, 0x0,

    /* U+5CEA "峪" */
    0x0, 0x70, 0x80, 0x45, 0x80, 0xb, 0x30, 0xf,
    0xe9, 0x40, 0x7, 0xf0, 0x86, 0x80, 0x56, 0x30,
    0xd0, 0xc8, 0x85, 0xb0, 0x30, 0x9, 0xd1, 0xbc,
    0x22, 0x1, 0xc, 0x40, 0x1c, 0x9c, 0x50, 0xa2,
    0xa1, 0x84, 0x1, 0xf1, 0xbc, 0xca, 0xc0, 0x3f,
    0x8b, 0x64, 0x91, 0xf0, 0x40, 0x3c, 0x98, 0xcc,
    0x0, 0x4b, 0xe0, 0x80, 0x74, 0xb3, 0x3b, 0xb2,
    0x89, 0x0, 0x76, 0xc0, 0xe6, 0x61, 0xd3, 0x3,
    0x9, 0x20, 0x8, 0x8b, 0x8, 0x0, 0xfd, 0x0,
    0x3f, 0xf8, 0x1b, 0x95, 0x1a, 0x20, 0x1, 0x1e,
    0x0, 0xf1, 0x80, 0x5d, 0xd8, 0x2,

    /* U+5CED "峭" */
    0x0, 0x70, 0x80, 0x8, 0xc1, 0x38, 0x0, 0x80,
    0x1f, 0x37, 0x0, 0x61, 0xb1, 0x0, 0xf2, 0xb,
    0x0, 0x56, 0xe3, 0xa2, 0x0, 0xe0, 0x4, 0x78,
    0x0, 0x5a, 0x0, 0x3e, 0x12, 0xfd, 0x17, 0xa6,
    0x0, 0xf9, 0x67, 0xd, 0x73, 0x60, 0x3, 0xf0,
    0xd5, 0x6f, 0x0, 0xfe, 0x1b, 0xbd, 0x0, 0x1f,
    0xc3, 0xff, 0xac, 0x3, 0xfc, 0x89, 0x8c, 0x3,
    0xf8, 0x7f, 0xf5, 0x80, 0x58, 0x3c, 0x20, 0x1,
    0xff, 0xd6, 0x0, 0x9e, 0xe7, 0xb0, 0x7, 0x84,
    0x40, 0x4, 0x31, 0x9, 0x0, 0xf7, 0x53, 0x80,

    /* U+5CF0 "峰" */
    0x0, 0xff, 0xe2, 0xf0, 0x6, 0x2f, 0x30, 0xf,
    0xfe, 0x7, 0x1c, 0x5f, 0x60, 0x3, 0x40, 0x2e,
    0x1b, 0x26, 0xb8, 0x1f, 0x0, 0xfa, 0xb, 0xda,
    0xb6, 0xc, 0x3, 0xe9, 0x90, 0xa2, 0x82, 0x80,
    0x7e, 0x16, 0xd4, 0xc6, 0xdb, 0x60, 0xf, 0x5e,
    0xc6, 0x6d, 0xf6, 0x78, 0x7, 0xa9, 0xef, 0x87,
    0x7e, 0x6c, 0x3, 0xec, 0xee, 0x5, 0x77, 0x8,
    0x3, 0xeb, 0xee, 0x5, 0x77, 0x8, 0x0, 0x60,
    0xa0, 0xb, 0xee, 0x5, 0x77, 0x8, 0x1, 0xc5,
    0xc2, 0xb9, 0x90, 0x4e, 0x62, 0x83, 0x75, 0x97,
    0x89, 0xff, 0x5, 0xff, 0xa0, 0x3, 0x8c, 0x4c,
    0xe1, 0x53, 0x31, 0x0,

    /* U+5CFB "峻" */
    0x0, 0xfc, 0x44, 0x0, 0xf0, 0xe8, 0x7, 0x7a,
    0xa2, 0x80, 0x7f, 0xae, 0x9d, 0x61, 0x40, 0x1a,
    0x0, 0x39, 0x2c, 0x5e, 0xaa, 0x1d, 0x20, 0x18,
    0x1, 0xc0, 0xc, 0xce, 0xff, 0x55, 0xf8, 0x7,
    0x8a, 0x83, 0x15, 0xe8, 0x2c, 0x3, 0xe9, 0x5a,
    0x3, 0xda, 0x60, 0xf, 0x52, 0xfe, 0x20, 0x1e,
    0x41, 0x0, 0x74, 0x65, 0x11, 0x19, 0x8f, 0xc4,
    0x1, 0xc4, 0xce, 0xdd, 0xcb, 0x90, 0xf, 0x1c,
    0xc8, 0xcd, 0x18, 0x50, 0x1, 0x21, 0xe0, 0x76,
    0xe3, 0xc5, 0x42, 0x0, 0xe, 0x15, 0xd, 0xc8,
    0x11, 0xcd, 0x80, 0x2d, 0xd5, 0xed, 0x93, 0xf2,
    0xdb, 0xf4, 0x18, 0x6, 0x16, 0xcd, 0xac, 0x4a,
    0xc2, 0xd1, 0x0, 0xc9, 0xd4, 0x80, 0x11, 0xd7,
    0x8,

    /* U+5D07 "崇" */
    0x3, 0xf0, 0xd, 0xac, 0x1, 0x27, 0x80, 0x61,
    0x1c, 0x2, 0x3c, 0x1, 0xdd, 0xd8, 0xa3, 0xba,
    0xa1, 0x0, 0x1f, 0xfe, 0xe0, 0xcf, 0xfd, 0xc0,
    0xc, 0xee, 0xde, 0x19, 0xdd, 0xcc, 0x3, 0x7d,
    0xdb, 0xfd, 0xdd, 0x94, 0x41, 0x19, 0x6e, 0xff,
    0xe, 0x18, 0x49, 0xbf, 0xff, 0xe1, 0x74, 0x1,
    0x11, 0xaa, 0xfe, 0x11, 0x0, 0x33, 0xff, 0xbb,
    0x9f, 0xfc, 0xe1, 0xbd, 0x2d, 0xdc, 0x2a, 0xef,
    0xbe, 0xe3, 0x80, 0x1e, 0x68, 0x3, 0x8a, 0x28,
    0x40, 0x6e, 0xb0, 0x80, 0x6, 0x0, 0x3d, 0xc,
    0x31, 0xdd, 0x11, 0xff, 0x8d, 0xc0, 0x2a, 0xa0,
    0x80,

    /* U+5D0E "崎" */
    0x0, 0x70, 0x7, 0xa2, 0x0, 0x1f, 0xec, 0xc9,
    0xdb, 0x31, 0x61, 0xa0, 0x17, 0x6, 0x63, 0x41,
    0xf7, 0x2c, 0xc, 0x3, 0xc5, 0x8e, 0x1e, 0xc0,
    0x1f, 0xaf, 0x2a, 0x27, 0x6e, 0x0, 0x3c, 0xae,
    0x9d, 0x32, 0xa7, 0x23, 0x0, 0xe6, 0xac, 0xff,
    0xce, 0x62, 0x1, 0xc6, 0x80, 0x11, 0x30, 0xe1,
    0x0, 0x79, 0xef, 0xb3, 0x80, 0x3f, 0xe7, 0x8e,
    0x0, 0xf8, 0x50, 0x2, 0x67, 0xd0, 0xe, 0x1f,
    0x9, 0x10, 0xd, 0xdc, 0x0, 0xdb, 0xfe, 0xdb,
    0x7, 0xf7, 0x72, 0x88, 0x80, 0x4, 0x1, 0x20,
    0x11, 0x80, 0xf7, 0x1, 0x0, 0x3f, 0xc3, 0xfe,
    0xd1, 0x0,

    /* U+5D14 "崔" */
    0x4, 0xe0, 0xd, 0xaa, 0x1, 0xbc, 0xc0, 0x3f,
    0xf8, 0xe3, 0xbb, 0x8a, 0xf7, 0x70, 0x6, 0x4c,
    0xe0, 0x5e, 0xc5, 0xbe, 0xeb, 0xc, 0x2, 0x37,
    0x2a, 0x33, 0xe, 0x99, 0xe0, 0xe, 0xa0, 0xdf,
    0xf2, 0xa7, 0xfe, 0xa0, 0xa, 0x86, 0xfb, 0xa5,
    0x4e, 0xed, 0x40, 0xa, 0x50, 0x23, 0x38, 0x0,
    0x67, 0x80, 0x6, 0x98, 0x37, 0xdd, 0x22, 0xf7,
    0x50, 0x0, 0x3e, 0x30, 0xec, 0xc9, 0xd3, 0x32,
    0xa0, 0xf, 0x67, 0xfc, 0xcb, 0xff, 0x60, 0x7,
    0xb3, 0xfe, 0x65, 0xff, 0xb0, 0x3, 0xc8, 0x98,
    0x99, 0x13, 0x80, 0x3a, 0xff, 0xe0, 0x7f, 0xfe,
    0x20,

    /* U+5D16 "崖" */
    0x0, 0x79, 0x0, 0x53, 0x20, 0xd, 0xe4, 0x1,
    0x84, 0x2, 0x30, 0xc, 0x20, 0x1e, 0xcf, 0xf9,
    0x5b, 0xfe, 0xe0, 0xe, 0xee, 0xff, 0xe0, 0x18,
    0x5, 0xdd, 0xff, 0xc0, 0xf0, 0xd, 0xbf, 0xf9,
    0x5f, 0xff, 0x70, 0x7, 0x3f, 0x74, 0xaf, 0xdd,
    0x60, 0x4, 0x20, 0x6f, 0xdd, 0x2b, 0xf7, 0x58,
    0x1, 0x18, 0x16, 0xee, 0x57, 0xdd, 0xce, 0x0,
    0x10, 0x3d, 0xdd, 0x76, 0xdd, 0xce, 0x0, 0x62,
    0x2, 0x2d, 0xfc, 0x45, 0x80, 0x2c, 0x40, 0xa9,
    0x99, 0x52, 0x67, 0x0, 0x5, 0xb0, 0x22, 0xee,
    0x46, 0xbb, 0xc0, 0x5, 0x25, 0xdf, 0xfc, 0xaf,
    0xff, 0xc4, 0x9a, 0x1b, 0xff, 0xff, 0x10,

    /* U+5D29 "崩" */
    0x3, 0xf0, 0xd, 0x52, 0x1, 0xbd, 0x0, 0x3f,
    0xf8, 0xdd, 0xd9, 0x5b, 0xbb, 0x0, 0x47, 0xb9,
    0x9b, 0x75, 0x99, 0xb5, 0x0, 0x7b, 0xb8, 0xc3,
    0xbb, 0x88, 0x0, 0x7f, 0xf1, 0x80, 0xf, 0xfe,
    0x31, 0x0, 0x8c, 0xe0, 0x8, 0x4c, 0xe1, 0x0,
    0xdf, 0xf0, 0x4, 0x3f, 0xf0, 0x80, 0xc, 0x3f,
    0xe0, 0x0, 0x8b, 0xfe, 0x10, 0x3, 0x9, 0x14,
    0x0, 0x70, 0x11, 0x80, 0x21, 0x17, 0xfc, 0x0,
    0x21, 0xcc, 0x84, 0x1, 0x8d, 0xbb, 0x0, 0x3d,
    0xb7, 0x61, 0x1, 0x7d, 0x0, 0x8, 0x13, 0xe8,
    0x4, 0x20, 0xa4, 0x81, 0x5c, 0x8c, 0xa8, 0x15,
    0xe4, 0x69, 0x80, 0xa, 0xfb, 0x5b, 0x0, 0x57,
    0xe8, 0x0,

    /* U+5D2D "崭" */
    0x5, 0xd0, 0xd, 0x52, 0x1, 0xf, 0x98, 0x6,
    0x11, 0xc0, 0x62, 0x31, 0x0, 0x71, 0xff, 0xe4,
    0x47, 0xfd, 0xa2, 0x1, 0x2f, 0x41, 0xf7, 0x6f,
    0xca, 0x94, 0x0, 0xf, 0xfa, 0x4b, 0xfe, 0x4e,
    0x9d, 0xe, 0x30, 0x1f, 0x92, 0xec, 0xff, 0x20,
    0x5c, 0xba, 0x0, 0x6b, 0x85, 0xf0, 0xf, 0xf9,
    0xcd, 0xc8, 0x48, 0x80, 0xc, 0xce, 0x20, 0xc3,
    0xf8, 0x2f, 0xf2, 0x85, 0xd1, 0xa5, 0x18, 0x5e,
    0xea, 0x8f, 0x74, 0xe2, 0xec, 0x36, 0xc2, 0x8,
    0xd1, 0xe7, 0x9d, 0x64, 0x1, 0xe1, 0xff, 0x88,
    0x9d, 0xc1, 0x50, 0xf, 0xd, 0xcb, 0xe8, 0x90,
    0xb5, 0x0, 0x7f, 0xf0, 0x55, 0xc, 0x3, 0xfc,
    0x98, 0x9, 0x40, 0x17, 0x18, 0x0,

    /* U+5D4C "嵌" */
    0x0, 0x7a, 0x0, 0x4d, 0x80, 0x1b, 0x1c, 0x3,
    0xf0, 0x88, 0x3, 0x8, 0x7, 0x5f, 0xfd, 0x5,
    0xff, 0x88, 0x3, 0x4e, 0x7f, 0xaf, 0xbe, 0xe7,
    0xfe, 0x70, 0xa, 0x98, 0x1, 0x8, 0x1b, 0x86,
    0x78, 0x7, 0xe, 0x33, 0x7, 0xe, 0xa9, 0xdd,
    0x62, 0x8c, 0x12, 0xc4, 0x9, 0x50, 0xff, 0xd9,
    0xa2, 0x80, 0x83, 0xa8, 0x81, 0xd4, 0x40, 0xf3,
    0x91, 0x88, 0x4, 0x46, 0x61, 0xb, 0xe0, 0x13,
    0x65, 0x0, 0xd3, 0xfe, 0x20, 0xd5, 0x12, 0xc4,
    0x80, 0xd, 0x79, 0x83, 0x1, 0x6, 0x6, 0x10,
    0xe, 0x22, 0x80, 0x21, 0x8a, 0x48, 0x0, 0xe8,
    0xdd, 0x18, 0xe, 0x3a, 0xd3, 0xb8, 0x3, 0x57,
    0xf8, 0xcd, 0xb7, 0x0, 0x3f, 0x68, 0x0, 0xc5,
    0x0, 0x63, 0x63, 0x0, 0x43, 0x88,

    /* U+5DCD "巍" */
    0x5, 0xd0, 0xd, 0x54, 0x0, 0xdc, 0x80, 0x11,
    0x5d, 0xe4, 0x45, 0xde, 0x10, 0x9, 0x32, 0x21,
    0xfd, 0xba, 0x8d, 0x1f, 0xc5, 0x0, 0x2a, 0x54,
    0x54, 0x99, 0xc2, 0x24, 0x31, 0x0, 0x8b, 0x13,
    0xb0, 0x7f, 0x65, 0x37, 0xe0, 0x1, 0xfd, 0x21,
    0x76, 0x90, 0xdf, 0x1d, 0x70, 0xa, 0xfc, 0x41,
    0xfa, 0x43, 0x70, 0x75, 0x80, 0x3, 0x9f, 0xe1,
    0xcd, 0x40, 0xd8, 0x4d, 0x60, 0x0, 0xf5, 0xd9,
    0x82, 0x10, 0x3e, 0x93, 0xdc, 0x0, 0x3f, 0xcc,
    0xbd, 0xe3, 0xdc, 0x22, 0x5c, 0xc0, 0xe, 0x94,
    0xeb, 0xb8, 0x5, 0x40, 0xce, 0x40, 0x1, 0x2d,
    0xd9, 0x20, 0xa, 0xb8, 0xeb, 0xbc, 0x0, 0x7e,
    0x2, 0x2a, 0x6c, 0x93, 0xc, 0xbc, 0x10, 0xfc,
    0xea, 0xc9, 0xaa, 0x38, 0x26, 0x6d, 0x8, 0x75,
    0x18, 0x0, 0xf1, 0x0, 0x13, 0xbb, 0x0,

    /* U+5DDD "川" */
    0x0, 0xff, 0xe2, 0xa7, 0x0, 0x7f, 0x72, 0x0,
    0x7c, 0x7e, 0x1, 0xff, 0xe9, 0x10, 0xf, 0xfe,
    0x89, 0x98, 0x3, 0xff, 0x82, 0x22, 0x0, 0xff,
    0xe0, 0xea, 0x80, 0x7f, 0xf0, 0x53, 0xc0, 0x3f,
    0xf8, 0x8, 0x2e, 0x1, 0xff, 0xc0, 0x85, 0x10,
    0xc, 0x40, 0x1e, 0x21, 0xb0, 0xc, 0x7a, 0x1,
    0xe2, 0xd1, 0x0, 0xff, 0x72, 0x0,

    /* U+5DDE "州" */
    0x0, 0xff, 0xe3, 0x1f, 0x80, 0x5a, 0x80, 0x17,
    0x20, 0x7, 0xff, 0x4c, 0x60, 0x0, 0x24, 0x0,
    0x15, 0x0, 0xe4, 0x40, 0x1, 0xac, 0x0, 0x76,
    0x80, 0x1b, 0x10, 0x0, 0xae, 0x0, 0x29, 0x80,
    0x8, 0x5a, 0x9c, 0x48, 0xcc, 0x0, 0x73, 0x30,
    0x1, 0x54, 0x44, 0x30, 0x47, 0x0, 0x9d, 0xc0,
    0x4, 0xa0, 0xf7, 0x9, 0x40, 0xa, 0x10, 0x3,
    0x93, 0x40, 0x3f, 0xf8, 0x6, 0x4a, 0x1, 0xff,
    0xc0, 0x84, 0x20, 0xf, 0xfa, 0x52, 0x40, 0x3f,
    0xf8, 0xb, 0x64, 0x1, 0xb5, 0x0, 0x3d, 0x88,
    0x1, 0xfe, 0xe4,

    /* U+5DE1 "巡" */
    0x2, 0x0, 0xc2, 0x40, 0x3, 0x0, 0x10, 0x5,
    0x38, 0x1, 0x37, 0x1, 0xe0, 0x86, 0x30, 0x2,
    0xc2, 0xc0, 0x15, 0x40, 0xa5, 0x15, 0x6, 0x0,
    0xb5, 0x88, 0xc9, 0x85, 0xa4, 0x26, 0x40, 0x18,
    0x74, 0xa9, 0x81, 0x8c, 0xc8, 0x4e, 0x1, 0xe1,
    0x6b, 0x9, 0x80, 0x89, 0x0, 0x8f, 0x75, 0x86,
    0x6, 0x22, 0x70, 0x22, 0x0, 0x45, 0x34, 0x44,
    0x58, 0x17, 0xf0, 0xbb, 0x0, 0x42, 0x86, 0x0,
    0x86, 0x18, 0x24, 0x52, 0x80, 0xf, 0x89, 0x20,
    0x26, 0x41, 0xee, 0x20, 0x1f, 0x7b, 0x3, 0x12,
    0x19, 0xa0, 0x2, 0x11, 0x0, 0x10, 0x50, 0x57,
    0x42, 0x5c, 0x0, 0x76, 0x56, 0x0, 0xf4, 0xa,
    0x90, 0x5e, 0x1, 0xd8, 0xd2, 0xe7, 0x22, 0x9,
    0x10, 0xd1, 0x89, 0x49, 0x82, 0x77, 0x77, 0x6e,
    0xb2, 0xe0, 0xd3, 0x0, 0x23, 0xae, 0xff, 0xf7,
    0x8,

    /* U+5DE2 "巢" */
    0x0, 0x85, 0xc8, 0x9, 0xc4, 0x5, 0xc4, 0x3,
    0x16, 0x79, 0x26, 0x8, 0x8f, 0xc0, 0x40, 0x32,
    0x9e, 0x6, 0x1a, 0x85, 0x1a, 0x0, 0x73, 0xed,
    0x1c, 0x4f, 0x1c, 0xcb, 0x50, 0x3, 0x2e, 0xe,
    0x7d, 0x96, 0x7d, 0x8e, 0x80, 0x63, 0x2f, 0xf9,
    0x5b, 0xfe, 0x50, 0xf, 0x15, 0xdc, 0x88, 0xbb,
    0x90, 0x3, 0xc5, 0x33, 0x2b, 0xcc, 0xca, 0x1,
    0xf1, 0x14, 0x26, 0x45, 0x8, 0x7, 0x19, 0xbb,
    0xa5, 0x6e, 0xe9, 0x4, 0x2, 0x14, 0xff, 0xca,
    0xdf, 0xfa, 0x44, 0x7, 0xbb, 0xca, 0xdd, 0xde,
    0x11, 0x7f, 0xd4, 0x6a, 0x68, 0xa7, 0x7f, 0xf0,
    0x82, 0x4f, 0x4f, 0xd3, 0x15, 0x44, 0x36, 0x54,
    0x1, 0xdc, 0xcc, 0x18, 0x6, 0x4c, 0xfe, 0xf0,

    /* U+5DE5 "工" */
    0x4, 0xdd, 0xff, 0xe0, 0x28, 0x1, 0xa2, 0x38,
    0x6, 0x23, 0x9c, 0x0, 0x4a, 0xbc, 0xca, 0xbe,
    0x20, 0xf, 0xff, 0xf8, 0x7, 0xff, 0x6c, 0x8b,
    0xc0, 0x64, 0x5e, 0x2, 0xdd, 0xf2, 0x2e, 0xef,
    0x8c, 0xbf, 0xff, 0xf8, 0x46,

    /* U+5DE6 "左" */
    0x0, 0xf1, 0x0, 0x7f, 0xf0, 0x8f, 0x44, 0x3,
    0xff, 0x82, 0xa4, 0x20, 0x1f, 0xc8, 0xab, 0x68,
    0xaa, 0xfc, 0x80, 0x8, 0x8c, 0x85, 0x11, 0xf7,
    0x80, 0x33, 0x75, 0x81, 0x9b, 0xbf, 0x58, 0x7,
    0x39, 0x10, 0x3, 0xff, 0x83, 0xa8, 0x45, 0xf8,
    0x40, 0x31, 0x21, 0x6e, 0xfe, 0x70, 0xd, 0x6d,
    0x7f, 0xf0, 0x6f, 0xfc, 0xc0, 0x11, 0xb5, 0x80,
    0x7f, 0xf0, 0x7d, 0x88, 0x3, 0xff, 0x81, 0x23,
    0x20, 0x1f, 0xfc, 0x5, 0x7f, 0x2, 0x2c, 0x60,
    0xe4, 0x58, 0x17, 0x49, 0x37, 0x76, 0x5, 0x6e,
    0xe2,

    /* U+5DE7 "巧" */
    0x0, 0xf1, 0x7f, 0xfe, 0x50, 0x33, 0xe1, 0xcc,
    0x4, 0xe6, 0x64, 0x1c, 0xce, 0x93, 0x10, 0x63,
    0x3c, 0x22, 0xff, 0x2b, 0xfd, 0x3, 0x90, 0x7,
    0xff, 0xb, 0x5c, 0x3, 0xff, 0x84, 0x9a, 0x1,
    0xff, 0xc2, 0x38, 0xff, 0xdc, 0x1, 0xfd, 0xbb,
    0xd0, 0x60, 0x1f, 0xc4, 0x5c, 0x2, 0x1, 0x85,
    0x2b, 0x40, 0x3d, 0xec, 0x5, 0xbe, 0x8e, 0x52,
    0x1, 0xe2, 0x20, 0x15, 0xe7, 0xdc, 0x20, 0x7,
    0x9f, 0x80, 0xc, 0x60, 0x1e, 0x32, 0x22, 0x92,
    0x0, 0x7f, 0xa3, 0x75, 0x4e, 0x40, 0x1f, 0xeb,
    0xff, 0xa0, 0x0,

    /* U+5DE8 "巨" */
    0x4f, 0xff, 0xf9, 0xc0, 0x77, 0x7f, 0xcc, 0x0,
    0x22, 0xff, 0x8, 0x7, 0xff, 0x8, 0x7f, 0xff,
    0x90, 0x0, 0x3b, 0xbf, 0x84, 0x3, 0x11, 0x7e,
    0x0, 0xff, 0xe2, 0x8a, 0xaf, 0xe1, 0x0, 0xd1,
    0x1f, 0x88, 0x2, 0x1d, 0xdf, 0xe4, 0x0, 0xff,
    0xe2, 0x11, 0x7f, 0x84, 0x7, 0x77, 0xfe,

    /* U+5DE9 "巩" */
    0x0, 0xf0, 0xff, 0xf7, 0x0, 0x65, 0x5c, 0x80,
    0xc, 0xdd, 0x48, 0x6, 0x19, 0x95, 0x47, 0x80,
    0x8, 0xb0, 0x6, 0x1c, 0xc0, 0x75, 0x80, 0x7f,
    0xf1, 0x89, 0x40, 0x3f, 0xf8, 0x74, 0x40, 0x1f,
    0xfc, 0x13, 0x7e, 0x0, 0xff, 0x8c, 0x1, 0x4,
    0x40, 0xf, 0xe2, 0x72, 0x0, 0x71, 0x0, 0x78,
    0xc3, 0x75, 0x8c, 0x1, 0xe1, 0x11, 0x76, 0x25,
    0xfa, 0xe0, 0x7, 0x93, 0x4a, 0xfe, 0xd4, 0x8d,
    0x80, 0x3e, 0x70, 0x50, 0xa, 0x54, 0x40, 0x30,
    0x96, 0x90, 0x6, 0x65, 0xb0, 0xc, 0xa5, 0xaf,
    0x40, 0x19, 0xb0, 0x40, 0x30, 0xef, 0xf8, 0xc0,

    /* U+5DEB "巫" */
    0x2, 0x33, 0xff, 0xe0, 0x10, 0x2, 0xf3, 0x3f,
    0xf8, 0x12, 0x0, 0x9f, 0xfe, 0x56, 0xff, 0xeb,
    0x0, 0xc9, 0xa0, 0x1e, 0xa7, 0x0, 0xf6, 0xb0,
    0x7, 0x90, 0x80, 0x3c, 0x98, 0x1, 0xc6, 0x2e,
    0x1, 0xc2, 0x56, 0x1, 0xc8, 0xa, 0x1, 0xcc,
    0x4f, 0x60, 0x1a, 0x5e, 0x58, 0x2, 0x18, 0x85,
    0xbc, 0x80, 0x20, 0xe3, 0x65, 0x0, 0x1a, 0x8a,
    0x1d, 0xe0, 0x8f, 0x20, 0x71, 0x40, 0x2d, 0x40,
    0x2, 0x60, 0x4b, 0x40, 0x3, 0xd0, 0xd, 0x8,
    0x7, 0x90, 0x3, 0x20, 0x17, 0xff, 0x95, 0xbf,
    0xfc, 0x44, 0xcc, 0xff, 0xe1, 0x10,

    /* U+5DEE "差" */
    0x0, 0xc2, 0x1, 0xe2, 0x0, 0xfd, 0xec, 0x1,
    0x97, 0x48, 0x3, 0x88, 0x8d, 0x6, 0x45, 0x5b,
    0x1, 0x8, 0x1, 0x77, 0x4e, 0x39, 0xbb, 0xb,
    0x6e, 0x9c, 0x0, 0xbf, 0xfb, 0x43, 0x7f, 0xf9,
    0x80, 0x28, 0xff, 0xb4, 0x37, 0xff, 0x50, 0x6,
    0x8e, 0xe8, 0xdb, 0xbb, 0xac, 0x2, 0x22, 0x19,
    0x88, 0xfc, 0xcf, 0xc4, 0x0, 0xdd, 0xd8, 0x13,
    0xbb, 0xf0, 0x3, 0xfe, 0xd0, 0xbf, 0xff, 0xc0,
    0x1d, 0xe5, 0x7f, 0xfe, 0xc0, 0xe, 0xa1, 0xcd,
    0xd5, 0x85, 0xee, 0xb8, 0x2, 0x2c, 0x4d, 0x12,
    0x22, 0x82, 0x91, 0x40, 0x2, 0xd0, 0xc0, 0x11,
    0x88, 0x8, 0x47, 0x1, 0x4e, 0x2f, 0x76, 0xc0,
    0xce, 0xec, 0x0,

    /* U+5DF1 "己" */
    0xbf, 0xff, 0xf2, 0x80, 0x27, 0x33, 0xf8, 0x3,
    0x11, 0x9f, 0xf0, 0x80, 0x7f, 0xf4, 0xc4, 0xcf,
    0xf8, 0x40, 0x24, 0xcc, 0xfe, 0x0, 0xe1, 0xff,
    0xfd, 0x4e, 0x1, 0xff, 0xc0, 0x52, 0x0, 0xff,
    0xe1, 0x20, 0x7, 0xff, 0x6, 0xd0, 0x3, 0xfe,
    0x20, 0x66, 0xa, 0x99, 0x17, 0x8e, 0x8, 0x86,
    0xf7, 0x9b, 0xbe, 0xc6, 0xe0,

    /* U+5DF2 "已" */
    0xbf, 0xff, 0xf8, 0x2, 0x9c, 0xcf, 0xe9, 0x0,
    0xc4, 0x67, 0xfc, 0x40, 0x1c, 0xe4, 0x1, 0xff,
    0xc1, 0xa7, 0x0, 0xff, 0xe8, 0xd7, 0xff, 0xd6,
    0x1, 0xe9, 0xdd, 0xfb, 0x24, 0x3, 0x8c, 0x8b,
    0xe3, 0x60, 0xf, 0xfe, 0x19, 0xb8, 0x7, 0xff,
    0x5, 0xa4, 0x3, 0xff, 0x83, 0xa4, 0x0, 0x6e,
    0x43, 0x22, 0xe3, 0x57, 0xa0, 0x4, 0xbd, 0x66,
    0xef, 0x65, 0xbb, 0x0,

    /* U+5DF3 "巳" */
    0xef, 0xff, 0xf2, 0x0, 0x51, 0xbb, 0xf8, 0x40,
    0x31, 0x91, 0x7e, 0x0, 0xff, 0xea, 0x99, 0xff,
    0x8, 0x6, 0x8c, 0xcf, 0xc0, 0x1d, 0x7f, 0xff,
    0xa9, 0x40, 0x3f, 0xf8, 0xa, 0x20, 0x1f, 0xfc,
    0xf4, 0xe0, 0x0, 0x80, 0x7f, 0x19, 0x81, 0x78,
    0xc8, 0xbe, 0x49, 0x50, 0x90, 0xdd, 0xfd, 0x49,
    0x0,

    /* U+5DF4 "巴" */
    0xff, 0xff, 0x94, 0x1, 0x3b, 0xb0, 0xce, 0xec,
    0x20, 0x11, 0x16, 0x2, 0x2c, 0x1, 0xff, 0xdf,
    0xbf, 0xf8, 0x6f, 0xfe, 0x10, 0xa, 0x73, 0x3f,
    0x33, 0x0, 0x4, 0x67, 0xfa, 0x4c, 0x3, 0xff,
    0x9b, 0x12, 0x20, 0x1f, 0xe3, 0x2, 0xf3, 0x22,
    0xf9, 0x93, 0x79, 0xf7, 0x7f, 0x43, 0xa0,

    /* U+5DF7 "巷" */
    0x0, 0xef, 0x30, 0xb, 0x90, 0x3, 0xc8, 0x90,
    0x22, 0x60, 0xc4, 0x41, 0x0, 0x5f, 0xf0, 0x5f,
    0xfc, 0x2b, 0xfe, 0x40, 0xa, 0xee, 0xf, 0xbb,
    0x86, 0x6e, 0xcc, 0x0, 0x11, 0xc0, 0xc2, 0x30,
    0x10, 0x8c, 0x3, 0xdd, 0x82, 0xbb, 0xa1, 0x9e,
    0xe9, 0xc7, 0xfe, 0x63, 0xff, 0xd2, 0x5d, 0xfe,
    0x70, 0xa, 0x18, 0xff, 0xf4, 0x96, 0x10, 0x4,
    0x56, 0x86, 0xff, 0xfa, 0x4e, 0xb6, 0x4, 0x5a,
    0x58, 0xe0, 0x1f, 0x3d, 0x33, 0x8e, 0xc8, 0x1,
    0xff, 0xf4, 0xb8, 0x2f, 0x30, 0x10, 0x5, 0x1f,
    0xfd, 0x61, 0x82, 0x1, 0xc3, 0xa2, 0x3e, 0x53,
    0x10, 0xe, 0x97, 0xee, 0xf5, 0xc0, 0x0,

    /* U+5DFE "巾" */
    0x0, 0xf3, 0x70, 0x7, 0xff, 0x24, 0x8b, 0xb8,
    0x8, 0xb8, 0x7, 0x77, 0x9c, 0x77, 0x79, 0x0,
    0x19, 0xff, 0x48, 0xff, 0xe1, 0x0, 0x84, 0x3,
    0xff, 0xfe, 0x4, 0x50, 0x80, 0x7f, 0x97, 0x71,
    0x14, 0x7c, 0x80, 0x3c, 0xff, 0xd6, 0x20, 0x1f,
    0xfc, 0x20,

    /* U+5E01 "币" */
    0x0, 0xc2, 0x46, 0x8a, 0xd1, 0x59, 0x2b, 0xff,
    0x76, 0xe5, 0xce, 0x91, 0x2a, 0x8b, 0xdc, 0xff,
    0xa8, 0x72, 0xea, 0x18, 0xc0, 0x44, 0x1, 0xff,
    0xc0, 0x15, 0x5d, 0xa2, 0xab, 0x90, 0x0, 0x95,
    0x11, 0x30, 0x44, 0x57, 0x40, 0x11, 0x6e, 0xd6,
    0x3b, 0xb5, 0x0, 0x7f, 0xfa, 0xc4, 0x3, 0xfe,
    0x9f, 0xa5, 0x0, 0x32, 0x80, 0x7a, 0x33, 0x6c,
    0x0, 0x70, 0x1, 0xe1, 0x32, 0x0, 0x0,

    /* U+5E02 "市" */
    0x0, 0xf0, 0xb0, 0x7, 0xff, 0xe, 0x54, 0x3,
    0xf0, 0x8f, 0x3, 0x40, 0x8f, 0x80, 0xbb, 0xbc,
    0xc5, 0xdd, 0xe3, 0x2e, 0xef, 0x23, 0x77, 0x78,
    0xc0, 0x47, 0xff, 0x84, 0x1, 0x4f, 0xfe, 0x57,
    0xff, 0xd8, 0x1, 0x8d, 0x73, 0x24, 0x5c, 0xc9,
    0xc0, 0x3c, 0x46, 0x70, 0x91, 0x9d, 0xc0, 0x1f,
    0xfe, 0x31, 0x0, 0xff, 0xe0, 0xf7, 0xc2, 0x0,
    0x68, 0x90, 0xf, 0x66, 0x3a, 0x0, 0x31, 0x8,
    0x7, 0x88, 0xc4, 0x2,

    /* U+5E03 "布" */
    0x0, 0xf2, 0x10, 0x7, 0xff, 0xa, 0x9c, 0x3,
    0xff, 0x82, 0x82, 0xa0, 0x1f, 0xdf, 0xfa, 0xc3,
    0xff, 0xf0, 0x3, 0x76, 0x90, 0xbd, 0x8b, 0xdd,
    0xe0, 0x1, 0x15, 0x6e, 0x85, 0x42, 0x45, 0xc0,
    0x19, 0xce, 0x0, 0x3f, 0xf8, 0x9, 0x3, 0xff,
    0x15, 0x7f, 0xe2, 0x0, 0x2d, 0x91, 0xee, 0xc3,
    0x1b, 0xb0, 0x4, 0x95, 0x14, 0xe4, 0x51, 0x91,
    0x60, 0x9, 0x25, 0xc0, 0x3f, 0xf8, 0x4c, 0x1,
    0xff, 0xcc, 0x13, 0x40, 0xf, 0x11, 0x80, 0x72,
    0xf4, 0x31, 0x0, 0x65, 0x80, 0xe, 0x4d, 0xc9,
    0x0, 0x0,

    /* U+5E05 "帅" */
    0x0, 0xff, 0xe2, 0xf, 0x88, 0x6, 0xf3, 0x0,
    0x98, 0x80, 0x3f, 0xf8, 0x16, 0xc0, 0x11, 0xdd,
    0xc1, 0xf7, 0x63, 0x0, 0xe7, 0x4c, 0x30, 0x5c,
    0x47, 0x0, 0xf0, 0xbc, 0x5, 0x38, 0x80, 0x7f,
    0xf1, 0x4c, 0x4, 0x3, 0xff, 0x9a, 0xc2, 0x1,
    0xfe, 0xd4, 0x35, 0x0, 0xff, 0xe0, 0x5e, 0x0,
    0x79, 0xd0, 0x40, 0x6, 0x66, 0x7, 0x40, 0x8,
    0x65, 0x10, 0x3c, 0xe2, 0x7, 0x40, 0x13, 0x6d,
    0x82, 0x34, 0x0, 0x7f, 0xcb, 0x60, 0x1f, 0x79,
    0x80, 0x40,

    /* U+5E06 "帆" */
    0x0, 0x70, 0x80, 0xb, 0xff, 0x8c, 0x3, 0xf8,
    0x7b, 0xa1, 0x0, 0x88, 0xc5, 0x4c, 0x80, 0xc4,
    0x63, 0x0, 0xb3, 0x42, 0xb7, 0xc0, 0x3f, 0xdc,
    0x3f, 0xe0, 0x9, 0x0, 0x3f, 0xf8, 0x5c, 0xc0,
    0x1f, 0xf0, 0x84, 0x40, 0x3, 0xff, 0x82, 0x48,
    0xe0, 0x1f, 0xe7, 0x10, 0x9d, 0x0, 0xf8, 0x94,
    0x9, 0x80, 0xe8, 0x3, 0xe6, 0x9a, 0xfd, 0x0,
    0xe2, 0x3c, 0x0, 0x26, 0xbb, 0x98, 0x3, 0x9a,
    0x88, 0x3, 0x4a, 0x8, 0x6, 0x63, 0x10, 0xc,
    0xa9, 0x40, 0x19, 0x6a, 0x6c, 0x1, 0xc2, 0xba,
    0x1, 0xd1, 0xfc, 0x60,

    /* U+5E38 "常" */
    0x2, 0xc1, 0x0, 0x72, 0x0, 0x16, 0x80, 0x22,
    0x5b, 0x0, 0xe1, 0xb9, 0x0, 0x67, 0xb2, 0xff,
    0x86, 0xff, 0x87, 0x3d, 0x6, 0x7b, 0xbf, 0xc2,
    0x0, 0x22, 0x7f, 0xfe, 0x10, 0x5, 0xb0, 0x3,
    0xbb, 0xb0, 0x42, 0x19, 0x84, 0x1, 0xf0, 0x80,
    0x18, 0x80, 0x23, 0xdd, 0x7f, 0x6f, 0x10, 0x7,
    0x1e, 0xec, 0x53, 0xbb, 0x0, 0x6c, 0xff, 0xc5,
    0x1f, 0xf9, 0x0, 0x27, 0xff, 0x8a, 0x3f, 0xe4,
    0x0, 0xfe, 0x10, 0xf, 0xfe, 0x18, 0x89, 0xc0,
    0x3f, 0xec, 0xe1, 0x50,

    /* U+5E55 "幕" */
    0xf, 0xff, 0xfe, 0x10, 0x3, 0xfe, 0xc4, 0xff,
    0xc9, 0xbf, 0xf0, 0x4, 0x7d, 0xab, 0xdd, 0x97,
    0x39, 0x80, 0x3d, 0xdd, 0xf9, 0x44, 0x3, 0x87,
    0x33, 0xf2, 0x0, 0x78, 0x73, 0x3f, 0x20, 0x7,
    0x87, 0x77, 0xf2, 0x0, 0x71, 0xfe, 0xb3, 0xee,
    0xf7, 0xb8, 0x0, 0xbb, 0x9f, 0xe4, 0x47, 0xfb,
    0xbf, 0xdd, 0xd1, 0x13, 0xbd, 0x4b, 0xb8, 0xaf,
    0xdc, 0x37, 0xee, 0x10, 0x3f, 0xa9, 0x77, 0xab,
    0xff, 0x1b, 0x74, 0x9, 0x55, 0x15, 0xff, 0xca,
    0xff, 0xeb, 0x2c, 0x20, 0x2d, 0x40, 0xf, 0xc2,
    0x5, 0x42, 0x1, 0xfe, 0xcb, 0x50, 0x8,

    /* U+5E93 "库" */
    0x0, 0xf8, 0x98, 0x3, 0xff, 0x87, 0x26, 0x1,
    0xfb, 0xff, 0xb4, 0x33, 0xff, 0x88, 0x2, 0xbd,
    0xda, 0x65, 0xbb, 0xe2, 0x0, 0x94, 0x8a, 0xdc,
    0x22, 0xf0, 0x7, 0x77, 0xf9, 0x17, 0xff, 0x9c,
    0x0, 0x20, 0xf, 0xe4, 0x5e, 0xcc, 0x77, 0x4c,
    0x1, 0xc2, 0x69, 0x3, 0x72, 0x23, 0x80, 0x6,
    0x1, 0x72, 0x81, 0x8, 0x88, 0xa0, 0x8, 0x40,
    0x48, 0xd7, 0x74, 0xc9, 0xbb, 0x18, 0x1, 0xc4,
    0xb, 0xff, 0x3a, 0xff, 0xc6, 0x0, 0x35, 0x2,
    0x2e, 0x11, 0x11, 0x60, 0x6, 0x61, 0x77, 0x79,
    0x93, 0x77, 0x10, 0xa2, 0xab, 0xff, 0x9d, 0x7f,
    0xf1, 0x2a, 0x10, 0x7, 0xff, 0x5, 0x2c, 0x3,
    0xe8, 0xa0, 0xe,

    /* U+5EA6 "度" */
    0x0, 0xf8, 0x9c, 0x3, 0xff, 0x87, 0x6, 0x1,
    0xfb, 0xff, 0xb4, 0x33, 0xff, 0x88, 0x2, 0xad,
    0xd5, 0xe6, 0xed, 0x79, 0xba, 0x20, 0x9, 0x88,
    0x94, 0x4, 0x55, 0x39, 0x10, 0x3, 0x57, 0x70,
    0x73, 0xba, 0x1b, 0xee, 0x0, 0x6a, 0xee, 0xd,
    0xf7, 0x43, 0x7d, 0xc0, 0xf, 0xce, 0x1, 0xff,
    0x8, 0x5, 0x9f, 0xf0, 0x80, 0x70, 0x81, 0x80,
    0x3b, 0xff, 0x90, 0x3, 0x10, 0x1f, 0x7f, 0xbb,
    0xb7, 0xfa, 0x0, 0x26, 0x22, 0x75, 0xe, 0x77,
    0x4a, 0x70, 0x1, 0x63, 0x80, 0x16, 0x31, 0xd3,
    0x7, 0x40, 0x32, 0x60, 0x4, 0xa9, 0x16, 0x3e,
    0x20, 0x12, 0x13, 0xce, 0xff, 0x15, 0xe2, 0xcf,
    0xed, 0x8a, 0x60, 0xdf, 0x7e, 0xc2, 0x1c, 0x6f,
    0x4f, 0x8,

    /* U+5EF6 "延" */
    0x0, 0xff, 0x92, 0x31, 0x0, 0xff, 0xf1, 0xa4,
    0xdf, 0x7c, 0x8c, 0xa8, 0x1f, 0x72, 0x8, 0xc0,
    0x7b, 0xa, 0x25, 0x44, 0x0, 0x22, 0x98, 0x4,
    0x85, 0x21, 0x0, 0xf9, 0x8d, 0x40, 0x3f, 0xf8,
    0x3, 0x12, 0x1, 0x78, 0x80, 0x35, 0x10, 0x60,
    0xa, 0x1b, 0xf9, 0x0, 0xe5, 0xff, 0x48, 0x2,
    0x37, 0x4a, 0x20, 0x1d, 0x17, 0x6a, 0x0, 0x38,
    0x13, 0x68, 0x7, 0xfc, 0x76, 0x26, 0x80, 0x1f,
    0xf3, 0x32, 0x4c, 0x40, 0x6, 0x2, 0x60, 0x1c,
    0x2e, 0xea, 0x0, 0xb7, 0xca, 0x7f, 0xe2, 0x0,
    0x70, 0x59, 0x7, 0xff, 0xe2, 0x3, 0x99, 0x3e,
    0xdb, 0xa9, 0x90, 0x88, 0x88, 0x27, 0x8c, 0xca,
    0xd3, 0xc9, 0xdd, 0x77, 0x37, 0x46, 0x6b, 0x90,
    0x1, 0x45, 0xe7, 0x7f, 0xf1, 0x0,

    /* U+5F00 "开" */
    0x9, 0xff, 0xff, 0xe0, 0x50, 0x2, 0x37, 0x52,
    0x3b, 0xb9, 0x55, 0xba, 0xb0, 0x0, 0x91, 0x40,
    0x45, 0x8c, 0xc4, 0x41, 0x0, 0xff, 0xec, 0x88,
    0x7, 0xfc, 0x5d, 0xd5, 0x8f, 0x76, 0x66, 0x77,
    0x44, 0x4d, 0xd9, 0xcb, 0x77, 0x22, 0x37, 0x62,
    0x3, 0x3c, 0xe6, 0x78, 0x88, 0x67, 0x0, 0x72,
    0x60, 0x7, 0xff, 0x5, 0xc5, 0x80, 0x3f, 0xf8,
    0x7, 0x12, 0x1, 0xff, 0xc0, 0x5c, 0x56, 0x0,
    0xff, 0xe0, 0x73, 0xd0, 0x7, 0xff, 0x6, 0xe0,
    0x3, 0xe9, 0x90, 0x6,

    /* U+5F02 "异" */
    0x0, 0x67, 0xff, 0xf9, 0x0, 0x3a, 0x3f, 0xff,
    0x8, 0x7, 0x84, 0x3, 0xff, 0x87, 0x3f, 0xff,
    0x84, 0x3, 0xd1, 0xdd, 0xfc, 0xe8, 0x1, 0x3f,
    0x8, 0xff, 0x4f, 0x80, 0x5e, 0xff, 0xff, 0xc9,
    0x0, 0x12, 0x73, 0xdf, 0x76, 0x88, 0x77, 0xc,
    0x3, 0x94, 0x47, 0xbb, 0x82, 0x1, 0x16, 0x64,
    0x57, 0x99, 0x9d, 0xd9, 0x91, 0x12, 0x21, 0x41,
    0x71, 0x19, 0x55, 0x11, 0x10, 0x22, 0x35, 0x15,
    0x13, 0x11, 0x11, 0x20, 0x1, 0x63, 0x50, 0x7,
    0xff, 0x3, 0x9b, 0x4, 0x3, 0xff, 0x81, 0x94,
    0x20, 0x1e, 0x99, 0x0, 0x60,

    /* U+5F3A "强" */
    0x1f, 0xfe, 0xb, 0xff, 0xf1, 0x0, 0xf7, 0x58,
    0x1, 0x4f, 0xfe, 0x0, 0xc2, 0x31, 0x0, 0x46,
    0x1, 0xf8, 0x8c, 0xc8, 0x1, 0x5e, 0x66, 0x0,
    0xd3, 0x98, 0xa0, 0x4, 0xe7, 0x14, 0xf6, 0x90,
    0x1, 0xef, 0xfe, 0x2, 0x28, 0x4, 0x88, 0x1,
    0x13, 0x80, 0x6f, 0xf8, 0x6f, 0xfd, 0x20, 0x22,
    0x55, 0x90, 0x1, 0xfe, 0x1c, 0xf8, 0x0, 0x1a,
    0xe7, 0xcc, 0x80, 0x3f, 0xc5, 0x55, 0x48, 0x80,
    0x3f, 0xc3, 0x9f, 0x0, 0x1e, 0x27, 0xf, 0xf8,
    0x6f, 0x62, 0x40, 0x3b, 0x88, 0x3, 0x9c, 0xe1,
    0x0, 0x21, 0x24, 0xf1, 0x23, 0x41, 0xa9, 0x29,
    0x0, 0x17, 0x68, 0xbd, 0x6e, 0xa1, 0x47, 0xa4,
    0x10, 0xb, 0xfd, 0x83, 0x7f, 0xd9, 0x50, 0xc9,
    0x88,

    /* U+5F55 "录" */
    0x0, 0xff, 0xe2, 0x6f, 0xff, 0xf8, 0x80, 0x2c,
    0xdd, 0xfd, 0x60, 0x60, 0x10, 0x91, 0x7e, 0x70,
    0xe, 0x5f, 0xff, 0xd8, 0x2, 0x1, 0x2e, 0xef,
    0xe9, 0x0, 0xc4, 0x40, 0xf, 0xc2, 0x22, 0x20,
    0x7e, 0x67, 0x6e, 0xb3, 0x12, 0x19, 0x80, 0xda,
    0xbe, 0xe9, 0x93, 0xba, 0xbb, 0x70, 0x5, 0x18,
    0x40, 0x4, 0x60, 0x9b, 0x10, 0x9, 0x35, 0x28,
    0x54, 0xe3, 0x4f, 0xd0, 0x3, 0xb4, 0xfc, 0x97,
    0x4f, 0x4, 0x2, 0x39, 0xe9, 0xde, 0x70, 0x3c,
    0x8c, 0x40, 0x2, 0x6, 0x61, 0x80, 0x80, 0x5,
    0xc9, 0x5a, 0xf, 0x24, 0x1b, 0xeb, 0xa0, 0x14,
    0x77, 0x80,

    /* U+5FAE "微" */
    0x0, 0x35, 0x0, 0x21, 0x80, 0x2e, 0x30, 0xc,
    0x93, 0x28, 0x30, 0x3, 0x30, 0x84, 0xc0, 0x24,
    0xba, 0x31, 0x0, 0x84, 0x1c, 0x80, 0x30, 0xda,
    0x69, 0x38, 0x8, 0x3, 0x4b, 0xba, 0x55, 0x25,
    0xb9, 0xd3, 0x4c, 0x81, 0xa3, 0xd9, 0x54, 0xa,
    0xae, 0x9f, 0xfc, 0x63, 0xe2, 0x58, 0x7, 0x40,
    0xf9, 0xdd, 0xa8, 0x90, 0x1c, 0xc3, 0xdc, 0x83,
    0x7f, 0xf7, 0x79, 0x91, 0x14, 0x36, 0x0, 0x7,
    0xfd, 0xd0, 0x92, 0x42, 0x8, 0x8, 0x6, 0x2e,
    0xe0, 0x5, 0x8b, 0xe0, 0x1e, 0x76, 0x1, 0x15,
    0x28, 0x1, 0x80, 0x3c, 0x44, 0x4, 0xc, 0x68,
    0x39, 0x0, 0xf5, 0x60, 0x26, 0x9e, 0x56, 0x35,
    0x80, 0x66, 0x62, 0x80, 0x9c, 0x62, 0x86, 0x1,
    0x0, 0x35, 0x68, 0x2, 0x1d, 0x30, 0x0, 0xd9,
    0x0,

    /* U+5FD7 "志" */
    0x0, 0xfa, 0xa4, 0x3, 0xf1, 0x17, 0x84, 0xc8,
    0xbc, 0x3, 0xbb, 0xe4, 0x5d, 0xdf, 0x10, 0xff,
    0xf9, 0x5b, 0xff, 0xc4, 0x1, 0xff, 0xc6, 0x22,
    0xe1, 0x32, 0x2e, 0x0, 0xdb, 0xbc, 0x8b, 0xbb,
    0xc4, 0x1, 0x7f, 0xe9, 0xaf, 0xff, 0x10, 0x7,
    0x8, 0x8a, 0x2c, 0x40, 0x3f, 0x5a, 0x5c, 0xa6,
    0x8f, 0x90, 0x6a, 0x80, 0x42, 0x8a, 0x1, 0xaa,
    0x8, 0x2e, 0xc0, 0x14, 0x98, 0x80, 0x73, 0x5,
    0x10, 0x30, 0x1, 0xe4, 0x0, 0x42, 0x38, 0xd1,
    0xe6, 0xc0, 0x18, 0xa1, 0xc9, 0xdd, 0xb1, 0x4d,
    0xa4, 0x0,

    /* U+6025 "急" */
    0x0, 0xe3, 0x0, 0xff, 0xe1, 0x46, 0x88, 0x7,
    0xff, 0x1, 0x9c, 0x7b, 0xfe, 0xd0, 0xf, 0xa6,
    0x2f, 0xfe, 0xd1, 0x90, 0xe, 0x1d, 0x61, 0xae,
    0xeb, 0x46, 0xbb, 0x80, 0x10, 0xd7, 0x73, 0xff,
    0x77, 0x3e, 0x84, 0x3, 0x38, 0x80, 0x7f, 0xf0,
    0xc7, 0x77, 0xf4, 0x80, 0x78, 0x73, 0x3f, 0x70,
    0x7, 0xa7, 0xff, 0xf6, 0x0, 0x7a, 0x7f, 0xec,
    0x4e, 0xff, 0xb8, 0x40, 0x35, 0x8e, 0xa1, 0x8e,
    0x80, 0x51, 0x40, 0x13, 0xb0, 0x98, 0x2, 0x81,
    0xc2, 0x6d, 0x54, 0x3, 0x10, 0x0, 0x10, 0x8b,
    0x99, 0x18, 0xe6, 0x0, 0x10, 0xa0, 0xd1, 0xdc,
    0xde, 0xb6, 0x16, 0x90,

    /* U+6062 "恢" */
    0x0, 0xff, 0xe3, 0x35, 0x80, 0x6f, 0x10, 0xf,
    0xfe, 0x9, 0x0, 0x80, 0x7c, 0x62, 0xf5, 0x1f,
    0xa1, 0xff, 0xe0, 0x4, 0x73, 0xb6, 0x73, 0x2f,
    0x72, 0xb7, 0xb8, 0x0, 0x6e, 0xb, 0xc1, 0x5c,
    0x11, 0x40, 0x8, 0x80, 0x4c, 0x41, 0x6c, 0xd,
    0x60, 0x4c, 0xe8, 0x5, 0x70, 0x1, 0x1a, 0x9,
    0xb0, 0x8d, 0x7e, 0x9, 0x20, 0x1b, 0x10, 0xc8,
    0x82, 0xa, 0xa0, 0xf, 0xb, 0xcd, 0x51, 0x0,
    0xc4, 0x80, 0x3d, 0x26, 0x69, 0x6c, 0x17, 0xd0,
    0xf, 0x23, 0xf8, 0x0, 0xd1, 0xe0, 0x40, 0x3c,
    0xd2, 0x60, 0xe, 0x88, 0xa, 0x80, 0x78, 0x98,
    0x13, 0x59, 0x81, 0xd6, 0xe0, 0x1f, 0xc, 0xd5,
    0x80, 0xf, 0x30, 0x20, 0x6, 0xb0, 0x0, 0xeb,
    0x80, 0x62, 0xb1,

    /* U+611F "感" */
    0x0, 0xff, 0xe6, 0xcc, 0x1d, 0xb0, 0x6, 0xef,
    0xff, 0x33, 0xe2, 0x4f, 0x90, 0x0, 0x73, 0xff,
    0xa8, 0xff, 0xdd, 0xe4, 0x1, 0x2e, 0xef, 0x31,
    0x0, 0xf0, 0x80, 0x67, 0xdd, 0xe3, 0x12, 0x84,
    0x10, 0x0, 0x80, 0x3b, 0x75, 0xd6, 0x9, 0x6d,
    0x0, 0x11, 0x10, 0xf, 0x76, 0x0, 0x6b, 0x30,
    0xc8, 0x0, 0x88, 0x3, 0x39, 0x40, 0x1a, 0x18,
    0x10, 0x61, 0x5a, 0xb, 0x10, 0xd2, 0xc7, 0x8b,
    0x64, 0x21, 0x44, 0xc, 0xdd, 0xb2, 0x2f, 0x1e,
    0xe9, 0x84, 0x52, 0xe5, 0x88, 0x1d, 0x8c, 0x0,
    0x36, 0x80, 0x1, 0xc1, 0x80, 0x52, 0x90, 0x10,
    0x48, 0x80, 0x7, 0x38, 0x80, 0x80, 0x26, 0x40,
    0xa1, 0x32, 0x0, 0x54, 0x3, 0x5f, 0xff, 0x32,
    0x3f, 0x80,

    /* U+622A "截" */
    0x0, 0xcf, 0x40, 0x13, 0xd9, 0x59, 0x0, 0x4f,
    0xfe, 0x85, 0xff, 0x40, 0xb9, 0x6e, 0x18, 0x1,
    0xff, 0xce, 0xbf, 0xe8, 0x30, 0x3, 0x53, 0x81,
    0x5d, 0xca, 0x97, 0x74, 0x1d, 0xdb, 0xfc, 0x44,
    0xff, 0x4, 0xbf, 0xfd, 0x43, 0xff, 0x88, 0x10,
    0x9d, 0xc, 0xc8, 0x85, 0x14, 0x41, 0xb0, 0x0,
    0x60, 0xb5, 0x23, 0x70, 0x80, 0x45, 0x6, 0x0,
    0xa1, 0xbc, 0x67, 0xcd, 0x0, 0x13, 0x20, 0x81,
    0x1, 0x46, 0xb3, 0x35, 0x80, 0xd2, 0x78, 0x0,
    0x56, 0x1d, 0x93, 0x2c, 0x70, 0x49, 0x35, 0x0,
    0xee, 0xc9, 0x96, 0x38, 0x68, 0xc8, 0x20, 0x6,
    0xec, 0x99, 0x63, 0x8c, 0x0, 0x87, 0xa0, 0x5,
    0x9d, 0x10, 0xed, 0xc7, 0x8b, 0x55, 0x80, 0x2b,
    0xef, 0xf7, 0x32, 0x53, 0xba, 0x9c, 0x40, 0x1a,
    0x80, 0x1a, 0xe4, 0x1, 0x3f, 0x20,

    /* U+6237 "户" */
    0x0, 0xf9, 0x44, 0x3, 0xff, 0x81, 0x32, 0x0,
    0xff, 0xe0, 0x52, 0x80, 0x7c, 0x9f, 0xfa, 0x4b,
    0xff, 0x20, 0x6, 0xdd, 0xfc, 0x20, 0x1c, 0x45,
    0xf8, 0x3, 0xff, 0x8c, 0x21, 0xbb, 0xf8, 0x40,
    0x23, 0x19, 0x9f, 0xc0, 0x1b, 0x91, 0x3f, 0xad,
    0x40, 0x5, 0xa0, 0x1f, 0x90, 0x40, 0xa, 0x40,
    0x1f, 0xf2, 0x2, 0x80, 0x7f, 0xd2, 0xc0, 0x1f,
    0xf1, 0x9a, 0x0, 0x3f, 0xe3, 0xe1, 0x0, 0xff,
    0x80,

    /* U+6293 "抓" */
    0x0, 0x17, 0x80, 0x7c, 0x4b, 0x8, 0x1, 0xf2,
    0xd6, 0x6f, 0x72, 0xd, 0xc0, 0x4, 0xc0, 0x44,
    0xc2, 0xe1, 0xbc, 0xa2, 0x30, 0x2d, 0xb0, 0xdc,
    0xe, 0x20, 0xc, 0x60, 0x2, 0xfd, 0xf, 0xe0,
    0xf, 0x8, 0x7, 0xf1, 0x98, 0x3, 0x18, 0x80,
    0x78, 0x50, 0x3, 0xc2, 0xc0, 0x11, 0xd0, 0x77,
    0x4, 0x40, 0x19, 0x8c, 0x0, 0x58, 0x61, 0xf4,
    0xcc, 0x0, 0xc4, 0x22, 0x2, 0xf9, 0x0, 0x88,
    0xc0, 0x38, 0x54, 0x3, 0xc4, 0x41, 0x0, 0xe4,
    0xc0, 0xf, 0x2b, 0x80, 0x7b, 0x14, 0x0, 0x2c,
    0x0, 0xaf, 0x0, 0xf3, 0x92, 0x85, 0x51, 0x84,
    0x4a, 0x1, 0xe1, 0x87, 0xb, 0xe9, 0x1c, 0x0,
    0xb1, 0x40, 0x27, 0x20,

    /* U+62A5 "报" */
    0x0, 0xbc, 0xc0, 0xff, 0xfe, 0x40, 0xf, 0xee,
    0xee, 0x0, 0xc2, 0x20, 0x61, 0x0, 0x8, 0xf0,
    0x30, 0x1f, 0x70, 0x2b, 0x9c, 0x0, 0x26, 0x4c,
    0x4, 0x7, 0xba, 0xa, 0xd7, 0x0, 0xbf, 0xb6,
    0x40, 0x22, 0x20, 0x31, 0x0, 0xc, 0xbf, 0xd0,
    0xa2, 0x1, 0xe1, 0x0, 0x66, 0x37, 0x6c, 0xb0,
    0x0, 0xa8, 0x6f, 0x30, 0x59, 0x77, 0x45, 0xe0,
    0xbd, 0x1, 0x1e, 0xc0, 0x82, 0xc0, 0x64, 0xa0,
    0xbd, 0xa0, 0xa0, 0x1b, 0xe4, 0xfe, 0x0, 0x21,
    0x0, 0xf8, 0xe3, 0x5, 0xc0, 0x3f, 0xf8, 0x1c,
    0x0, 0x20, 0x8, 0x48, 0x3, 0x8b, 0x57, 0x53,
    0x60, 0x7, 0xb4, 0xcc, 0x1, 0x5a, 0x61, 0x4d,
    0x20, 0x8b, 0xfd, 0x80, 0x3, 0xf9, 0x90, 0x4,
    0xb8, 0x20,

    /* U+62CD "拍" */
    0x0, 0x17, 0x80, 0x70, 0xf1, 0x80, 0x7f, 0xf0,
    0x1c, 0xc, 0x3, 0x1b, 0x82, 0x11, 0x1d, 0xd4,
    0x4e, 0xf1, 0x1e, 0x50, 0x5e, 0x34, 0x72, 0xab,
    0xb9, 0xe, 0x7f, 0xa1, 0xfc, 0x3, 0x33, 0xc2,
    0x1, 0xff, 0xc8, 0x47, 0x0, 0xfe, 0x17, 0x90,
    0xad, 0x1, 0xee, 0xe1, 0x5, 0xa1, 0xf, 0xa0,
    0x1d, 0xde, 0x10, 0x4d, 0x80, 0x10, 0x8, 0xcf,
    0x80, 0x3f, 0xfa, 0xa4, 0xc0, 0x18, 0x7f, 0xf8,
    0x40, 0x1f, 0x6a, 0x1, 0xe, 0x67, 0x8, 0x3,
    0x7e, 0x80, 0x9, 0xc6, 0x7d, 0xca,

    /* U+62E9 "择" */
    0x0, 0xff, 0xe3, 0x17, 0x80, 0x2b, 0xff, 0xe5,
    0x0, 0xfa, 0xa4, 0xb7, 0xb8, 0xe4, 0xa0, 0x2,
    0x60, 0x22, 0x3, 0xd, 0x89, 0x3c, 0x80, 0xf,
    0x6c, 0x37, 0x0, 0x1a, 0xf1, 0xb4, 0x80, 0x3,
    0xfd, 0xf, 0xe0, 0x1, 0x2b, 0x98, 0x80, 0x7e,
    0x18, 0xdd, 0xbe, 0xeb, 0x64, 0xc0, 0x33, 0xc0,
    0xcf, 0x37, 0x27, 0x48, 0x10, 0x24, 0x84, 0xc,
    0xb1, 0x18, 0xb1, 0x34, 0x8a, 0x58, 0x3, 0xe1,
    0x37, 0x58, 0x17, 0xba, 0x20, 0x4f, 0x90, 0x9,
    0x3f, 0xe0, 0xdf, 0xf1, 0x0, 0x7c, 0x67, 0x20,
    0x39, 0x9c, 0x20, 0x1c, 0x3d, 0xd4, 0x85, 0xf7,
    0x4a, 0x2, 0xc0, 0x1, 0xdd, 0xc1, 0x9b, 0xb2,
    0x5, 0x5a, 0x80, 0x7f, 0xf0, 0x0,

    /* U+6307 "指" */
    0x0, 0xbc, 0x40, 0x1c, 0x60, 0x1f, 0xfc, 0x41,
    0x59, 0xea, 0x0, 0xc2, 0x6, 0x1, 0x6f, 0xfb,
    0xb2, 0x80, 0x9, 0xfc, 0x1b, 0xe0, 0xa, 0xea,
    0x72, 0x1d, 0x4, 0xfe, 0xd, 0xf0, 0x1, 0x90,
    0x88, 0x98, 0xc0, 0x21, 0x3, 0x0, 0x4c, 0xb7,
    0xb9, 0xb3, 0x0, 0x1c, 0x8e, 0x2f, 0xdf, 0xfb,
    0x98, 0x5, 0xac, 0x2f, 0x83, 0xbf, 0xfc, 0xa0,
    0x90, 0x41, 0xf2, 0x21, 0x7d, 0xd8, 0x80, 0xb,
    0xd2, 0x1, 0xce, 0x23, 0x80, 0x3f, 0xec, 0xee,
    0xc4, 0x1, 0xfe, 0xde, 0xec, 0x60, 0x10, 0x98,
    0x7, 0xff, 0xb, 0x71, 0x4, 0x2, 0xdf, 0xfc,
    0x60, 0x16, 0x7d, 0x80, 0x5d, 0xff, 0xe5, 0x0,

    /* U+6309 "按" */
    0x0, 0xff, 0xe3, 0xf9, 0x0, 0x62, 0xf1, 0x0,
    0xff, 0x11, 0x98, 0x44, 0xc6, 0x70, 0x0, 0x88,
    0xe, 0x51, 0xd1, 0x5, 0xc8, 0x86, 0x18, 0xee,
    0x82, 0xb0, 0x2a, 0xfb, 0x97, 0x70, 0x80, 0xff,
    0x83, 0x7b, 0x48, 0x20, 0xc0, 0x24, 0x10, 0xf,
    0x2b, 0xa1, 0x29, 0x15, 0x6, 0x1, 0xc3, 0xba,
    0xb0, 0xcd, 0xdc, 0xe0, 0x1a, 0x33, 0x78, 0x33,
    0xfc, 0xad, 0xec, 0x57, 0xe0, 0x7c, 0x50, 0x66,
    0x0, 0x2e, 0x80, 0xf, 0x34, 0x2c, 0xc1, 0x5,
    0x1, 0xc9, 0x0, 0x2, 0xe4, 0x1, 0xb6, 0xeb,
    0x22, 0x40, 0x3f, 0xe6, 0x83, 0xf, 0x20, 0xc,
    0x20, 0x11, 0x3e, 0xde, 0x70, 0xeb, 0x80, 0x2b,
    0x8c, 0x83, 0xb6, 0x34, 0xc6, 0xaa, 0x10, 0xaf,
    0xc0, 0x6, 0x52, 0x80, 0x65, 0xd1,

    /* U+632F "振" */
    0x0, 0x1f, 0x0, 0xf, 0xff, 0xf1, 0x80, 0x7c,
    0x3d, 0xdf, 0x18, 0x1a, 0x89, 0x90, 0x0, 0x47,
    0xe0, 0x1d, 0x90, 0xd5, 0x0, 0x2f, 0xff, 0x60,
    0xf, 0x60, 0xf3, 0x80, 0x17, 0xff, 0xb0, 0x3,
    0xf8, 0x47, 0xe0, 0xf, 0x9c, 0x7b, 0xbe, 0x60,
    0x2, 0xe, 0xd0, 0x97, 0x87, 0x2d, 0xfd, 0xb1,
    0xfc, 0x87, 0x51, 0x88, 0x5, 0x9b, 0x30, 0x27,
    0xda, 0x26, 0x2, 0xe0, 0x13, 0xb0, 0x60, 0x80,
    0x80, 0x6d, 0x20, 0x8, 0x58, 0x3, 0xf9, 0x3c,
    0x2, 0x2a, 0x74, 0x0, 0xb, 0x0, 0x10, 0x50,
    0x43, 0x3c, 0x2e, 0xca, 0x13, 0x4e, 0x6, 0xa4,
    0xa5, 0x1a, 0x6b, 0x4e, 0x11, 0xf2, 0xf, 0x40,
    0x9a, 0xa0, 0x12, 0x90,

    /* U+6388 "授" */
    0x0, 0xff, 0xe3, 0x17, 0x80, 0x33, 0xb9, 0xb9,
    0x75, 0x24, 0x1, 0xf6, 0xd7, 0x71, 0x6e, 0x86,
    0xc0, 0x5e, 0x81, 0xd0, 0xe8, 0x9, 0x80, 0xd,
    0xa0, 0x70, 0xe1, 0x1c, 0x44, 0x41, 0x22, 0x29,
    0x20, 0x17, 0xe8, 0x7d, 0x22, 0x9, 0x2d, 0xa1,
    0x10, 0x1, 0xe1, 0xb3, 0xdf, 0xdf, 0x63, 0xb2,
    0x0, 0xe2, 0xb, 0xbf, 0x84, 0x5, 0xe4, 0x2d,
    0x9f, 0x33, 0xeb, 0x23, 0xc3, 0xb, 0x58, 0x56,
    0xee, 0x99, 0x8a, 0x5, 0x74, 0x1, 0xa1, 0x44,
    0x85, 0x60, 0x3, 0xf8, 0x6b, 0x5b, 0x6c, 0x80,
    0x3f, 0xce, 0x72, 0xa8, 0x1, 0x85, 0x80, 0x4,
    0xd7, 0xa9, 0x4f, 0xd0, 0x80, 0xa, 0xb6, 0x4,
    0xac, 0xe9, 0x5c, 0xa1, 0x92,

    /* U+63A5 "接" */
    0x0, 0x53, 0x80, 0x76, 0x18, 0x7, 0xfd, 0x11,
    0x7, 0x44, 0x4a, 0x2, 0x43, 0xc4, 0x1c, 0x5f,
    0x57, 0xc7, 0xcc, 0x13, 0xa8, 0xda, 0x2c, 0x7a,
    0xcc, 0x6, 0x61, 0x84, 0x7a, 0xc7, 0x88, 0x43,
    0x8, 0xa3, 0x80, 0x3f, 0x57, 0xf1, 0xf7, 0x7,
    0x3f, 0xc0, 0x1c, 0x55, 0xfe, 0xc3, 0xff, 0xe0,
    0x1, 0xb4, 0x68, 0x8d, 0x2c, 0x23, 0xc1, 0x38,
    0x6b, 0xdb, 0xdc, 0x55, 0x77, 0x71, 0xdf, 0xae,
    0x8e, 0x79, 0x4f, 0xfb, 0x3, 0xfc, 0x64, 0x1,
    0xd0, 0x42, 0x41, 0xee, 0x1, 0xfd, 0x19, 0xf9,
    0xc5, 0x20, 0x18, 0x84, 0x0, 0x28, 0x91, 0xca,
    0xf4, 0x8, 0xe, 0xaa, 0x6, 0xc7, 0xc6, 0xbd,
    0xe2, 0x38, 0xf, 0xf1, 0x86, 0x62, 0x10, 0x2,
    0x3c, 0x60,

    /* U+63A7 "控" */
    0x0, 0xff, 0xe3, 0x17, 0x80, 0x71, 0x68, 0x7,
    0xfc, 0x67, 0x9, 0xc1, 0x9c, 0x0, 0x27, 0x2,
    0x1d, 0xf8, 0x82, 0x9c, 0x43, 0x10, 0x76, 0x83,
    0x60, 0x3a, 0xe2, 0xea, 0x6c, 0x40, 0x7f, 0x43,
    0xe6, 0x8a, 0x7c, 0x13, 0xb, 0x10, 0x3, 0xc9,
    0x2f, 0xa0, 0xb1, 0x80, 0x1f, 0xa5, 0x30, 0x40,
    0xc, 0xc8, 0x0, 0x84, 0x32, 0x6e, 0x40, 0x8b,
    0x5d, 0x80, 0x6f, 0x2, 0xe0, 0x27, 0xfd, 0xb9,
    0xfc, 0x40, 0x27, 0x40, 0xe2, 0x5b, 0xb0, 0x6e,
    0xc6, 0x0, 0x87, 0x0, 0xff, 0xe9, 0xb, 0x0,
    0x7e, 0x70, 0xe, 0xab, 0x60, 0x7f, 0xfc, 0x17,
    0xff, 0x30,

    /* U+63D0 "提" */
    0x0, 0x17, 0x80, 0xf, 0xfb, 0xbb, 0xcc, 0x3,
    0xf0, 0xf7, 0x70, 0x80, 0x44, 0xc0, 0x42, 0x3,
    0x77, 0xc2, 0x0, 0x2d, 0xb0, 0xda, 0x1, 0x99,
    0xe1, 0x0, 0x17, 0xe8, 0x7d, 0x80, 0xdd, 0xf0,
    0x80, 0x7e, 0x3c, 0xaa, 0xec, 0x30, 0xe, 0x45,
    0xb8, 0x8f, 0xac, 0x81, 0xa4, 0x24, 0xff, 0xf2,
    0x77, 0xfc, 0x65, 0x62, 0x1a, 0xc9, 0x4a, 0x80,
    0x89, 0x84, 0xb6, 0x0, 0x24, 0x11, 0x0, 0x33,
    0x74, 0xc0, 0x1f, 0x18, 0x10, 0x3, 0xbf, 0xce,
    0x1, 0xf5, 0x34, 0x88, 0x11, 0x42, 0x0, 0x16,
    0x0, 0x38, 0x49, 0x60, 0x10, 0x80, 0x6a, 0xb6,
    0x1a, 0xf0, 0x9b, 0x3d, 0xef, 0xf4, 0x5, 0xfc,
    0x8e, 0x90, 0x1, 0xb3, 0xbf, 0xe8,

    /* U+6478 "摸" */
    0x0, 0x1e, 0x80, 0x6e, 0x30, 0x3e, 0x0, 0xfc,
    0x55, 0x41, 0x8a, 0xf1, 0xaa, 0x10, 0x7, 0x1f,
    0xf8, 0x33, 0xd0, 0x3f, 0xc6, 0xf, 0x46, 0xea,
    0x72, 0x13, 0x26, 0x9, 0x11, 0x3, 0xd1, 0xba,
    0x72, 0xf7, 0xef, 0xf0, 0x88, 0x3, 0xf3, 0xee,
    0xf1, 0x0, 0x79, 0x14, 0x1f, 0x77, 0x88, 0x2,
    0x58, 0x2a, 0x30, 0x7a, 0xae, 0x20, 0x0, 0xd3,
    0x97, 0x34, 0xe4, 0xe2, 0xcc, 0xb5, 0x40, 0x7b,
    0xc0, 0x31, 0x9b, 0xc8, 0xce, 0x10, 0x0, 0x80,
    0x51, 0xdd, 0x39, 0xf7, 0x63, 0x0, 0xe8, 0xff,
    0x50, 0x50, 0xdf, 0xf8, 0xc0, 0x58, 0x2, 0x4a,
    0xa5, 0xad, 0x5c, 0x98, 0x3, 0x2e, 0x82, 0xe4,
    0xb9, 0x1, 0x38, 0x74, 0xc3, 0x79, 0xc2, 0xf6,
    0x4, 0x2, 0x18, 0xe3,

    /* U+64A4 "撤" */
    0x0, 0xff, 0xe3, 0x69, 0x80, 0x7, 0x40, 0x28,
    0x80, 0x7, 0xe8, 0x92, 0xa8, 0x43, 0xd0, 0x8,
    0x48, 0x18, 0xb4, 0xd7, 0x35, 0xd7, 0xe2, 0x2,
    0xfa, 0x55, 0x68, 0xd7, 0xe0, 0x41, 0xa6, 0x60,
    0x6f, 0x2c, 0x9d, 0xa, 0x48, 0x70, 0x72, 0xe1,
    0x0, 0xea, 0x99, 0x6d, 0xd8, 0x40, 0x98, 0x3,
    0x87, 0xeb, 0x3b, 0x59, 0x49, 0x48, 0x5, 0x4f,
    0x30, 0x11, 0xd6, 0x17, 0x94, 0x62, 0x13, 0x3,
    0x5a, 0x11, 0xb6, 0x0, 0x46, 0x40, 0x4, 0x69,
    0x30, 0x2, 0x36, 0xc0, 0x4, 0x3a, 0x1, 0xfa,
    0x36, 0xc0, 0x6, 0x4, 0x1, 0xfa, 0x36, 0xc0,
    0x10, 0xb6, 0x1, 0xff, 0xc0, 0x87, 0xa7, 0xa0,
    0x1f, 0x2, 0x0, 0xa2, 0x8d, 0x34, 0x2c, 0x40,
    0x7f, 0x44, 0x25, 0xa3, 0xe3, 0x4, 0x6, 0xc0,

    /* U+64CD "操" */
    0x0, 0x1f, 0x0, 0x45, 0xfd, 0xd7, 0xd0, 0x7,
    0xf8, 0xbb, 0xa9, 0x0, 0xcd, 0x62, 0xc4, 0x0,
    0x36, 0x6b, 0x0, 0x36, 0x20, 0x63, 0x1, 0xc8,
    0x8d, 0xbe, 0x1, 0x57, 0x8d, 0x24, 0xed, 0xd9,
    0x36, 0xe7, 0xc, 0x3, 0xcb, 0xfa, 0x0, 0x7f,
    0xd7, 0x70, 0x6, 0x43, 0x1, 0x13, 0x80, 0x8,
    0x40, 0x25, 0x91, 0x87, 0xc, 0xe4, 0x41, 0xff,
    0x20, 0x2, 0xc, 0x71, 0x33, 0xb9, 0xf5, 0x4e,
    0xe7, 0xa0, 0x6d, 0x0, 0x7, 0xff, 0x15, 0xff,
    0xd4, 0x1, 0xc3, 0xfe, 0xa1, 0x1, 0x6e, 0xfa,
    0x0, 0xfa, 0x2e, 0x8a, 0xd6, 0xc4, 0x2, 0x70,
    0x18, 0xe3, 0xc4, 0x1, 0xc3, 0xe7, 0x7, 0xb7,
    0x10, 0xdb, 0x20, 0xd, 0x38, 0x80, 0xff, 0x21,
    0x6, 0x1, 0x6a, 0x0, 0xc, 0xc0,

    /* U+653E "放" */
    0x0, 0xc2, 0x1, 0xc4, 0x1, 0xf9, 0xe8, 0x3,
    0x2e, 0x80, 0x7e, 0x64, 0x10, 0xb, 0x10, 0x3,
    0x86, 0x65, 0x9, 0x13, 0x20, 0x71, 0x33, 0xc2,
    0x1c, 0x6f, 0x9d, 0xd1, 0x8a, 0x6e, 0xb3, 0x50,
    0x5f, 0xc9, 0xdf, 0x48, 0x67, 0x78, 0x7a, 0x80,
    0x47, 0x99, 0x22, 0x92, 0x2, 0x10, 0x80, 0x62,
    0x89, 0x3f, 0x58, 0xc0, 0xc4, 0x0, 0xe6, 0x44,
    0x5, 0x5a, 0x28, 0xbe, 0x80, 0x63, 0x10, 0x8,
    0x46, 0x4d, 0x34, 0x0, 0xde, 0x40, 0x60, 0x1b,
    0xce, 0xc0, 0x39, 0x34, 0x4, 0x3, 0x78, 0x60,
    0x6, 0x33, 0x28, 0x39, 0x0, 0x29, 0x69, 0x5c,
    0x2, 0xe6, 0x11, 0x60, 0x9e, 0xa6, 0x2d, 0x45,
    0x1, 0x8c, 0x2f, 0x3c, 0xfb, 0xf9, 0x2, 0xe3,
    0x99, 0xb0, 0x13, 0xfc, 0xb9, 0x42, 0x1, 0x1e,
    0x98,

    /* U+654F "敏" */
    0x0, 0x22, 0x80, 0x79, 0xcc, 0x3, 0xde, 0x40,
    0x1e, 0x80, 0xf, 0x92, 0x77, 0x74, 0x98, 0x18,
    0x7, 0x31, 0xef, 0x76, 0xb4, 0x18, 0x8c, 0x61,
    0x14, 0x45, 0x8c, 0xb0, 0xce, 0x65, 0x73, 0x29,
    0xee, 0xd8, 0x48, 0x8b, 0xb1, 0x42, 0x1e, 0x87,
    0x27, 0xd3, 0xc0, 0xa8, 0x0, 0xd0, 0x0, 0x62,
    0x2d, 0x63, 0x0, 0x69, 0x81, 0x88, 0x81, 0x34,
    0x7e, 0x66, 0x44, 0x19, 0x9a, 0xd0, 0x0, 0x92,
    0x77, 0x3e, 0xeb, 0xc1, 0x74, 0xdc, 0x1, 0x99,
    0x6c, 0x80, 0xc0, 0xc, 0x60, 0x80, 0x17, 0x18,
    0xd2, 0x8, 0x80, 0x2, 0x25, 0x0, 0xc2, 0xdf,
    0x12, 0xcf, 0x81, 0x86, 0x8e, 0x1, 0x4f, 0xfb,
    0xb8, 0x37, 0x1a, 0x19, 0x51, 0x20, 0x1d, 0xdc,
    0x44, 0x7a, 0xe0, 0xad, 0xa1, 0x80, 0x6f, 0xf5,
    0x5, 0xc0, 0x4, 0x9a, 0x60,

    /* U+6587 "文" */
    0x0, 0xfa, 0x48, 0x3, 0xff, 0x84, 0xb2, 0x1,
    0xff, 0xc2, 0x85, 0x10, 0xf, 0x16, 0xef, 0xa4,
    0xf3, 0x77, 0x8c, 0xd1, 0x6, 0x8, 0x8f, 0x3,
    0x44, 0x8, 0x55, 0x52, 0x4e, 0xab, 0x9c, 0xa1,
    0x54, 0x20, 0x11, 0x2c, 0x0, 0x68, 0x43, 0x0,
    0xfa, 0x15, 0x0, 0x6, 0xb0, 0x1, 0xf8, 0xa2,
    0x88, 0x75, 0xcc, 0x3, 0xf9, 0xd3, 0xe8, 0xa0,
    0x3, 0xfe, 0x82, 0x4f, 0x0, 0xff, 0x97, 0xd,
    0x31, 0x80, 0x3f, 0x1d, 0xd4, 0xe5, 0xc4, 0xda,
    0x0, 0x42, 0xfb, 0x81, 0xae, 0x0, 0x7d, 0xb,
    0xe8, 0x10, 0xa5, 0xdb, 0x20, 0xc, 0x57, 0xd2,
    0x80, 0x3b, 0x4, 0x1, 0xf8, 0x5f, 0x4,

    /* U+65CB "旋" */
    0x0, 0x94, 0x3, 0xb, 0x80, 0x7f, 0x5a, 0x80,
    0x4d, 0x20, 0x1f, 0xd3, 0x20, 0xa, 0x8d, 0xdf,
    0x89, 0x3f, 0xd0, 0x7f, 0xe7, 0x24, 0xee, 0xe1,
    0x4d, 0x55, 0x6e, 0xae, 0x21, 0x33, 0xe3, 0x2,
    0x32, 0x29, 0x97, 0x2e, 0xfc, 0x20, 0x3, 0x6c,
    0xc3, 0xd7, 0xfb, 0x17, 0xf5, 0x44, 0x2, 0x78,
    0x3, 0x6, 0x44, 0x1a, 0x73, 0x0, 0x4d, 0x88,
    0xe0, 0xc, 0x30, 0xa, 0x24, 0x2, 0x11, 0x0,
    0x61, 0x10, 0x17, 0x73, 0x0, 0x22, 0x60, 0x73,
    0x10, 0x8, 0x73, 0x1e, 0x0, 0x30, 0x20, 0x11,
    0x10, 0x50, 0x19, 0x14, 0x0, 0xb5, 0x0, 0x1b,
    0xd9, 0xb3, 0x0, 0x38, 0x5f, 0x80, 0x84, 0x4d,
    0x13, 0x46, 0x42, 0x20, 0x54, 0x46, 0xe9, 0x5d,
    0xc8, 0xf2, 0x5b, 0xdc, 0x54, 0xb0, 0xdf, 0xa5,
    0x90, 0x3, 0x67, 0xfc, 0xa0,

    /* U+65E5 "日" */
    0x2f, 0xff, 0xf2, 0x0, 0x33, 0x3f, 0x0, 0x63,
    0x3f, 0xc0, 0x1f, 0xfd, 0xcf, 0xff, 0xc0, 0x1a,
    0xf3, 0x3e, 0x0, 0xc8, 0x67, 0xf0, 0x7, 0xff,
    0x40, 0x8b, 0xf0, 0x6, 0xdd, 0xfc, 0x1, 0xbb,
    0xff, 0xe0, 0x0,

    /* U+65F6 "时" */
    0x0, 0xff, 0xbc, 0xc0, 0x19, 0xbb, 0x84, 0x3,
    0xf8, 0xa7, 0x30, 0x40, 0x67, 0xc0, 0xa6, 0x0,
    0x71, 0x10, 0x2e, 0x67, 0x4, 0xe1, 0x0, 0x72,
    0xff, 0xf0, 0x67, 0x90, 0x22, 0x40, 0x1, 0x40,
    0xf, 0xd5, 0x10, 0x0, 0x2d, 0x90, 0x7, 0xdd,
    0x98, 0x0, 0x23, 0xf0, 0x7, 0xff, 0x6, 0x6,
    0x0, 0x3f, 0xf8, 0x3d, 0x60, 0x1e, 0xcf, 0xf0,
    0x6, 0x33, 0x0, 0x7a, 0xbb, 0xa1, 0x0, 0xfe,
    0x67, 0x11, 0x80, 0x23, 0x32, 0x0, 0x80, 0x20,
    0x80, 0x3d, 0xb9, 0x4a, 0x40, 0x0,

    /* U+672C "本" */
    0x0, 0xfa, 0xa4, 0x3, 0xff, 0xa6, 0x60, 0x1f,
    0xbf, 0xfc, 0xaa, 0xff, 0xf0, 0x3, 0x77, 0x40,
    0xa2, 0x2, 0x77, 0x70, 0x0, 0x8b, 0x5c, 0x89,
    0x3e, 0x91, 0x60, 0xe, 0x62, 0x70, 0x4, 0xaa,
    0x80, 0x3e, 0x29, 0xb0, 0x8, 0x62, 0xc4, 0x3,
    0x87, 0xd5, 0x40, 0x19, 0x97, 0x4, 0x2, 0x1d,
    0x1a, 0x0, 0xf5, 0x86, 0x88, 0x17, 0x85, 0xff,
    0xca, 0xdf, 0xf5, 0x87, 0x91, 0x23, 0x1b, 0x32,
    0x44, 0x66, 0x4f, 0x90, 0x40, 0xc0, 0x26, 0x70,
    0x91, 0x9c, 0x20, 0xc0, 0x1f, 0xfc, 0x50,

    /* U+6743 "权" */
    0x0, 0x9b, 0x0, 0x3f, 0xf8, 0xd7, 0x7f, 0x80,
    0x30, 0x80, 0x44, 0xff, 0xfb, 0x14, 0x7, 0xfd,
    0x7, 0xfd, 0x46, 0x89, 0xbd, 0x40, 0x7b, 0x82,
    0x5d, 0xe6, 0x6, 0x1, 0x2e, 0x0, 0x4, 0x84,
    0xa4, 0x41, 0x10, 0x0, 0x12, 0x50, 0xa, 0x88,
    0x8a, 0xc1, 0xb4, 0x0, 0x93, 0x20, 0x9, 0xd4,
    0x7e, 0x4d, 0x8d, 0x45, 0xe0, 0x2, 0x84, 0xe0,
    0x2a, 0x30, 0x88, 0x59, 0xa0, 0x0, 0x9e, 0x40,
    0x25, 0x0, 0x31, 0xaf, 0x0, 0x42, 0xc6, 0x1,
    0xe4, 0x10, 0x70, 0x8, 0xe4, 0x3, 0xcd, 0x73,
    0x2a, 0x60, 0xf, 0xc7, 0x91, 0x6c, 0xca, 0x9a,
    0x10, 0xf, 0x52, 0xfa, 0x0, 0x17, 0x5d, 0x0,
    0x26, 0xc0, 0x99, 0x8, 0x6, 0x2d, 0x50,

    /* U+6821 "校" */
    0x0, 0xff, 0xe3, 0xf1, 0x0, 0x68, 0xb0, 0xf,
    0xfe, 0x14, 0x32, 0x0, 0x7e, 0x10, 0x9f, 0xf8,
    0xaf, 0xfe, 0x20, 0xff, 0xe, 0x7c, 0xfd, 0x6f,
    0xf4, 0xff, 0x88, 0x3a, 0xc2, 0xf8, 0xa, 0x84,
    0xe, 0x1c, 0x2, 0x1c, 0xf, 0x11, 0x7c, 0x18,
    0x16, 0x4a, 0x0, 0x4a, 0xc, 0xba, 0xdc, 0x1,
    0x44, 0xd0, 0x0, 0xd8, 0x62, 0xfe, 0xdd, 0x1,
    0x10, 0xfe, 0x0, 0x9d, 0x7, 0xa3, 0x9, 0x90,
    0x43, 0x0, 0x81, 0xa3, 0x0, 0x10, 0x0, 0xe3,
    0x85, 0x0, 0x13, 0xc8, 0x7, 0xd4, 0x6e, 0x1,
    0x91, 0xc0, 0x3c, 0xf2, 0xee, 0xa0, 0xf, 0xe3,
    0xc9, 0xc8, 0xc7, 0xf8, 0x10, 0xf, 0x7d, 0xf1,
    0x81, 0x6d, 0x18, 0x6, 0xe2, 0xc, 0x70, 0xe,
    0x5b, 0x10,

    /* U+683C "格" */
    0x0, 0xff, 0xe3, 0xd3, 0x80, 0x6d, 0x40, 0xf,
    0xfe, 0xb, 0x96, 0x3b, 0xc2, 0x1, 0xf8, 0xe1,
    0xf8, 0x76, 0x44, 0x7, 0xfc, 0xb1, 0xf7, 0xa4,
    0x46, 0x74, 0x80, 0x0, 0xf6, 0x83, 0xeb, 0x33,
    0x59, 0xe9, 0x58, 0x2, 0x16, 0x6, 0xd, 0x80,
    0xe8, 0x5b, 0x0, 0xed, 0x5, 0xf1, 0x3, 0xf4,
    0x2c, 0x20, 0xc, 0x88, 0xc5, 0x6a, 0xdb, 0xb6,
    0x5e, 0xd9, 0x83, 0x20, 0x85, 0x4b, 0x85, 0x66,
    0x2c, 0x46, 0xb, 0xa0, 0x1, 0x72, 0xab, 0xff,
    0xc, 0x92, 0x39, 0x80, 0x71, 0x19, 0xe1, 0x0,
    0x25, 0x80, 0x7f, 0xf0, 0xc4, 0x3, 0xc6, 0x1,
    0x84, 0x3, 0xfc, 0xbf, 0xf8, 0x3, 0xd4, 0xe0,
    0x8, 0xff, 0xf1, 0x80,

    /* U+6B65 "步" */
    0x0, 0xf9, 0xf0, 0x3, 0xfa, 0x60, 0x2, 0x3f,
    0xfd, 0x0, 0x18, 0xc0, 0x31, 0x6e, 0xe9, 0x0,
    0xfe, 0x12, 0x2c, 0x20, 0x5, 0x53, 0x1a, 0xab,
    0x49, 0x57, 0xc1, 0x32, 0x7, 0x99, 0x20, 0xcc,
    0xf8, 0x33, 0x28, 0xfc, 0x64, 0xcc, 0xbb, 0x30,
    0x1, 0x15, 0xb0, 0x7, 0xe, 0x38, 0x4, 0x3e,
    0xca, 0x1, 0xd6, 0x4e, 0x0, 0x2f, 0x69, 0x0,
    0xe9, 0x5e, 0x0, 0xcf, 0x60, 0x17, 0x86, 0x26,
    0x90, 0x4, 0x52, 0x1, 0x1e, 0xa3, 0x69, 0x0,
    0x70, 0xa4, 0x66, 0x2, 0xe8, 0x3, 0xdb, 0xd6,
    0x77, 0xd4, 0x80, 0x1f, 0x4e, 0xfd, 0xb8, 0x80,
    0x7e,

    /* U+6C14 "气" */
    0x0, 0xd2, 0x20, 0x1f, 0xfc, 0x16, 0x71, 0x0,
    0xff, 0xe0, 0xd8, 0xee, 0xff, 0x58, 0x4, 0x87,
    0x9f, 0xff, 0xd2, 0x1, 0x4c, 0x80, 0x47, 0xf0,
    0x10, 0x2, 0x41, 0xe3, 0xff, 0xf5, 0x0, 0x11,
    0xb8, 0x6b, 0x77, 0xec, 0x80, 0x2, 0x75, 0xf7,
    0x7f, 0x28, 0x6, 0x18, 0xff, 0xfc, 0x66, 0x0,
    0xff, 0xe1, 0x38, 0x80, 0x7f, 0xf0, 0x87, 0x40,
    0x3f, 0xf8, 0x5a, 0xc0, 0x1f, 0xfc, 0x24, 0x31,
    0x74, 0x0, 0xff, 0x8c, 0xd1, 0x80, 0x1f, 0xfc,
    0x1f, 0x46, 0x40,

    /* U+6C34 "水" */
    0x0, 0xf9, 0xb8, 0x3, 0xff, 0xb0, 0x20, 0x11,
    0x22, 0x61, 0x0, 0xe5, 0xe1, 0x0, 0x5d, 0xf4,
    0x0, 0xa8, 0x25, 0x48, 0x80, 0x27, 0xfe, 0x1d,
    0x0, 0x42, 0x5c, 0xb0, 0x7, 0x8c, 0x50, 0x5,
    0xae, 0xcc, 0x1, 0xf4, 0xb0, 0x5, 0x42, 0x1,
    0xf8, 0xd6, 0xc0, 0x21, 0xbb, 0x18, 0x7, 0xf,
    0x31, 0x0, 0x65, 0x6d, 0x30, 0x8, 0x74, 0x64,
    0x3, 0xd2, 0x99, 0x0, 0xc, 0xd, 0x0, 0xfd,
    0x50, 0xf0, 0x1f, 0x82, 0x6, 0x9e, 0x60, 0x19,
    0xf6, 0x0, 0x80, 0x24, 0xb7, 0xa0, 0xe, 0x20,
    0xf, 0x3f, 0xf3, 0x80, 0x7c,

    /* U+6CE2 "波" */
    0x0, 0xff, 0xe2, 0x96, 0xa8, 0x7, 0x1f, 0x0,
    0x78, 0xa6, 0x2c, 0x4, 0x66, 0x1, 0x18, 0x80,
    0x24, 0xd9, 0x3e, 0xea, 0x87, 0xba, 0xd5, 0x0,
    0xc4, 0x3, 0xfe, 0xc1, 0xff, 0x58, 0xa8, 0xe3,
    0x0, 0x7f, 0xb9, 0x80, 0x66, 0x30, 0x2, 0x11,
    0x30, 0x8, 0xba, 0x40, 0xb, 0xf4, 0xe, 0x3d,
    0xca, 0x1e, 0xe5, 0x90, 0x4, 0x2c, 0x2, 0x52,
    0x7f, 0xf5, 0x11, 0x80, 0x65, 0x33, 0x33, 0x9,
    0x40, 0x11, 0x40, 0x1d, 0xb, 0xc4, 0x17, 0x61,
    0x70, 0x70, 0xc, 0xa6, 0xc7, 0xc0, 0xaf, 0x91,
    0xc0, 0x1d, 0x12, 0x8, 0x80, 0x7, 0x10, 0x80,
    0x73, 0x1b, 0xb8, 0x8d, 0x32, 0x69, 0xf2, 0x48,
    0x1, 0xf2, 0x13, 0x15, 0x6b, 0xeb, 0x36, 0x5a,
    0xa1, 0x2e, 0x1e, 0xb7, 0xd2, 0x20, 0x4, 0xbd,
    0x50,

    /* U+6D45 "浅" */
    0x3, 0xb2, 0x0, 0xde, 0x8a, 0xe0, 0x1c, 0x79,
    0xac, 0x1, 0x8, 0x93, 0x2c, 0x40, 0x33, 0xe1,
    0x80, 0x46, 0x3, 0x78, 0x42, 0x1, 0x8d, 0x51,
    0xa0, 0xe3, 0x7e, 0x39, 0xc0, 0x68, 0xc0, 0x1b,
    0x80, 0x6f, 0xdc, 0xfd, 0x60, 0x1d, 0xc9, 0x9,
    0xa8, 0x50, 0x31, 0x1, 0x30, 0x3, 0xef, 0x81,
    0x1a, 0x9a, 0x5e, 0xff, 0x70, 0x40, 0x4, 0xc3,
    0xbd, 0xc1, 0x16, 0xf7, 0x32, 0xc4, 0x2, 0x82,
    0xfd, 0xba, 0x13, 0x3b, 0x40, 0x31, 0x38, 0x80,
    0x67, 0xf5, 0xd9, 0x60, 0xa, 0xd0, 0x80, 0x37,
    0xad, 0xe3, 0xc0, 0x81, 0x34, 0x0, 0x49, 0x72,
    0x28, 0x60, 0xa4, 0x10, 0x86, 0x15, 0xd4, 0x7d,
    0xab, 0x4a, 0x46, 0x19, 0x0, 0xc, 0xae, 0x81,
    0x3c, 0x6a, 0x80,

    /* U+6D78 "浸" */
    0x0, 0x10, 0x7, 0xff, 0x9, 0x76, 0x44, 0x37,
    0xbb, 0xde, 0x1, 0x2e, 0xac, 0x86, 0xf7, 0x76,
    0x0, 0x71, 0x64, 0x3, 0xf7, 0x76, 0x0, 0x61,
    0x0, 0xcf, 0xdd, 0xd8, 0x1, 0x17, 0x50, 0x80,
    0x37, 0xbb, 0xb0, 0x2, 0x2d, 0x1c, 0x0, 0x6f,
    0x77, 0xbc, 0x2, 0x2b, 0xc1, 0xfe, 0xef, 0xde,
    0x60, 0x10, 0x80, 0x3b, 0xbf, 0x8, 0x6, 0xa3,
    0x5a, 0xff, 0xf4, 0xb0, 0x80, 0x11, 0x4a, 0xa8,
    0x57, 0xfe, 0xd1, 0xa8, 0x20, 0x7, 0x30, 0x5,
    0xd4, 0x85, 0xf2, 0x60, 0x11, 0x2d, 0x80, 0x47,
    0x57, 0xb4, 0xe0, 0x1a, 0xd0, 0x80, 0x52, 0x6d,
    0x16, 0x64, 0x80, 0x17, 0xf8, 0x7, 0xa0, 0x76,
    0xeb, 0x6, 0x6c, 0x0, 0xc8, 0x3, 0xf9, 0x4,
    0x0, 0x28, 0xdb, 0x0,

    /* U+6DF1 "深" */
    0x3, 0x60, 0xf, 0xfe, 0x13, 0xc6, 0x16, 0xff,
    0xfe, 0x90, 0x2, 0x72, 0x80, 0x2f, 0xff, 0x77,
    0xb8, 0x7, 0x49, 0x33, 0x94, 0x1, 0xe8, 0xf0,
    0x80, 0x7a, 0xcf, 0xc0, 0x6, 0xba, 0xd0, 0x7,
    0xce, 0x0, 0x1c, 0x68, 0x0, 0x4b, 0xd8, 0x0,
    0xea, 0x96, 0x14, 0xd6, 0x10, 0x81, 0x4c, 0x60,
    0x4, 0xd8, 0xb, 0xa0, 0x2, 0x10, 0xe, 0x98,
    0x6, 0x30, 0xde, 0xe8, 0xe7, 0xba, 0x90, 0xd,
    0x83, 0xf9, 0x83, 0x0, 0x3e, 0x62, 0x0, 0x24,
    0x21, 0x22, 0x50, 0x9b, 0x30, 0x48, 0x40, 0x28,
    0x90, 0x2, 0xb6, 0x87, 0xcf, 0x8, 0x4, 0x84,
    0xe1, 0x17, 0x42, 0x0, 0x64, 0xf3, 0x0, 0x4c,
    0x82, 0x13, 0x10, 0x3, 0x4c, 0xb8, 0x1, 0x4e,
    0x11, 0x84, 0x1, 0xe7, 0xd0,

    /* U+7075 "灵" */
    0x0, 0x7f, 0xff, 0xc6, 0x1, 0xbb, 0xbf, 0xc2,
    0x1, 0xc2, 0x1, 0xff, 0xc3, 0x3d, 0xdf, 0xe1,
    0x0, 0xe3, 0xcc, 0xfe, 0x10, 0xe, 0xff, 0xff,
    0x8, 0x7, 0x7f, 0xf3, 0xd7, 0xfe, 0x30, 0xe,
    0x80, 0x9, 0x80, 0x33, 0x10, 0x6, 0x65, 0x0,
    0x8, 0xc0, 0x1, 0x91, 0x0, 0x86, 0x20, 0x0,
    0x60, 0xe0, 0x5, 0xa9, 0x80, 0x47, 0x2a, 0x0,
    0x96, 0x76, 0x2, 0xb0, 0xc, 0x4e, 0x3, 0x67,
    0x3d, 0x31, 0x1, 0x0, 0xe2, 0x7f, 0xc, 0x3,
    0xd5, 0xe7, 0x30, 0x1, 0xee, 0xb2, 0xac, 0x40,
    0x5, 0xb7, 0x98, 0xe0, 0x39, 0xfb, 0x40, 0xf,
    0x2d, 0xff, 0x80,

    /* U+70B9 "点" */
    0x0, 0xfa, 0x60, 0x3, 0xff, 0x86, 0xff, 0xfd,
    0x0, 0x1f, 0xcb, 0xbb, 0xd2, 0x1, 0xfc, 0x45,
    0xe1, 0x0, 0x8b, 0x33, 0x3b, 0x66, 0x63, 0x0,
    0xc2, 0x73, 0x35, 0xda, 0x66, 0x37, 0x0, 0xe1,
    0x55, 0xfc, 0x20, 0x1f, 0xfc, 0xa1, 0xcc, 0xfc,
    0x20, 0x1c, 0x55, 0x33, 0xfa, 0x94, 0x3, 0x1e,
    0xaa, 0x32, 0xa8, 0xd5, 0x5a, 0xa0, 0x1a, 0x8,
    0x13, 0x80, 0x10, 0x81, 0xf4, 0x20, 0x5, 0x54,
    0x3, 0x10, 0x1, 0xb8, 0x1c, 0xac, 0x1, 0x14,
    0x40, 0x24, 0x0, 0xb0, 0xb, 0xc4, 0x1, 0xaa,
    0x0, 0x2d, 0x0, 0x1d, 0x0, 0xe, 0xc0,

    /* U+70DF "烟" */
    0x0, 0xb9, 0x0, 0xff, 0xfe, 0xe0, 0xf, 0x8b,
    0xbb, 0xac, 0x3, 0xc4, 0xc0, 0x22, 0xd0, 0x16,
    0x0, 0x51, 0x0, 0x2f, 0x80, 0x22, 0x0, 0xe7,
    0x30, 0x17, 0xe0, 0x12, 0x2, 0x20, 0x80, 0xc,
    0x43, 0x1d, 0x82, 0xbc, 0x77, 0xec, 0x11, 0x40,
    0x1b, 0x0, 0xb, 0xc0, 0xed, 0xa0, 0x4a, 0x1,
    0x61, 0x0, 0x94, 0x20, 0x3, 0x9, 0x3, 0x0,
    0x6c, 0x85, 0x30, 0xc, 0xe1, 0x44, 0x0, 0x16,
    0x64, 0xf0, 0x80, 0x5e, 0xcc, 0xf7, 0xa, 0x91,
    0x46, 0xa0, 0x1, 0x2d, 0x40, 0x70, 0x73, 0x80,
    0x27, 0x40, 0x1c, 0xa6, 0x19, 0x25, 0x5f, 0xf6,
    0xd8, 0x13, 0xd0, 0x0, 0x40, 0xb7, 0x7a, 0xc0,
    0xac, 0x3, 0x1e, 0x91, 0x72, 0x70,

    /* U+70ED "热" */
    0x0, 0xff, 0xe3, 0xc4, 0x80, 0x6f, 0x20, 0xf,
    0x11, 0x4, 0xc8, 0x46, 0x6, 0x11, 0x0, 0x6c,
    0xd6, 0x5d, 0x8f, 0xe0, 0xbf, 0xe6, 0x0, 0xbb,
    0xdd, 0xbe, 0x7b, 0x81, 0xfc, 0x80, 0x1f, 0x8c,
    0xc0, 0x40, 0x18, 0xc0, 0x22, 0x65, 0x6d, 0x4e,
    0x83, 0x0, 0x8c, 0x0, 0x5b, 0xa1, 0x6e, 0x7c,
    0x52, 0x30, 0xe, 0x2f, 0xb4, 0x0, 0x84, 0x53,
    0xae, 0x42, 0x23, 0x0, 0xf1, 0xeb, 0xbb, 0xd3,
    0xb1, 0x24, 0x13, 0xdf, 0x3, 0xe6, 0x0, 0x4d,
    0x96, 0xbc, 0x13, 0x2d, 0x43, 0x5c, 0x8, 0x0,
    0xb5, 0xaa, 0x0, 0xfc, 0x7, 0xa0, 0x6, 0x98,
    0x1d, 0x0, 0x4c, 0x52, 0x6, 0xc0, 0x5, 0xa0,
    0x74, 0xe0, 0x18, 0xa1, 0x7, 0x10, 0x7, 0x98,
    0x2, 0xc8, 0xc7, 0x90, 0x0, 0x78, 0x0, 0x5a,
    0x0, 0xf, 0x18,

    /* U+71C3 "燃" */
    0x0, 0xff, 0xe3, 0x17, 0x0, 0x58, 0x80, 0x1,
    0xe6, 0x30, 0xf, 0x84, 0xfe, 0x90, 0x0, 0xb0,
    0x0, 0x20, 0x1, 0xd2, 0x22, 0x4, 0x40, 0x27,
    0x80, 0x9, 0x60, 0xaf, 0xed, 0x76, 0xbe, 0xf,
    0x85, 0x6, 0x60, 0xa0, 0xb2, 0x78, 0x76, 0x6,
    0x7a, 0x88, 0x80, 0x7a, 0xad, 0x4d, 0x41, 0x41,
    0x0, 0x5, 0x60, 0x66, 0xa6, 0xe7, 0xa0, 0xd6,
    0xb0, 0x1, 0xb8, 0x80, 0x10, 0xd, 0x88, 0xd6,
    0x44, 0xc0, 0x26, 0x31, 0x8, 0x79, 0x1e, 0x80,
    0xbf, 0x0, 0xb4, 0x29, 0x55, 0xe1, 0xaa, 0xc0,
    0xcd, 0x0, 0x12, 0x98, 0xe0, 0x1, 0xd0, 0x20,
    0xf6, 0xc0, 0x46, 0x9c, 0xf0, 0x31, 0x47, 0x81,
    0x8c, 0x0, 0xe7, 0x3, 0x71, 0x3d, 0x23, 0x3,
    0x98, 0x13, 0x18, 0x1, 0x8e, 0x1, 0x10, 0x22,
    0x92, 0x39, 0xe8, 0x0, 0x7c, 0x81, 0x2c, 0x25,
    0x82, 0x98,

    /* U+7248 "版" */
    0x2, 0xe0, 0x2e, 0x0, 0x2b, 0x3c, 0xde, 0xe0,
    0x80, 0x7c, 0x35, 0xe1, 0x9f, 0x98, 0x10, 0xf,
    0xe9, 0x75, 0x41, 0x0, 0xc2, 0x4e, 0x4, 0x60,
    0x1f, 0xf6, 0x58, 0x63, 0x7, 0xff, 0x70, 0x4,
    0x3d, 0xd9, 0x41, 0x9f, 0x75, 0xa, 0x1, 0xf8,
    0xc3, 0x4c, 0x89, 0xc6, 0x0, 0x11, 0x6e, 0xc8,
    0x22, 0x45, 0x0, 0x3e, 0x0, 0x1c, 0x7b, 0x82,
    0xe, 0x60, 0x8e, 0xa6, 0x80, 0x1, 0x53, 0x33,
    0x80, 0x4, 0x26, 0x51, 0x60, 0x11, 0x10, 0x3,
    0x1b, 0x81, 0x91, 0xb0, 0x5, 0x9e, 0x1, 0xb3,
    0x0, 0xc6, 0x2c, 0x0, 0x14, 0x70, 0x8, 0x90,
    0xe6, 0x57, 0x69, 0x90, 0x1a, 0x88, 0x5, 0xca,
    0xb, 0xa8, 0x8c, 0x43, 0x2a, 0x0, 0xae, 0x29,
    0x30, 0x80, 0x7, 0xa6,

    /* U+7406 "理" */
    0x1f, 0xfd, 0xc9, 0xff, 0xf7, 0x0, 0xf5, 0xf,
    0x78, 0x1f, 0xf8, 0xaf, 0xec, 0x2, 0x11, 0x18,
    0x88, 0x3, 0x9c, 0x1c, 0x3, 0xf8, 0xf7, 0x45,
    0xbb, 0x0, 0x7f, 0x1f, 0xf8, 0xaf, 0xec, 0x0,
    0x3f, 0x65, 0xee, 0x0, 0x22, 0x3, 0x13, 0x0,
    0x7, 0x64, 0x75, 0x80, 0xf3, 0x5, 0xd9, 0xc0,
    0x11, 0x10, 0xc8, 0x57, 0x3f, 0xc1, 0x5f, 0xda,
    0x1, 0xf0, 0x99, 0xc2, 0x67, 0x80, 0x3c, 0x8d,
    0xbb, 0xd, 0x6e, 0xc2, 0x0, 0x32, 0xfa, 0x7e,
    0xe8, 0x27, 0xba, 0x13, 0xe8, 0x29, 0xf1, 0x33,
    0x84, 0xcf, 0x0, 0xbe, 0x6b, 0x0, 0x8e, 0x2,
    0x11, 0xc5, 0x26, 0x0, 0xfe, 0xec, 0x33, 0xdd,
    0x58,

    /* U+7528 "用" */
    0x0, 0x67, 0xff, 0xfc, 0x1, 0x46, 0xec, 0x33,
    0xbb, 0x50, 0x6, 0x12, 0x28, 0x8, 0xb3, 0x0,
    0x7f, 0xf1, 0xa3, 0x32, 0x19, 0xcc, 0xb8, 0x3,
    0x3c, 0xcc, 0xb, 0x33, 0x50, 0x6, 0xf5, 0x58,
    0x71, 0x56, 0x40, 0x8, 0x8c, 0x3, 0xff, 0x80,
    0x35, 0xff, 0xd, 0xff, 0xd8, 0x1, 0xaf, 0x76,
    0x19, 0xdd, 0xa8, 0x0, 0x82, 0x84, 0x50, 0x11,
    0x66, 0x0, 0x6a, 0x0, 0x7f, 0xc4, 0xd2, 0x1,
    0xf1, 0x11, 0x85, 0x18, 0xc0, 0x3e, 0xdd, 0x5b,
    0x32, 0x40, 0x3b, 0x90, 0x3f, 0xdd, 0x0,

    /* U+754C "界" */
    0x0, 0x27, 0xff, 0xfa, 0x0, 0x38, 0x7f, 0xe8,
    0x5f, 0xf9, 0x0, 0x3f, 0xf9, 0x43, 0xdd, 0x42,
    0xf7, 0x48, 0x1, 0xe1, 0xee, 0xa1, 0x7b, 0xa4,
    0x0, 0xf0, 0xa2, 0x5c, 0xc8, 0x93, 0x80, 0x73,
    0xa7, 0xc5, 0xab, 0xdd, 0x7b, 0xf0, 0x6, 0x3b,
    0xd2, 0x7c, 0xbd, 0x22, 0x5b, 0x0, 0x42, 0xf9,
    0x65, 0x80, 0x2, 0x52, 0xe9, 0x40, 0x5, 0x5c,
    0xe8, 0x90, 0x4, 0xff, 0x81, 0x22, 0x17, 0x8a,
    0x4, 0x40, 0xe, 0x29, 0xd1, 0x0, 0xd0, 0x8,
    0x1, 0xff, 0xc, 0xbd, 0x80, 0x7f, 0xf0, 0x21,
    0x71, 0x0, 0x3f, 0xf8, 0x13, 0x86, 0x1, 0xdc,
    0x80, 0x18,

    /* U+76D8 "盘" */
    0x0, 0xf8, 0x8c, 0x3, 0xff, 0x85, 0x32, 0x0,
    0xff, 0x37, 0xf7, 0x15, 0x3b, 0xaf, 0x40, 0xf,
    0x1f, 0x61, 0x57, 0x74, 0x20, 0x1f, 0xc5, 0xd0,
    0x80, 0x1f, 0x7f, 0xa4, 0xff, 0xda, 0x77, 0xfe,
    0x1b, 0xf7, 0xe, 0xe1, 0xbf, 0x64, 0xf7, 0x60,
    0xae, 0x70, 0x12, 0x3a, 0x11, 0x55, 0x0, 0x47,
    0x80, 0x5, 0xaa, 0x40, 0x58, 0x6b, 0x14, 0x2e,
    0x1, 0xa, 0xd8, 0x6, 0x84, 0xd2, 0xa3, 0x0,
    0x8f, 0xfb, 0xaf, 0xee, 0x7d, 0x35, 0x50, 0x3,
    0x8b, 0xb8, 0x1f, 0xc9, 0x5d, 0x0, 0x1f, 0xfc,
    0xe3, 0x7, 0x30, 0xf1, 0x0, 0xf, 0xd9, 0x7f,
    0x83, 0x7c, 0xe7, 0xdd, 0x3d, 0xc0,

    /* U+76F8 "相" */
    0x0, 0xa2, 0x80, 0xb, 0xff, 0xee, 0x0, 0xfc,
    0x5b, 0xba, 0x40, 0xa, 0xa3, 0x65, 0x50, 0x9,
    0x17, 0x0, 0xdd, 0x90, 0xee, 0x0, 0x3f, 0xf,
    0x70, 0x57, 0xb4, 0xf, 0xbb, 0x50, 0x4, 0x62,
    0xc0, 0x11, 0x6e, 0xe8, 0x0, 0xa8, 0x4e, 0x80,
    0x2, 0x67, 0x88, 0x2, 0x77, 0x2b, 0x38, 0x7,
    0xf3, 0xb8, 0x43, 0xb4, 0xf, 0xff, 0x58, 0x14,
    0xd8, 0x0, 0xa8, 0xb, 0x77, 0x48, 0x33, 0x8,
    0x3, 0x84, 0x8b, 0x81, 0x20, 0x3, 0xff, 0x92,
    0x7f, 0xfa, 0xc0, 0x3f, 0x8b, 0x77, 0x48, 0x0,

    /* U+7720 "眠" */
    0xef, 0xf8, 0xcd, 0xff, 0xf2, 0x0, 0x2f, 0x84,
    0x0, 0x3d, 0xdc, 0x20, 0x13, 0x89, 0x80, 0x42,
    0x3c, 0x1, 0x9c, 0x4c, 0x0, 0x2a, 0xbc, 0x20,
    0x15, 0xf0, 0x80, 0x53, 0x2a, 0xb9, 0x37, 0x0,
    0x67, 0x90, 0x0, 0x73, 0x9, 0x19, 0x83, 0x0,
    0xff, 0x8, 0x80, 0x3b, 0x3c, 0x80, 0x3, 0xfe,
    0x58, 0xff, 0x90, 0x2f, 0x84, 0x0, 0x3b, 0xa9,
    0x4d, 0xd9, 0x1, 0xc4, 0xc0, 0x22, 0x23, 0xb1,
    0x14, 0x0, 0x53, 0x30, 0x7, 0x9, 0x88, 0x6,
    0x8e, 0x30, 0xf, 0x33, 0x2, 0xd2, 0x7f, 0x74,
    0x68, 0x37, 0xba, 0xa9, 0x54, 0x17, 0x10, 0x0,
    0xc9, 0x12, 0x30, 0xae, 0x9, 0x40, 0x30, 0xf6,
    0xca, 0x88, 0x2e, 0xe8, 0x0,

    /* U+7801 "码" */
    0x0, 0xff, 0xe2, 0x17, 0xff, 0x27, 0x7f, 0xf5,
    0x0, 0xb, 0xa4, 0xbb, 0x89, 0xfd, 0xd9, 0x4c,
    0x2, 0x1f, 0x41, 0x10, 0x1d, 0x88, 0xc1, 0xc0,
    0x19, 0x30, 0x2, 0x17, 0x0, 0x98, 0x40, 0x21,
    0x24, 0x0, 0x98, 0x40, 0x21, 0x20, 0x9, 0xc2,
    0x26, 0x0, 0xdc, 0x2, 0x27, 0x0, 0xac, 0x0,
    0x4a, 0x1c, 0x6, 0x70, 0x39, 0x82, 0x90, 0xcc,
    0x0, 0x4d, 0xdd, 0x14, 0xe0, 0x33, 0x0, 0x3a,
    0x37, 0x7a, 0x48, 0xe, 0xc0, 0x30, 0xa2, 0x71,
    0x90, 0x80, 0x7c, 0xbf, 0xfc, 0x9c, 0xa0, 0x10,
    0xfe, 0x2, 0x5d, 0xf3, 0x9f, 0x0, 0x43, 0xdc,
    0xc0, 0xc, 0x22, 0x34, 0x40, 0x6, 0x11, 0x80,
    0x33, 0x76, 0x31, 0x80, 0xb, 0x80, 0x3e, 0x7f,
    0xf4, 0x80, 0x0,

    /* U+78C1 "磁" */
    0x0, 0xf9, 0x1c, 0x2, 0x59, 0x0, 0xf, 0xfe,
    0xa0, 0x68, 0x20, 0x4, 0xf0, 0x0, 0x7e, 0x1b,
    0xe8, 0x9, 0x68, 0x8, 0xdc, 0x3, 0x6f, 0x80,
    0x33, 0xe, 0x99, 0xe3, 0x98, 0x60, 0x3, 0x28,
    0x2, 0x2e, 0xa2, 0x12, 0x93, 0x8, 0x0, 0x33,
    0x0, 0x13, 0xbd, 0x10, 0xc8, 0xa8, 0x40, 0x61,
    0xfe, 0x60, 0x79, 0x52, 0x56, 0x9, 0x0, 0x58,
    0xfb, 0x8b, 0x30, 0x6c, 0x6a, 0x55, 0x0, 0xc,
    0x1, 0x74, 0x9e, 0x2a, 0x1d, 0x5d, 0x80, 0xd0,
    0x2, 0xe7, 0xe2, 0x84, 0x8c, 0x6, 0x3, 0xb0,
    0xd, 0x0, 0xa6, 0x66, 0xe9, 0x10, 0x0, 0x80,
    0x74, 0xfd, 0x80, 0xaa, 0xa8, 0x2, 0x1e, 0x70,
    0x5b, 0x56, 0x8, 0x90, 0x61, 0x0, 0xf, 0x7a,
    0xdc, 0x71, 0x3b, 0x56, 0x92, 0x0, 0x73, 0x14,
    0x63, 0xda, 0xce, 0xd6, 0x0, 0x38, 0x0, 0x98,
    0xe7, 0x5d, 0x4c, 0x49, 0x40,

    /* U+793A "示" */
    0x0, 0x11, 0x9f, 0xf8, 0x80, 0x35, 0xe6, 0x7f,
    0xa0, 0x3, 0x4f, 0xff, 0xfa, 0x80, 0x3f, 0xf8,
    0xe6, 0x7f, 0xfc, 0x20, 0x6, 0x67, 0xff, 0x8,
    0x1, 0xff, 0xe6, 0x5f, 0xff, 0x0, 0x63, 0x50,
    0xf, 0x29, 0x0, 0x7b, 0xb4, 0x3, 0xdf, 0xc0,
    0x1c, 0xc7, 0x20, 0x1e, 0xa2, 0x80, 0x8, 0xe6,
    0x4, 0x3, 0xea, 0x72, 0x2, 0xd7, 0x60, 0xf,
    0xc8, 0x70, 0x5, 0x70, 0x2, 0x66, 0x50, 0xe,
    0xfe, 0x0, 0x28, 0x0, 0xb3, 0x3, 0xc0, 0x18,
    0xd0, 0x0,

    /* U+79BB "离" */
    0x0, 0xf3, 0x0, 0x7f, 0xf0, 0xa9, 0xc0, 0x3e,
    0xff, 0xf1, 0xc7, 0xff, 0x83, 0xb6, 0x7a, 0x2f,
    0xb9, 0x51, 0xd3, 0x9c, 0x2, 0x28, 0x15, 0xea,
    0xbf, 0x61, 0xb7, 0x10, 0xe, 0x13, 0x3, 0x65,
    0x0, 0xfc, 0x33, 0x57, 0x3d, 0xa0, 0x1f, 0xf,
    0x2e, 0x7f, 0xb5, 0xbc, 0x80, 0x31, 0xff, 0xe2,
    0x8f, 0xfc, 0x80, 0x4, 0xff, 0xe2, 0x8f, 0xfe,
    0x40, 0x0, 0xf7, 0x30, 0x2f, 0xa2, 0xfb, 0x84,
    0x1, 0x84, 0x5f, 0x8, 0x0, 0x90, 0x10, 0xf,
    0x41, 0xcf, 0xe6, 0x6, 0xc0, 0x3e, 0x9c, 0xef,
    0xdb, 0xc8, 0x3, 0x0, 0xe1, 0x30, 0xe, 0xce,
    0x25, 0x0,

    /* U+7A97 "窗" */
    0x0, 0xe1, 0x50, 0xf, 0xfe, 0xd, 0x28, 0x7,
    0xbb, 0xff, 0x70, 0x57, 0xff, 0x40, 0x5f, 0xf9,
    0xf3, 0xfd, 0x35, 0xfe, 0x40, 0x97, 0x6e, 0x2,
    0x0, 0x2f, 0xf3, 0xed, 0x86, 0xf6, 0x45, 0x48,
    0x1d, 0x7f, 0x40, 0x3c, 0x1c, 0xe2, 0x2d, 0xdd,
    0x45, 0x66, 0x1c, 0x13, 0xd1, 0xd3, 0x39, 0x40,
    0x30, 0x93, 0xd0, 0x4, 0x64, 0x1, 0xe2, 0xb7,
    0x88, 0x76, 0x0, 0x7c, 0xb0, 0x3d, 0x63, 0xc0,
    0x1f, 0x3b, 0x4c, 0x72, 0x18, 0x7, 0xc2, 0xb2,
    0xf4, 0xb4, 0x1, 0xf2, 0x64, 0x5a, 0xe7, 0x0,
    0x79, 0x6d, 0xf7, 0xba, 0xae, 0x10, 0x0,

    /* U+7BA1 "管" */
    0x0, 0x9, 0x80, 0x71, 0x10, 0x3, 0xe9, 0x80,
    0xe, 0x8b, 0x0, 0xf9, 0x97, 0xfb, 0x74, 0x4a,
    0xff, 0xee, 0xe2, 0x5, 0x2f, 0x49, 0x6e, 0xa5,
    0xba, 0x8f, 0xb8, 0x80, 0x54, 0xd, 0x41, 0x3,
    0x20, 0xb4, 0x20, 0x15, 0xff, 0x72, 0x39, 0xd7,
    0xba, 0x8f, 0xd0, 0xd, 0xdd, 0xbf, 0xdd, 0xda,
    0xcc, 0x0, 0x28, 0xff, 0xdd, 0xef, 0xe6, 0x40,
    0x1, 0x50, 0x27, 0x77, 0xb0, 0xe, 0x80, 0x39,
    0x33, 0x3d, 0xc0, 0x1f, 0x8f, 0x33, 0xdb, 0xc0,
    0x1f, 0x1f, 0x77, 0xeb, 0x0, 0xf1, 0xf7, 0x7d,
    0x2e, 0x1, 0xe7, 0x0, 0xf8, 0x40, 0x3e, 0x4e,
    0xef, 0xa5, 0xc0, 0x0,

    /* U+7CFB "系" */
    0x0, 0xff, 0x8c, 0x3, 0x9, 0x1a, 0xb3, 0xcd,
    0xef, 0xeb, 0x80, 0x5f, 0x9d, 0x31, 0x1, 0xee,
    0xce, 0x1, 0x77, 0x36, 0x4f, 0x61, 0x49, 0xc0,
    0x3e, 0x8e, 0xc2, 0x5, 0xff, 0x0, 0x70, 0xf3,
    0xbb, 0x75, 0xd7, 0x52, 0x1, 0xc3, 0x35, 0xa,
    0x49, 0xe9, 0x22, 0x1, 0xce, 0x30, 0xb9, 0x42,
    0x1d, 0x82, 0x1, 0x2d, 0xd8, 0x12, 0xa9, 0x79,
    0x45, 0x80, 0x14, 0x3a, 0xab, 0xc1, 0x7f, 0xd9,
    0xed, 0x40, 0xd, 0xcf, 0xc7, 0xd1, 0x40, 0x90,
    0xa8, 0x0, 0x96, 0x84, 0x3, 0x12, 0x60, 0x10,
    0x1, 0xea, 0x88, 0x1, 0x87, 0x1b, 0x8, 0x16,
    0x6d, 0x44, 0x8c, 0x3, 0x53, 0xf8, 0x2f, 0x20,
    0x36, 0xcb, 0x0, 0x6a, 0xc0,

    /* U+7D27 "紧" */
    0x0, 0xff, 0xe1, 0x97, 0x1, 0xe8, 0x6f, 0xff,
    0x84, 0x3, 0xed, 0x47, 0xfe, 0x57, 0x10, 0xf,
    0xd4, 0xad, 0x3, 0x0, 0x1f, 0xc6, 0xf2, 0xf2,
    0x1, 0x94, 0x2, 0x4d, 0xd0, 0x59, 0x6e, 0x40,
    0x15, 0x80, 0xa, 0xdb, 0x69, 0x32, 0x8, 0xc0,
    0x32, 0x3, 0xd9, 0x24, 0x3, 0xf5, 0x0, 0x5b,
    0x4, 0x4a, 0xd9, 0xe1, 0x0, 0x8, 0x5, 0x12,
    0xca, 0xd1, 0xad, 0xb2, 0x1, 0xc, 0x4c, 0x91,
    0xd, 0xd7, 0x82, 0xda, 0x20, 0x26, 0xaf, 0x1c,
    0x49, 0x1d, 0x9f, 0x4c, 0x0, 0xbb, 0x26, 0xae,
    0x9, 0xa6, 0x2b, 0xb8, 0xa, 0x76, 0xe8, 0x4,
    0x0, 0xd3, 0x16, 0x20, 0x87, 0xce, 0x7f, 0x4e,
    0x0, 0x4d, 0x27, 0x0,

    /* U+7EA2 "红" */
    0x0, 0x88, 0x80, 0x1f, 0xfc, 0x2e, 0x80, 0xf,
    0xfe, 0x9, 0x9a, 0x1, 0xbf, 0xfe, 0xb0, 0xa,
    0x18, 0x81, 0xf3, 0x20, 0x8c, 0xc4, 0x0, 0x15,
    0x52, 0x3a, 0x67, 0x80, 0x8c, 0xe0, 0x2b, 0x64,
    0xa6, 0x20, 0xf, 0xea, 0x15, 0xa5, 0xa0, 0xf,
    0xf4, 0x7f, 0x86, 0x84, 0x3, 0xfe, 0x1f, 0x84,
    0x0, 0xff, 0x8b, 0xf, 0x73, 0x88, 0x3, 0xf9,
    0xc1, 0x36, 0x30, 0x80, 0x3f, 0x97, 0x69, 0xd0,
    0x80, 0x3f, 0xf8, 0x6, 0xf5, 0xa2, 0x1, 0xfc,
    0xff, 0x96, 0x51, 0x7f, 0xf0, 0x57, 0xfc, 0x2b,
    0x9f, 0x90, 0xb1, 0x99, 0xf8, 0x40,

    /* U+7EA7 "级" */
    0x0, 0xff, 0xe3, 0xc4, 0x0, 0x3f, 0xf8, 0x4d,
    0xa1, 0x3f, 0xfe, 0x50, 0xc, 0xa0, 0xa1, 0x1c,
    0x53, 0xd6, 0x8, 0x1, 0xa6, 0x40, 0x62, 0x23,
    0x21, 0x22, 0x8, 0x4, 0xa2, 0xe7, 0x82, 0x2,
    0xe1, 0x88, 0x1, 0xd, 0xd2, 0x7b, 0x88, 0x6,
    0x4c, 0x0, 0x90, 0x66, 0x86, 0x0, 0x41, 0x8,
    0x6b, 0xe8, 0x17, 0xbc, 0x38, 0x0, 0xa1, 0x45,
    0xfe, 0x3c, 0x0, 0xd, 0x48, 0xb0, 0x11, 0x46,
    0x2, 0x6e, 0x0, 0xa4, 0x9c, 0xf0, 0xf4, 0x8f,
    0x9, 0x41, 0x3, 0x47, 0xde, 0x90, 0x4c, 0x72,
    0x77, 0x40, 0x0, 0xfa, 0xc, 0xd2, 0xa4, 0x81,
    0x70, 0xc6, 0x1, 0x14, 0x6e, 0x87, 0xcc, 0x43,
    0x81, 0x8, 0x0, 0x7a, 0x71, 0xd4, 0xb0, 0x78,
    0xfc, 0xf8, 0x80, 0x7d, 0x6a, 0x14, 0x6f, 0x8b,
    0x83, 0x4d, 0x66, 0x2, 0x1, 0x46, 0x9f, 0x48,
    0x5, 0x1c, 0x60,

    /* U+7EB9 "纹" */
    0x0, 0x84, 0x3, 0x84, 0x3, 0xfa, 0xa0, 0x3,
    0x45, 0x0, 0x7c, 0x49, 0x40, 0x1a, 0x11, 0x0,
    0x1e, 0xb5, 0x20, 0x22, 0x8d, 0xf4, 0x8a, 0x0,
    0x13, 0xd8, 0xae, 0x6e, 0xcc, 0xcd, 0xd9, 0x2,
    0x64, 0x31, 0xfd, 0xb, 0xff, 0x3a, 0x7a, 0x25,
    0x1e, 0xf6, 0x8, 0x80, 0x9, 0x30, 0x0, 0x99,
    0xc5, 0x62, 0x6, 0x6, 0x0, 0x34, 0x0, 0x8e,
    0x11, 0x40, 0x24, 0xa0, 0x51, 0x30, 0x9, 0xd8,
    0x6f, 0x0, 0x10, 0xc3, 0x32, 0x0, 0x8e, 0xc,
    0x7b, 0x80, 0x2, 0x5c, 0x27, 0x0, 0x8f, 0xb2,
    0x54, 0x80, 0x2e, 0x27, 0x0, 0xe1, 0x37, 0xbf,
    0x10, 0x5b, 0x46, 0x70, 0x8, 0xbf, 0x75, 0xdc,
    0x2a, 0xa4, 0xdd, 0xa2, 0xd0, 0xb, 0x7a, 0x96,
    0x70, 0xf5, 0x81, 0x38, 0xad, 0x0, 0x80, 0x28,
    0xe9, 0x20, 0x8, 0x67, 0x90,

    /* U+7EBF "线" */
    0x0, 0xa1, 0x40, 0x36, 0xab, 0xa8, 0x7, 0xb,
    0x88, 0x7, 0x97, 0xac, 0x3, 0x32, 0x20, 0x3,
    0x8, 0x14, 0xe8, 0x80, 0x6, 0x60, 0x60, 0x5a,
    0x4a, 0xff, 0x34, 0x80, 0x16, 0xc7, 0x6, 0x1f,
    0xc4, 0xdf, 0xd6, 0x60, 0xaa, 0x7f, 0x7a, 0x19,
    0x75, 0x10, 0x25, 0x50, 0x2e, 0x70, 0xd8, 0x89,
    0x19, 0x5b, 0xf3, 0x88, 0x0, 0x74, 0xca, 0xd,
    0x1e, 0xa3, 0xdc, 0xa3, 0x0, 0x52, 0x16, 0x6b,
    0xe4, 0xc0, 0x80, 0x33, 0x0, 0x48, 0xb9, 0xfa,
    0x1, 0x9, 0x3e, 0x3c, 0x1, 0x75, 0x31, 0xa0,
    0x6, 0x69, 0x4a, 0x0, 0x92, 0x33, 0xfc, 0x0,
    0x3c, 0x50, 0xa0, 0x70, 0x39, 0x18, 0xfb, 0x7d,
    0xea, 0xe5, 0xe5, 0x90, 0x3d, 0x94, 0x0, 0xa3,
    0x58, 0x2d, 0xe9, 0xc0,

    /* U+7EDC "络" */
    0x0, 0x84, 0x80, 0x34, 0x10, 0x7, 0xe9, 0xf0,
    0x9, 0x18, 0x80, 0x3f, 0x34, 0x0, 0x52, 0x3f,
    0xfa, 0x0, 0x27, 0x35, 0x0, 0x49, 0x56, 0xea,
    0xc2, 0x80, 0x3, 0x3c, 0x1b, 0x4c, 0xf2, 0x44,
    0x87, 0x20, 0x5, 0x13, 0x50, 0xfd, 0xc2, 0xde,
    0x34, 0x0, 0x4a, 0x10, 0xbc, 0xa8, 0x18, 0x87,
    0x20, 0x1b, 0xb0, 0x28, 0x81, 0x72, 0xea, 0x76,
    0x90, 0x2, 0xb4, 0x75, 0xa8, 0xbe, 0x56, 0xfd,
    0xa3, 0xa, 0x46, 0xce, 0xb8, 0x87, 0xfd, 0xd1,
    0x46, 0x0, 0x8d, 0xeb, 0x10, 0x2e, 0xec, 0x20,
    0x15, 0x39, 0x2, 0x10, 0x8, 0xf1, 0x80, 0x44,
    0xf7, 0xf2, 0xc0, 0x1f, 0xed, 0xbc, 0xdd, 0x20,
    0x1f, 0xfe, 0x20, 0xb, 0xf1, 0xc8, 0x2, 0x2e,
    0xec, 0x40, 0x0,

    /* U+7EDF "统" */
    0x0, 0x8c, 0x40, 0x31, 0x20, 0x7, 0xef, 0xb0,
    0xc, 0xd6, 0x1, 0xf1, 0x9a, 0x0, 0x46, 0x62,
    0x51, 0x18, 0x2, 0x85, 0x20, 0x9e, 0xe6, 0x95,
    0x77, 0x42, 0x8, 0xb6, 0x7b, 0x1f, 0xa1, 0x5f,
    0xbf, 0xe1, 0x15, 0x32, 0xfa, 0x0, 0x39, 0x94,
    0x31, 0x0, 0xe, 0x2f, 0x65, 0x21, 0x43, 0x22,
    0x4d, 0x42, 0xd, 0xda, 0x14, 0x16, 0xa5, 0xfd,
    0xe6, 0x68, 0x0, 0xf, 0xc2, 0x4, 0x5a, 0xef,
    0xac, 0xf8, 0x0, 0x6c, 0xb3, 0xb0, 0xd1, 0x40,
    0xc, 0xc2, 0x90, 0x55, 0xb7, 0x58, 0x2, 0x6,
    0x1, 0xe4, 0xea, 0x63, 0x20, 0x41, 0x10, 0x6,
    0x10, 0x0, 0xac, 0xf7, 0x2, 0x5c, 0x3, 0xb4,
    0x93, 0xa0, 0x77, 0x52, 0x50, 0x1, 0x8, 0x11,
    0xae, 0xea, 0xe, 0x97, 0x44, 0x0, 0x95, 0xea,
    0x22, 0x20, 0xa, 0xb0, 0xc0, 0x2a, 0xff, 0x58,
    0x0,

    /* U+7F29 "缩" */
    0x0, 0x88, 0x40, 0x31, 0x20, 0x7, 0xee, 0x60,
    0xc, 0x36, 0x20, 0x1e, 0x23, 0x61, 0xff, 0xb0,
    0x3b, 0xfe, 0x30, 0x5, 0xb0, 0x80, 0x3b, 0xff,
    0xc0, 0x10, 0xbc, 0x34, 0xab, 0x28, 0x7, 0x41,
    0x5, 0xc9, 0xc5, 0xd4, 0x97, 0xff, 0x48, 0x9a,
    0xc6, 0xa1, 0xa0, 0x3f, 0xf8, 0x37, 0xf8, 0xe,
    0xf0, 0x6c, 0x21, 0x40, 0xd4, 0x18, 0xc8, 0x0,
    0x91, 0x1, 0x63, 0x0, 0x64, 0xa7, 0xf4, 0x80,
    0x25, 0x33, 0x1a, 0xe0, 0x16, 0x5d, 0xa0, 0x0,
    0x2a, 0xf3, 0x97, 0x80, 0x16, 0x5d, 0xa0, 0x0,
    0x39, 0x6, 0x8c, 0x1, 0xbe, 0x21, 0x40, 0x19,
    0xb6, 0xf8, 0x3, 0x19, 0xc4, 0x0, 0x2e, 0x94,
    0xd8, 0x0, 0xff, 0x1b, 0x74, 0x90, 0x7, 0x7f,
    0xd4, 0x0, 0x18, 0x10, 0x9, 0x2c, 0x3f, 0xfa,
    0xc0,

    /* U+7F51 "网" */
    0x5f, 0xff, 0xfe, 0x7, 0x1, 0x6e, 0xff, 0xa4,
    0x2, 0x22, 0x99, 0x48, 0xaa, 0x2, 0x0, 0x8c,
    0xc1, 0xbe, 0xa0, 0x7, 0x0, 0xe7, 0xd1, 0x5c,
    0xfa, 0x31, 0x20, 0xc, 0x8d, 0xa6, 0xb4, 0xf0,
    0x80, 0x1e, 0x80, 0x21, 0xe, 0x4d, 0x0, 0xf9,
    0x88, 0x80, 0x41, 0x80, 0x1e, 0x25, 0x7e, 0x9,
    0x45, 0x50, 0x7, 0x43, 0x40, 0x1b, 0x44, 0x40,
    0x19, 0x92, 0x3, 0x3d, 0xd, 0xa0, 0x3, 0x65,
    0x8, 0x18, 0xd0, 0x1, 0x40, 0x35, 0x20, 0x0,
    0xf4, 0x0, 0x44, 0x30, 0xf, 0xfb, 0xf6, 0x64,

    /* U+7F6E "置" */
    0x2, 0xfd, 0xd7, 0x7e, 0xeb, 0xfb, 0x75, 0xea,
    0x1, 0xb7, 0x50, 0xbb, 0xa5, 0x8d, 0xd1, 0x0,
    0x76, 0x5d, 0x92, 0xec, 0x97, 0x71, 0x0, 0x45,
    0xbd, 0x3f, 0x8d, 0x98, 0xf9, 0x96, 0xa8, 0x3,
    0x3f, 0xf8, 0xa7, 0xff, 0xa8, 0x1, 0xdf, 0xfb,
    0x83, 0x7f, 0xfa, 0xc0, 0x4, 0x4e, 0xfe, 0xe0,
    0x7f, 0x73, 0xf8, 0x84, 0x3, 0x1f, 0xe6, 0xfe,
    0x65, 0xc4, 0x1, 0xf7, 0x5d, 0xfb, 0xc0, 0x3f,
    0x26, 0xef, 0x90, 0x3, 0xf7, 0x11, 0x7b, 0xc0,
    0x3f, 0x57, 0xff, 0xac, 0x3, 0xf7, 0x5d, 0xfb,
    0xc0, 0x30, 0xf7, 0x3, 0x3b, 0xbd, 0xa3, 0xdc,
    0x10,

    /* U+8054 "联" */
    0x0, 0xfc, 0x60, 0x10, 0x98, 0x0, 0x7f, 0xfb,
    0x83, 0x54, 0x1, 0x3c, 0x0, 0x1b, 0x2e, 0xe1,
    0x50, 0x5d, 0x80, 0xd, 0x20, 0x13, 0x80, 0x88,
    0x1c, 0x15, 0x6, 0x15, 0x0, 0x31, 0x91, 0x0,
    0x17, 0xeb, 0xce, 0x9f, 0x20, 0x10, 0xff, 0x88,
    0x27, 0x30, 0x31, 0x98, 0xb0, 0x8, 0xb7, 0x44,
    0x4, 0x66, 0x3, 0x38, 0x80, 0x30, 0x88, 0x0,
    0x23, 0x0, 0x8e, 0x0, 0x8b, 0xfc, 0x41, 0xdd,
    0xd, 0x77, 0x46, 0x0, 0x2e, 0xe1, 0x7, 0xfb,
    0x42, 0x3f, 0xe3, 0x0, 0xf3, 0x8, 0x20, 0x50,
    0x7, 0x59, 0x56, 0x15, 0xa8, 0x5d, 0xb, 0x80,
    0x42, 0x6d, 0x9e, 0x5a, 0x92, 0x2b, 0xd0, 0x80,
    0x1, 0xb9, 0x63, 0x0, 0x43, 0xf0, 0x15, 0x5b,
    0x80, 0x7d, 0x6b, 0x84, 0x0, 0x5d, 0xb1, 0x0,
    0xed, 0x8d, 0x20, 0xc, 0x58, 0x20,

    /* U+8138 "脸" */
    0x0, 0xfe, 0x2a, 0x0, 0xf5, 0xff, 0xc6, 0x1,
    0x42, 0x90, 0x7, 0xa7, 0x88, 0x2, 0x54, 0x8e,
    0x0, 0xf1, 0x88, 0x4, 0x55, 0x6e, 0xb6, 0x1,
    0xfc, 0x58, 0xca, 0x12, 0xf6, 0x1, 0xaf, 0x4a,
    0xf4, 0xf5, 0x12, 0x80, 0xc2, 0x0, 0x3c, 0xb,
    0x3d, 0xc4, 0x6f, 0xb6, 0x0, 0xb1, 0x4f, 0x61,
    0xb3, 0x1b, 0x96, 0x14, 0x40, 0xe6, 0x26, 0xa,
    0xe0, 0x94, 0x0, 0xb6, 0x0, 0xc, 0xf0, 0x83,
    0xc8, 0x2a, 0x80, 0x51, 0xc0, 0x2d, 0xf2, 0x2,
    0x33, 0x8, 0xb, 0xa8, 0x80, 0x8, 0x80, 0x19,
    0xd0, 0x14, 0xee, 0x40, 0x2, 0x20, 0xe, 0x95,
    0xb, 0x11, 0x18, 0x1, 0x10, 0x2, 0x60, 0x24,
    0x62, 0x28, 0x91, 0x10, 0x7f, 0x87, 0x8d, 0x3b,
    0xb9, 0x2b, 0xb8, 0x34, 0xa3, 0xfa, 0xff, 0xff,
    0xc2,

    /* U+81EA "自" */
    0x0, 0xe3, 0x30, 0x7, 0xfb, 0xa8, 0x3, 0xc6,
    0x72, 0x17, 0x99, 0xe2, 0x4c, 0xca, 0xc2, 0x73,
    0x38, 0x7, 0xff, 0xf5, 0x0, 0x7f, 0xf0, 0x87,
    0xbb, 0xf5, 0x0, 0x5b, 0xbf, 0xa0, 0x0, 0x26,
    0x7f, 0x88, 0x2, 0x22, 0xfc, 0x60, 0x1, 0xdd,
    0xfd, 0x20, 0x1, 0xff, 0xfd, 0x40, 0x1f, 0xfc,
    0x21, 0xff, 0xfd, 0x40, 0x1, 0xdd, 0xfd, 0x0,

    /* U+8272 "色" */
    0x0, 0xe2, 0x30, 0xf, 0xfe, 0x17, 0xd8, 0x7,
    0xff, 0x6, 0x49, 0xff, 0xf2, 0x0, 0x7c, 0xee,
    0xdf, 0xf9, 0x51, 0x0, 0x1e, 0xa8, 0xd2, 0x0,
    0x43, 0xd0, 0x7, 0xe, 0xa8, 0x67, 0xfc, 0xe5,
    0xdf, 0xee, 0x0, 0xb, 0xd0, 0xf7, 0x54, 0x3d,
    0xd5, 0x0, 0x6a, 0x60, 0x11, 0x98, 0x4, 0x70,
    0x7, 0xc2, 0x33, 0x0, 0x8e, 0x0, 0xf0, 0xf7,
    0x54, 0x3d, 0xd5, 0x0, 0x78, 0x7f, 0xff, 0x62,
    0x80, 0x7f, 0xf0, 0x8e, 0xd4, 0x80, 0x3f, 0xf8,
    0x52, 0x80, 0x1, 0x12, 0x90, 0x8f, 0x89, 0x4d,
    0x0, 0x5, 0x10, 0xde, 0xef, 0x6c, 0x49, 0x0,

    /* U+8282 "节" */
    0x0, 0xcb, 0xa0, 0x1b, 0x58, 0x3, 0xe, 0xed,
    0x65, 0xbb, 0x8a, 0x37, 0x61, 0x14, 0xcc, 0xc3,
    0x33, 0x85, 0xe6, 0x61, 0x4, 0x4b, 0x4d, 0x13,
    0x1f, 0xa2, 0x40, 0x1c, 0x2e, 0x1, 0x9c, 0x80,
    0x39, 0xbf, 0xd6, 0xbf, 0xf9, 0x6f, 0xe4, 0x2,
    0x7c, 0xca, 0x43, 0x33, 0x90, 0x3, 0x9, 0x9c,
    0xa0, 0x67, 0xc2, 0x1, 0xff, 0xe0, 0x12, 0x23,
    0x0, 0x7f, 0xf0, 0x1f, 0x74, 0x5a, 0x1, 0xff,
    0x37, 0x74, 0x80, 0x1f, 0xfc, 0x1, 0x10, 0x6,

    /* U+82F1 "英" */
    0x0, 0xcf, 0x40, 0x1b, 0x18, 0x3, 0xbb, 0xfd,
    0xb, 0xff, 0x8e, 0x7f, 0xda, 0x0, 0xfe, 0xe3,
    0xa7, 0x6e, 0xb8, 0xdf, 0xb9, 0x80, 0x1, 0x1b,
    0x8c, 0x62, 0x85, 0x74, 0x46, 0x0, 0xc2, 0xf2,
    0x23, 0xa1, 0x4, 0x3, 0x9b, 0xbb, 0x23, 0x77,
    0x68, 0x0, 0xe4, 0xff, 0x95, 0xff, 0xe5, 0x0,
    0xff, 0x8, 0x7, 0xf1, 0xfb, 0x99, 0xce, 0x46,
    0x70, 0x91, 0x80, 0xeb, 0x96, 0xec, 0x6b, 0xbb,
    0x2a, 0x68, 0x8b, 0xbb, 0x98, 0x4d, 0xfb, 0xb8,
    0x40, 0x39, 0xdd, 0x5c, 0xd0, 0x1, 0xf9, 0x76,
    0x6d, 0xb, 0x57, 0x14, 0x2, 0x2b, 0xf8, 0xae,
    0x40, 0x1, 0x6d, 0xdb, 0xf0, 0xcb, 0x76, 0x70,
    0xf, 0x3f, 0x65, 0x18,

    /* U+853D "蔽" */
    0x1f, 0xff, 0xfe, 0x10, 0x8b, 0xfe, 0xa1, 0xff,
    0xc1, 0x7f, 0xf0, 0x80, 0x66, 0xa0, 0xd, 0x6a,
    0x1, 0xca, 0xa0, 0xf0, 0x5, 0x10, 0x4a, 0x80,
    0x73, 0x58, 0x4, 0xae, 0x46, 0x4e, 0x45, 0x0,
    0xd, 0x4c, 0x1, 0xf2, 0x16, 0x1d, 0xfb, 0x84,
    0x14, 0xba, 0x76, 0xb4, 0xce, 0xdb, 0xa1, 0xa2,
    0x0, 0x57, 0xae, 0x7a, 0x41, 0xb0, 0x90, 0xa0,
    0x6, 0xa0, 0x57, 0x2, 0xe5, 0x7b, 0x60, 0xc,
    0x44, 0x5, 0xd0, 0x92, 0x9b, 0x6b, 0x0, 0xd9,
    0xe0, 0x20, 0x18, 0xcc, 0x84, 0x1, 0xce, 0x0,
    0x80, 0xa, 0x8d, 0x18, 0x3, 0x70, 0x80, 0x8,
    0xb, 0x1f, 0x2e, 0x64, 0x1, 0xf6, 0x27, 0x36,
    0xa, 0x62, 0x98, 0x52, 0x5, 0x16, 0x74, 0xd0,
    0x80, 0xf, 0xc,

    /* U+89E6 "触" */
    0x0, 0xff, 0xe3, 0xf0, 0x7, 0xde, 0x40, 0x1c,
    0xa3, 0xfe, 0xe0, 0xf, 0xfa, 0x6b, 0xd1, 0x0,
    0x48, 0xa0, 0x89, 0x0, 0x14, 0xdd, 0x11, 0xc4,
    0xb5, 0x1, 0x75, 0x40, 0x1b, 0xe, 0xb3, 0x8e,
    0x9, 0xd0, 0xcf, 0x0, 0xd, 0xe, 0xe, 0x70,
    0x7, 0xf9, 0x47, 0x7, 0x38, 0x3, 0xfe, 0x1e,
    0x1e, 0x80, 0x5, 0xc8, 0x5d, 0x80, 0x38, 0x80,
    0x98, 0x12, 0xb8, 0xb, 0x20, 0x0, 0x63, 0xc3,
    0xd8, 0x6, 0xce, 0x14, 0x2e, 0x0, 0x13, 0xe1,
    0xed, 0x0, 0xf7, 0x48, 0x1, 0x94, 0x2, 0x10,
    0xe, 0x41, 0x60, 0x6, 0x60, 0x3, 0xaf, 0x7c,
    0x25, 0x1, 0x1, 0xd4, 0x0, 0xda, 0x87, 0x54,
    0xdf, 0xc9, 0xd0, 0xf0, 0x7, 0x37, 0xc4, 0x1d,
    0x48, 0x0, 0xf2,

    /* U+8A00 "言" */
    0x0, 0xf0, 0xa8, 0x7, 0xff, 0x8, 0x62, 0x0,
    0x1f, 0xfc, 0x29, 0x72, 0x0, 0xf1, 0x7f, 0xfa,
    0xc3, 0x7f, 0xf8, 0xcb, 0xff, 0xff, 0x84, 0x60,
    0x15, 0xf7, 0x7e, 0xc0, 0xf, 0x57, 0xff, 0xed,
    0x0, 0xf0, 0x8f, 0xf8, 0x3, 0xd7, 0xdd, 0xfb,
    0x0, 0x3d, 0x7d, 0xdf, 0xb0, 0x3, 0xdd, 0xff,
    0xfc, 0x1, 0xe1, 0xbe, 0xef, 0x58, 0x7, 0xe7,
    0x11, 0xf3, 0x0, 0x7f, 0xf0, 0xc4, 0x3, 0xf6,
    0x7f, 0xfb, 0x0, 0x30,

    /* U+8B66 "警" */
    0x0, 0xff, 0xe2, 0xf, 0xff, 0xd0, 0x3c, 0x1,
    0xc3, 0x72, 0x36, 0xe7, 0x75, 0x1, 0xba, 0xfd,
    0x20, 0x5b, 0x5e, 0x27, 0xea, 0x43, 0xdb, 0x3d,
    0x21, 0xc0, 0x10, 0xcf, 0x1e, 0xd5, 0xb8, 0xf0,
    0x0, 0xf0, 0x47, 0xf8, 0x85, 0x88, 0x54, 0x14,
    0x2, 0x33, 0x29, 0x12, 0x31, 0x7f, 0xdd, 0x54,
    0xf1, 0x3, 0xa4, 0x47, 0xd6, 0xff, 0x29, 0xbf,
    0xd8, 0x82, 0x6d, 0x53, 0x74, 0x47, 0x55, 0xd8,
    0x0, 0x79, 0x2, 0x2f, 0xe9, 0x80, 0xd, 0x51,
    0x1f, 0xc0, 0x1e, 0x54, 0x4f, 0xe0, 0xf, 0x6e,
    0x67, 0xf1, 0x0, 0x72, 0x4d, 0xdf, 0xc8, 0x1,
    0xf7, 0x5d, 0xfc, 0x1, 0x80,

    /* U+8BB0 "记" */
    0x0, 0x38, 0x80, 0x7f, 0xf0, 0xb3, 0x2, 0x11,
    0xff, 0xf0, 0x6, 0xb1, 0xd0, 0x9d, 0xde, 0xa0,
    0xf, 0x6d, 0x80, 0x91, 0x73, 0x80, 0x78, 0x5c,
    0x3, 0xfe, 0x5a, 0xa8, 0x80, 0x3f, 0xf8, 0x2,
    0x25, 0x60, 0x0, 0x8f, 0x80, 0x25, 0xbb, 0x8,
    0x0, 0xfb, 0xbb, 0x0, 0x3f, 0xee, 0xee, 0xc0,
    0xf, 0xf0, 0x8f, 0x18, 0x7, 0xff, 0x2e, 0x9c,
    0x3, 0xee, 0x10, 0x8, 0x6d, 0x80, 0x3e, 0x11,
    0x80, 0x8, 0xd, 0x8c, 0xa, 0x45, 0xa4, 0x80,
    0x21, 0x99, 0x1, 0x2d, 0x6e, 0xe6, 0x90,

    /* U+8BBE "设" */
    0x0, 0x8, 0x7, 0xff, 0xf, 0x64, 0x2, 0x2f,
    0xfe, 0x0, 0xee, 0x78, 0x0, 0xdd, 0xcb, 0x0,
    0xf1, 0x6a, 0x80, 0x4, 0x73, 0x0, 0x7c, 0x7a,
    0x0, 0x45, 0x0, 0xf8, 0x4c, 0xe0, 0x1, 0x47,
    0x80, 0x65, 0x50, 0x2e, 0x64, 0x29, 0xb0, 0x80,
    0x2, 0x7e, 0xe0, 0xa7, 0xf8, 0x0, 0x92, 0xa4,
    0x5a, 0xa6, 0xc4, 0x3, 0xd7, 0xbb, 0xf1, 0x80,
    0x7d, 0xa3, 0x9f, 0xf4, 0x19, 0x80, 0x3f, 0x47,
    0x0, 0xa, 0x20, 0x1, 0xf2, 0x3, 0x32, 0xcb,
    0xdd, 0x0, 0x30, 0x85, 0xd1, 0x5, 0xb6, 0xbc,
    0x0, 0x72, 0x0, 0xf9, 0x1d, 0x92, 0x2c, 0x88,
    0x6, 0xc7, 0xb5, 0xec, 0x2e, 0xbb, 0x2f, 0x69,
    0x0, 0x26, 0x1, 0x2f, 0xe4, 0x41, 0x33, 0x6c,
    0x80,

    /* U+8BBF "访" */
    0x0, 0x10, 0x7, 0x91, 0x40, 0x3e, 0xfa, 0x0,
    0xe1, 0xb0, 0xf, 0xb1, 0xe4, 0x3, 0x20, 0x90,
    0x7, 0x87, 0xfc, 0x3b, 0xb6, 0xf, 0xee, 0xc2,
    0x1, 0x13, 0xc, 0xc8, 0xd6, 0xa6, 0x70, 0x9c,
    0xcc, 0x40, 0x88, 0xd, 0x44, 0xe0, 0x72, 0x23,
    0x30, 0x3, 0x84, 0x70, 0x1, 0x2e, 0xc2, 0x1,
    0x86, 0xbb, 0xb0, 0x7, 0xf0, 0x86, 0xff, 0xac,
    0x40, 0x3f, 0x94, 0x8, 0x0, 0x26, 0x1, 0xf0,
    0x86, 0x18, 0x4, 0x62, 0x1, 0xec, 0xf4, 0x5b,
    0x0, 0x85, 0xc0, 0x31, 0xb, 0x50, 0x13, 0x0,
    0x5c, 0x40, 0x1a, 0xcf, 0xda, 0x9c, 0x44, 0x44,
    0x7f, 0x0, 0xd1, 0x82, 0x8b, 0x0, 0xbb, 0xa2,
    0x70, 0xc, 0x20, 0x6, 0xb0, 0x2, 0x7f, 0xb0,
    0x40, 0x0,

    /* U+8BED "语" */
    0x0, 0xff, 0xe2, 0x96, 0x90, 0x2f, 0xff, 0xeb,
    0x0, 0x12, 0xe0, 0xaf, 0xfa, 0xc3, 0xbf, 0xeb,
    0x0, 0xa1, 0xe4, 0x2, 0x22, 0x8, 0x7, 0xe9,
    0x80, 0xcf, 0x92, 0xff, 0xa8, 0x0, 0x4e, 0xf0,
    0x3, 0x3c, 0xa7, 0xfc, 0xc6, 0x1, 0x77, 0x20,
    0x2, 0x12, 0x40, 0x1, 0xf0, 0x0, 0xa6, 0x40,
    0xe, 0xfe, 0xd, 0xff, 0x2c, 0x7a, 0x0, 0x76,
    0x6e, 0xff, 0x20, 0x7, 0x11, 0x9f, 0xe2, 0x0,
    0xfa, 0x3b, 0xbe, 0x20, 0xf, 0x10, 0x3f, 0xff,
    0x0, 0x70, 0x83, 0xe9, 0x0, 0x7f, 0xca, 0x17,
    0xa4, 0x20, 0x1f, 0xe1, 0x7c, 0x20, 0x6f, 0xfe,
    0x0, 0x80,

    /* U+8BFB "读" */
    0x1, 0xb2, 0x0, 0xe4, 0xe0, 0xf, 0x9, 0x61,
    0x84, 0xff, 0xac, 0x7f, 0xe3, 0x0, 0xa5, 0xe4,
    0x27, 0xb9, 0x43, 0xdd, 0x18, 0x6, 0x9a, 0x15,
    0x44, 0x68, 0x22, 0x60, 0x13, 0x38, 0xe, 0x66,
    0x42, 0x99, 0x5f, 0x82, 0x66, 0x42, 0x59, 0x5d,
    0x8f, 0x18, 0xbc, 0xb, 0xfe, 0x0, 0x84, 0xb9,
    0x98, 0x1, 0x28, 0x7, 0xd5, 0xda, 0xa6, 0x0,
    0xb0, 0xf, 0xd7, 0xec, 0x62, 0xe0, 0x1f, 0xd1,
    0xf5, 0x1e, 0x19, 0xff, 0x8, 0x6, 0x2f, 0xfc,
    0x6d, 0x9f, 0xf0, 0x80, 0x6d, 0xe0, 0x4, 0x94,
    0x7d, 0x88, 0x6, 0x40, 0x99, 0x16, 0x26, 0xe,
    0x1f, 0x98, 0x4, 0x54, 0xee, 0xd5, 0xd2, 0x0,
    0x44, 0x34, 0x40, 0xc, 0xa0, 0xdd, 0x20, 0x1c,
    0xde, 0x20,

    /* U+8C03 "调" */
    0x0, 0x10, 0x7, 0xff, 0x4, 0x75, 0x40, 0x1d,
    0xff, 0xf7, 0x0, 0xe5, 0x18, 0x2, 0xfb, 0xbb,
    0x0, 0x23, 0xa9, 0x0, 0x30, 0x9d, 0x8, 0xc0,
    0x19, 0x68, 0x2, 0xdd, 0x27, 0x40, 0x0, 0x99,
    0xa0, 0xd, 0xba, 0x3e, 0x80, 0x3, 0x4c, 0xc2,
    0x0, 0x10, 0x10, 0xe, 0x4f, 0xf0, 0x6, 0x6d,
    0xe1, 0xdd, 0x8, 0x7, 0xe4, 0xdd, 0xe1, 0x0,
    0xf8, 0x45, 0xdd, 0x7b, 0x0, 0x7c, 0x22, 0x0,
    0x77, 0x1c, 0x3, 0xe3, 0x42, 0x0, 0xff, 0x10,
    0x7d, 0xa0, 0x3, 0xb8, 0xc6, 0x1, 0xa0, 0x28,
    0x28, 0x27, 0xba, 0x46, 0x0, 0xbb, 0x88, 0xe4,
    0xe, 0x0, 0x5e, 0xb6, 0x0, 0x20, 0x9c, 0x80,
    0x72, 0xff, 0xa0,

    /* U+8F6C "转" */
    0x0, 0x95, 0x0, 0x38, 0xa0, 0x3, 0xee, 0x30,
    0xe, 0x53, 0x0, 0xec, 0xc2, 0x56, 0x53, 0xe6,
    0x25, 0x73, 0x12, 0x0, 0x94, 0x18, 0x9e, 0x59,
    0x90, 0xcc, 0xda, 0x0, 0x50, 0x61, 0x44, 0x12,
    0xb0, 0x3a, 0xa9, 0x0, 0x25, 0xaa, 0x10, 0x2a,
    0xa8, 0x95, 0x70, 0x82, 0x1, 0x0, 0x53, 0x26,
    0x9, 0x9c, 0xa1, 0xe1, 0x23, 0x10, 0xcd, 0xf,
    0xcc, 0xc8, 0x11, 0x34, 0x1b, 0x60, 0xc1, 0xd9,
    0x93, 0x0, 0xd, 0xc, 0x54, 0xc1, 0x2a, 0x64,
    0xa6, 0xe0, 0x11, 0x28, 0xfe, 0x91, 0xaa, 0x91,
    0xe8, 0x40, 0x7f, 0x60, 0x13, 0x88, 0xf5, 0x75,
    0xd4, 0x0, 0x3b, 0xfa, 0x36, 0x60, 0x77, 0x47,
    0x0, 0x18, 0x80, 0x3e, 0x6e, 0x3c, 0x20, 0xf,
    0xfe, 0x0, 0xe3, 0xa0, 0x7, 0xb8, 0xc0, 0x3d,
    0x4c, 0x0,

    /* U+8FDE "连" */
    0x0, 0x10, 0x7, 0x29, 0x0, 0x7c, 0xd8, 0x20,
    0x1a, 0xdc, 0x3, 0xe6, 0x7d, 0xb, 0xde, 0x1b,
    0xdd, 0xd4, 0x1, 0x48, 0xa4, 0xf9, 0x36, 0x7f,
    0xe8, 0x0, 0xda, 0x84, 0x7, 0x5, 0xa0, 0x45,
    0x0, 0x4, 0x60, 0x4, 0x30, 0x80, 0x7c, 0x9d,
    0xd0, 0x1a, 0xb7, 0xf8, 0x37, 0xfc, 0x80, 0x9f,
    0x80, 0x3, 0xbd, 0xd6, 0x5, 0x6e, 0x90, 0x2,
    0x10, 0x9, 0x8, 0x86, 0xe, 0x44, 0x0, 0xfa,
    0x67, 0x50, 0x44, 0xcc, 0x1, 0xee, 0x11, 0x88,
    0xc, 0x46, 0x0, 0xf3, 0xc4, 0x60, 0xb8, 0x88,
    0x0, 0x30, 0xc, 0x1, 0xff, 0xe, 0xd, 0xdb,
    0x1c, 0xc8, 0x8e, 0xc6, 0x8c, 0x64, 0x14, 0x9b,
    0x57, 0x9b, 0xa7, 0xbc, 0xb8, 0x73, 0xd1, 0x0,
    0x36, 0x7f, 0xbb, 0x9f, 0xf7, 0x20,

    /* U+9009 "选" */
    0x5, 0x20, 0xd, 0x2, 0xd8, 0x1, 0xe2, 0xd4,
    0x0, 0x2b, 0x0, 0x8f, 0x0, 0x4f, 0x16, 0x41,
    0x3, 0xd0, 0x5d, 0xd3, 0x80, 0x4f, 0x45, 0x1,
    0xfe, 0x93, 0xff, 0x9c, 0x3, 0x28, 0x57, 0x0,
    0x7f, 0x88, 0xa0, 0x88, 0x5d, 0xc7, 0x77, 0x84,
    0x5b, 0xb0, 0x7f, 0x6a, 0x5c, 0x27, 0x74, 0x22,
    0xfd, 0x0, 0x2a, 0x88, 0x59, 0x41, 0x56, 0x0,
    0xfd, 0xee, 0x1, 0xc8, 0x1, 0xf4, 0xa5, 0x80,
    0x74, 0x98, 0x6, 0x2e, 0x7c, 0x20, 0x30, 0xdd,
    0x11, 0x80, 0x1c, 0x2e, 0xdc, 0x60, 0x1, 0xd9,
    0x96, 0x80, 0x1e, 0x8d, 0x2e, 0xc, 0x84, 0x46,
    0xcc, 0x11, 0xa6, 0x59, 0xb0, 0x79, 0xbd, 0xd6,
    0xeb, 0xc, 0x7d, 0x80, 0xd, 0x7f, 0xee, 0xe7,
    0xfe, 0x20,

    /* U+901A "通" */
    0x0, 0xff, 0xe2, 0xca, 0x80, 0xb, 0xbb, 0xdf,
    0xe9, 0x0, 0x6d, 0x30, 0x17, 0x65, 0xf7, 0x34,
    0x92, 0x40, 0x9, 0x52, 0x80, 0x6, 0x8e, 0x9c,
    0xab, 0x0, 0xcb, 0xc, 0x6, 0xfc, 0xce, 0x22,
    0x32, 0x0, 0xce, 0x44, 0xc8, 0x82, 0xa, 0xef,
    0xe0, 0xa, 0xac, 0x0, 0x1b, 0xb7, 0xd, 0xda,
    0x0, 0x5, 0x32, 0xa1, 0x1, 0xee, 0x60, 0xf7,
    0x28, 0x0, 0x79, 0x80, 0x8, 0x7b, 0x98, 0x3d,
    0xca, 0x0, 0xfc, 0x3d, 0xcd, 0x1e, 0xe5, 0x80,
    0x7e, 0x1e, 0xe6, 0x8f, 0x72, 0xc0, 0x3f, 0xf9,
    0xa, 0x8, 0x6, 0x1, 0xdd, 0x4c, 0x0, 0x99,
    0x67, 0xcc, 0x8, 0x17, 0x7, 0x7d, 0x91, 0x1f,
    0x4e, 0xbf, 0xff, 0x76, 0x29, 0x78, 0x80, 0x12,
    0xbb, 0xfd, 0xdf, 0xf9, 0xc0,

    /* U+9053 "道" */
    0x0, 0xf8, 0x40, 0x30, 0x80, 0x65, 0x20, 0x8,
    0xf8, 0x80, 0x7, 0xc4, 0x1, 0x16, 0x10, 0x9,
    0x2d, 0x8, 0xbd, 0x8c, 0x40, 0xe, 0xde, 0x3f,
    0xe4, 0x6e, 0xe1, 0x3f, 0xf8, 0xc0, 0x11, 0x1,
    0xee, 0xc1, 0x7d, 0xd8, 0xc0, 0x25, 0x0, 0x77,
    0x43, 0x5d, 0xd0, 0x0, 0xae, 0xe2, 0x0, 0x6f,
    0x76, 0xd0, 0x8, 0xbf, 0xc8, 0x1, 0x6e, 0xf8,
    0x3, 0x22, 0x0, 0x36, 0xef, 0x80, 0x3f, 0xdd,
    0x99, 0xb8, 0x3, 0xfd, 0x3b, 0xba, 0x40, 0x3f,
    0xc2, 0x67, 0x84, 0x3, 0x88, 0x18, 0x16, 0x7b,
    0xb4, 0xa8, 0x4, 0xdf, 0x5f, 0x5d, 0xb9, 0x9b,
    0x64, 0xc8, 0x63, 0xd6, 0xfb, 0xff, 0xdd, 0xb8,
    0xc3, 0xc4, 0x0, 0x4a, 0xef, 0xee, 0x7f, 0xe4,

    /* U+9065 "遥" */
    0x0, 0xf8, 0x4d, 0x1a, 0x2e, 0xc2, 0x0, 0x89,
    0x0, 0x5f, 0x6c, 0x77, 0x5f, 0x22, 0x0, 0xa4,
    0xc0, 0xb7, 0xcb, 0x68, 0x61, 0xc0, 0x8, 0xb0,
    0x60, 0x9, 0xc1, 0xd8, 0x26, 0x0, 0x30, 0xe4,
    0x7, 0x58, 0x6f, 0x28, 0x30, 0x7, 0x8, 0x0,
    0x4c, 0x9e, 0x5f, 0xc4, 0x0, 0x33, 0x30, 0x1d,
    0x17, 0xfe, 0xec, 0x30, 0x1c, 0xe6, 0xa, 0xa6,
    0xe9, 0xdb, 0x76, 0x30, 0x2, 0xa8, 0x0, 0xf7,
    0xfe, 0x67, 0xff, 0xc4, 0x1, 0xdd, 0xbf, 0xe6,
    0x7f, 0xf6, 0xf9, 0x0, 0x7b, 0x44, 0x3, 0xb4,
    0x40, 0x3f, 0x11, 0x42, 0x46, 0x1, 0xcc, 0x6,
    0x5, 0xde, 0xc9, 0xfc, 0x40, 0x14, 0x4d, 0x7d,
    0x46, 0x63, 0x75, 0x98, 0xf5, 0x12, 0x6f, 0x5c,
    0xfe, 0xeb, 0xfd, 0xdc, 0xdb, 0x32, 0xf2, 0x0,
    0x2d, 0xff, 0xbb, 0x9f, 0xf8, 0x80,

    /* U+914D "配" */
    0x1f, 0xff, 0x8f, 0xff, 0xb8, 0x7, 0xfc, 0x7a,
    0x3f, 0xe3, 0xdd, 0xd4, 0x1, 0xe3, 0x0, 0xc4,
    0x59, 0x80, 0x2a, 0xf3, 0xe1, 0xfa, 0x0, 0xff,
    0x52, 0xe2, 0xd0, 0x80, 0x7f, 0x84, 0x8, 0xc4,
    0x1, 0x77, 0xbc, 0x3, 0x84, 0x40, 0x10, 0xa6,
    0x6e, 0x90, 0x3, 0x61, 0x2, 0xc0, 0x4, 0xcd,
    0x45, 0x0, 0x68, 0xc, 0x80, 0xf, 0x90, 0x2,
    0xe2, 0x33, 0x10, 0x7, 0xfd, 0x53, 0x35, 0x0,
    0x7c, 0x62, 0x0, 0x8a, 0xaa, 0x0, 0x3e, 0x96,
    0x0, 0x5f, 0x75, 0x60, 0x20, 0x84, 0x53, 0x90,
    0x2, 0xbb, 0xaa, 0x0, 0x2d, 0x6e, 0xc2, 0xa0,

    /* U+91CD "重" */
    0x0, 0xf8, 0x48, 0xd5, 0xe4, 0x40, 0x35, 0x77,
    0x3f, 0xdd, 0x9f, 0xf8, 0xc0, 0x35, 0xff, 0x7f,
    0x95, 0xb2, 0xa1, 0x88, 0x0, 0x3b, 0x98, 0xdd,
    0x95, 0xb7, 0x7c, 0x22, 0xff, 0xf2, 0x3f, 0xff,
    0x84, 0x9, 0x3f, 0xf2, 0x3f, 0xfe, 0x52, 0x0,
    0x85, 0xb7, 0x65, 0x6d, 0xd9, 0xf8, 0x3, 0x93,
    0x32, 0x46, 0xcc, 0x90, 0x3, 0xc9, 0x99, 0x23,
    0x66, 0x48, 0x1, 0xe5, 0xcc, 0x91, 0xb3, 0x24,
    0x0, 0xe7, 0xfd, 0xd9, 0x5f, 0x76, 0xf8, 0x0,
    0xd9, 0xbb, 0x95, 0xf7, 0x78, 0x80, 0x2e, 0xee,
    0x54, 0xee, 0xe2, 0x0, 0x88, 0xb8, 0x48, 0xbc,
    0x0, 0x2f, 0xff, 0x2b, 0xff, 0xf8, 0x80,

    /* U+91CF "量" */
    0x0, 0xbf, 0x2e, 0xfe, 0xf5, 0x0, 0xf4, 0x55,
    0x7c, 0x20, 0x1f, 0x74, 0x47, 0xc2, 0x1, 0xf1,
    0x88, 0xfc, 0x1, 0xc4, 0x4b, 0xdc, 0xcf, 0xad,
    0x88, 0x1, 0xdc, 0x88, 0xff, 0x7f, 0x20, 0x67,
    0x22, 0x7f, 0xab, 0x10, 0x0, 0xcb, 0x55, 0x2,
    0x55, 0x5f, 0x40, 0x1c, 0x53, 0x32, 0x94, 0xcd,
    0x40, 0x1e, 0x1d, 0xd9, 0xcf, 0x76, 0x70, 0xe,
    0x5a, 0x22, 0x8c, 0x8, 0xae, 0xf0, 0xd, 0x73,
    0x39, 0xca, 0x67, 0x70, 0x80, 0x55, 0xbb, 0xa1,
    0x37, 0x78, 0x40, 0x7b, 0xbd, 0x29, 0xdd, 0xe6,

    /* U+9274 "鉴" */
    0x3, 0xe0, 0x7, 0x88, 0x3, 0x4c, 0x3, 0xff,
    0x82, 0xe5, 0x9f, 0xf8, 0x3, 0xf2, 0xce, 0xd6,
    0xf7, 0x40, 0x1f, 0x1f, 0x69, 0x76, 0x28, 0x88,
    0x0, 0x2a, 0x1, 0x86, 0x42, 0xde, 0xd4, 0x2,
    0x2b, 0x1, 0xd, 0x55, 0x6a, 0xcb, 0xa0, 0x4,
    0x2b, 0x5e, 0x51, 0xda, 0xb1, 0xc4, 0x82, 0x7,
    0xd0, 0x4e, 0x73, 0xf8, 0xc7, 0x3b, 0xdc, 0x23,
    0xed, 0x89, 0xee, 0x23, 0x77, 0x1d, 0xd7, 0xe4,
    0x3, 0x7b, 0xb9, 0x5b, 0x77, 0x60, 0x6, 0xae,
    0xac, 0xc2, 0x3e, 0x61, 0x27, 0x40, 0x30, 0x94,
    0x18, 0x8e, 0x36, 0x60, 0x80, 0x70, 0xb3, 0x0,
    0x35, 0xb1, 0x0, 0x6f, 0xf9, 0xaf, 0xd5, 0xfd,
    0x99, 0xfe, 0xe0,

    /* U+94AE "钮" */
    0x0, 0x2b, 0x0, 0x7f, 0xf0, 0xa4, 0x40, 0x2e,
    0xff, 0xf6, 0x80, 0x8, 0xeb, 0x30, 0xff, 0xd6,
    0x1d, 0xc8, 0x10, 0x7, 0x2c, 0xc4, 0x10, 0x44,
    0x2, 0x30, 0x38, 0x21, 0x52, 0x24, 0x60, 0x2,
    0x20, 0x3, 0xc4, 0x11, 0xbf, 0xf1, 0x80, 0x5,
    0xc0, 0x2, 0x60, 0x8, 0xe4, 0x8e, 0x31, 0x17,
    0x8, 0xc6, 0x20, 0x10, 0x8e, 0xc, 0xe6, 0x5e,
    0xe2, 0xf8, 0x1, 0x10, 0xdc, 0x85, 0xd8, 0x4f,
    0x98, 0x22, 0x0, 0x22, 0x4, 0xd1, 0x46, 0x76,
    0x19, 0xc2, 0x0, 0xcc, 0x24, 0x64, 0x0, 0x5,
    0x80, 0x2, 0xe0, 0x1f, 0xc4, 0x4, 0x2, 0x4,
    0x1, 0x84, 0x1d, 0x41, 0x84, 0x0, 0x60, 0x20,
    0x19, 0xa7, 0x0, 0xb0, 0x8a, 0x40, 0x21, 0x0,
    0x29, 0xd5, 0x5a, 0xe7, 0xba, 0x90, 0xd9, 0x0,
    0x2f, 0xa8, 0xff, 0xff, 0x40,

    /* U+952E "键" */
    0x0, 0xff, 0xe3, 0x5a, 0x2, 0xff, 0xac, 0x1,
    0x66, 0x1, 0x89, 0x2b, 0x8f, 0x99, 0xe3, 0x53,
    0x7a, 0x40, 0x10, 0x8c, 0xc5, 0x14, 0x98, 0xd4,
    0xda, 0x0, 0x23, 0xdc, 0x40, 0xd0, 0x13, 0xb8,
    0x99, 0x6d, 0x8, 0xf9, 0x91, 0xfc, 0xf, 0x71,
    0x32, 0xda, 0x2, 0xec, 0xfa, 0xa9, 0x5b, 0x3c,
    0x9b, 0x42, 0x0, 0x12, 0x11, 0x37, 0xe0, 0xcf,
    0x26, 0xf4, 0x0, 0x13, 0x59, 0x8, 0x19, 0x8a,
    0xed, 0x4e, 0xc0, 0x8, 0x52, 0x8a, 0xc2, 0x20,
    0x7, 0xec, 0x84, 0xc8, 0x1b, 0xc6, 0x41, 0xc4,
    0x50, 0xf, 0xa8, 0xd6, 0x20, 0x53, 0x10, 0x20,
    0xc, 0xaa, 0xf0, 0x6b, 0xb2, 0xfd, 0xd8, 0x80,
    0x1e, 0xbc, 0x4f, 0x54, 0xc6, 0x57, 0x0, 0xe6,
    0xa9, 0x95, 0x2e, 0xd6, 0x9d, 0x7f, 0x94, 0x1,
    0x8a, 0x5e, 0xa0, 0x6, 0xbd, 0xef, 0xf2, 0x80,

    /* U+95E8 "门" */
    0x3, 0x40, 0xf, 0xfe, 0x3, 0xd9, 0x87, 0x7f,
    0xfd, 0xc0, 0x91, 0xa3, 0x9b, 0xbe, 0x90, 0x27,
    0x78, 0x8b, 0xf8, 0x1a, 0x42, 0x4c, 0x3, 0xff,
    0xfe, 0x1, 0xff, 0xec, 0x22, 0x18, 0x7, 0xf8,
    0x77, 0x53, 0x20,

    /* U+95F4 "间" */
    0x7, 0x10, 0xf, 0xfe, 0x7, 0x60, 0x3, 0xff,
    0xf7, 0x4, 0x8c, 0x6, 0xef, 0xd2, 0x0, 0x1d,
    0x80, 0x22, 0xfc, 0xb, 0xe2, 0x1, 0xff, 0xc3,
    0xef, 0xfe, 0x30, 0xf, 0xd9, 0xff, 0x8, 0x7,
    0xf0, 0x80, 0x7f, 0xf0, 0x77, 0xfe, 0x10, 0xf,
    0xec, 0xff, 0x84, 0x3, 0xf8, 0x40, 0x3f, 0xf8,
    0x3f, 0x99, 0x8, 0x7, 0xed, 0xef, 0xfb, 0xc,
    0x3, 0xe3, 0x3f, 0x0, 0x90, 0x7, 0xff, 0x3,
    0xe5, 0x80,

    /* U+9632 "防" */
    0x0, 0xfc, 0xaa, 0x0, 0xee, 0xff, 0xb0, 0x2,
    0x28, 0x0, 0xf5, 0xf3, 0x30, 0x2, 0x53, 0x10,
    0xe, 0x71, 0x72, 0xff, 0xb4, 0x7b, 0xfe, 0x0,
    0x8c, 0xd1, 0xba, 0x18, 0xdd, 0xe0, 0xa, 0xa8,
    0x4, 0x40, 0x32, 0x2e, 0x0, 0xbb, 0x0, 0x21,
    0x11, 0x16, 0x0, 0xce, 0xe5, 0x1, 0xa, 0xdd,
    0xc0, 0x1d, 0x7e, 0xa, 0x1f, 0xf6, 0x80, 0x78,
    0xd8, 0xc, 0xc0, 0x10, 0x80, 0x67, 0x3e, 0x70,
    0xb4, 0x0, 0x9c, 0x40, 0x27, 0xf1, 0x94, 0x3a,
    0x0, 0x88, 0xc0, 0x36, 0x59, 0x4a, 0x90, 0x5,
    0xcc, 0x1, 0xc5, 0x81, 0x40, 0x24, 0x44, 0x30,
    0xe, 0x76, 0xd0, 0x2, 0x6e, 0x86, 0x80, 0x1c,
    0x60, 0xb4, 0x1, 0x2f, 0xfb, 0x48, 0x0,

    /* U+9762 "面" */
    0x1f, 0xff, 0xfe, 0x10, 0x8b, 0x77, 0xc1, 0x1b,
    0xbe, 0x10, 0x22, 0xe0, 0x2, 0x91, 0x78, 0x2,
    0x22, 0xc8, 0x0, 0x22, 0xe0, 0x9, 0x77, 0x74,
    0x86, 0xef, 0x94, 0x2, 0x3f, 0xf0, 0xe7, 0xfa,
    0x53, 0xfc, 0x40, 0x1f, 0x9c, 0x46, 0x0, 0xff,
    0xe0, 0x56, 0x62, 0x40, 0x3f, 0xf8, 0x1b, 0xb4,
    0x0, 0x7f, 0xf0, 0x3e, 0xee, 0x0, 0xff, 0xe0,
    0x54, 0x41, 0x40, 0x3f, 0xf8, 0xa, 0x66, 0xe0,
    0xf, 0xc7, 0xdc, 0x1d, 0xee, 0x4a, 0x77, 0x8,
    0x3, 0x16, 0xeb, 0x37, 0x6c, 0xc6, 0xe8, 0x40,
    0x0,

    /* U+97F3 "音" */
    0x0, 0xf9, 0x88, 0x3, 0xff, 0x85, 0x90, 0x1,
    0xf8, 0xff, 0xf9, 0x55, 0xff, 0xca, 0x0, 0x3e,
    0xe2, 0x57, 0x76, 0xb2, 0xce, 0x50, 0x8, 0x46,
    0xe1, 0x1d, 0xa2, 0x62, 0x1, 0x8, 0xde, 0x84,
    0x22, 0x26, 0xa1, 0x18, 0x7, 0xba, 0xa0, 0xde,
    0xe6, 0x84, 0xf7, 0x44, 0x3f, 0xff, 0xfc, 0x22,
    0x0, 0xbb, 0xff, 0xf8, 0x40, 0x3d, 0x5d, 0xde,
    0xc0, 0xf, 0xc2, 0x3f, 0x0, 0x7f, 0x5f, 0x77,
    0xb4, 0x3, 0xf5, 0xf7, 0x7b, 0x0, 0x3f, 0xf9,
    0x97, 0xff, 0xed, 0x0, 0xc0,

    /* U+9898 "题" */
    0x4, 0xfd, 0xdb, 0xcf, 0xff, 0xe0, 0x8, 0xf7,
    0x61, 0xf, 0xf6, 0xf, 0xfc, 0x1, 0x1d, 0x54,
    0x20, 0x12, 0x20, 0x3, 0xc5, 0xff, 0x0, 0x17,
    0xe5, 0x3b, 0xd0, 0x2, 0x3d, 0xd8, 0x2, 0x5e,
    0xbe, 0x30, 0x9, 0x36, 0xee, 0xc3, 0x0, 0xac,
    0x40, 0x22, 0xcf, 0xfe, 0xc0, 0x8, 0x44, 0x1,
    0x17, 0x74, 0x7f, 0xdc, 0x0, 0x8, 0x80, 0x38,
    0xf0, 0x80, 0x8a, 0x0, 0x22, 0x80, 0x71, 0x80,
    0x5d, 0xcb, 0x1d, 0xec, 0x64, 0x70, 0x3, 0x9,
    0x7, 0x72, 0xd0, 0x19, 0x9a, 0x46, 0x0, 0x32,
    0xe0, 0x8, 0xea, 0x9e, 0x36, 0x16, 0x0, 0x99,
    0x50, 0x4a, 0x3e, 0xe8, 0x80, 0x15, 0xe0, 0x86,
    0x8d, 0xc1, 0xf5, 0x1f, 0xfd, 0x40, 0x98, 0x0,
    0x18, 0xbe, 0xff, 0xf7, 0x0,

    /* U+98CE "风" */
    0x0, 0x27, 0xff, 0xf9, 0x80, 0x38, 0x77, 0x7f,
    0x10, 0x7, 0xc4, 0x5c, 0x28, 0x42, 0x1, 0xf0,
    0xe8, 0x80, 0x27, 0x80, 0x3e, 0x10, 0x14, 0xd0,
    0x15, 0x90, 0xf, 0xf4, 0x85, 0x32, 0x88, 0x38,
    0x7, 0x19, 0x80, 0x1a, 0x91, 0x20, 0x1f, 0x84,
    0x40, 0x1, 0x40, 0xe, 0x10, 0xd, 0xcc, 0x0,
    0x45, 0x4e, 0x0, 0x8, 0x7, 0x11, 0x0, 0xaa,
    0x2c, 0x24, 0xf, 0xc0, 0x32, 0x61, 0x62, 0xb8,
    0x73, 0x1f, 0x10, 0x18, 0x20, 0x27, 0x2d, 0x80,
    0xd, 0x6c, 0x9c, 0x7c, 0x21, 0x43, 0x6c, 0x3,
    0x54, 0x21, 0x4b, 0x8, 0xa0, 0x4, 0x3, 0xe1,
    0x76, 0xe1, 0xd2, 0x0, 0xff, 0x47, 0x20,

    /* U+FF01 "！" */
    0x1f, 0xa0, 0x8, 0x40, 0xc0, 0x2, 0x3, 0xe0,
    0x18, 0xc4, 0x4, 0xc3, 0x54, 0x4, 0x7, 0xa0,
    0x0, 0x22, 0xe9,

    /* U+FF08 "（" */
    0x0, 0xa0, 0x2, 0xb2, 0x0, 0x2a, 0xa8, 0x1,
    0x76, 0x0, 0x20, 0x28, 0x3, 0x5c, 0x2, 0x2f,
    0x0, 0x98, 0xc0, 0x3f, 0x31, 0x0, 0x47, 0xa0,
    0x15, 0xa8, 0x4, 0x66, 0x70, 0xa, 0x24, 0x40,
    0x8, 0xda, 0x1, 0x44, 0x80,

    /* U+FF09 "）" */
    0x8, 0x0, 0xc5, 0x40, 0x15, 0x22, 0x80, 0x57,
    0x0, 0x12, 0x9a, 0x0, 0x4f, 0xa0, 0x17, 0x90,
    0x4, 0x6c, 0x1, 0x84, 0x2, 0x27, 0x0, 0xb4,
    0xc0, 0x25, 0xb0, 0x3, 0x99, 0x80, 0x66, 0x0,
    0x1a, 0xc8, 0x0, 0x98, 0x0, 0x0,

    /* U+FF1A "：" */
    0x0, 0xee, 0xe0, 0x8, 0xf7, 0x70, 0x40, 0x44,
    0x1, 0xff, 0xc2, 0x22, 0x0, 0xee, 0x84, 0x44,
    0x41, 0xd, 0xd0, 0x0,

    /* U+FF1B "；" */
    0x0, 0xee, 0xe0, 0x8, 0xf7, 0x70, 0x40, 0x44,
    0x1, 0xff, 0x8, 0x3, 0xb8, 0x40, 0x60, 0x81,
    0xa4, 0x60, 0x64, 0x8b, 0x94, 0x2d, 0xaa, 0x0,

    /* U+FF1F "？" */
    0x0, 0xc2, 0x1, 0x8f, 0x3f, 0xb8, 0x80, 0x78,
    0x9b, 0xcb, 0x62, 0x7b, 0x4, 0x30, 0x8, 0x4,
    0x1, 0xcc, 0x1, 0x87, 0x94, 0xc0, 0x36, 0x3d,
    0x0, 0x69, 0x1a, 0x0, 0xe7, 0xb0, 0xf, 0x7b,
    0x80, 0x78, 0x40, 0x3c, 0x3d, 0x0, 0x1f, 0x8,
    0x7, 0xf, 0x48, 0x4,

    /* U+FF3B "［" */
    0xde, 0xdd, 0x18, 0x56, 0xe8, 0xc0, 0x3f, 0xfd,
    0x95, 0xba, 0x30,

    /* U+FF3D "］" */
    0x3d, 0xd7, 0x69, 0xee, 0xa8, 0x3, 0xff, 0xd8,
    0x7b, 0xaa, 0x0
};


/*---------------------
 *  GLYPH DESCRIPTION
 *--------------------*/

static const lv_font_fmt_txt_glyph_dsc_t glyph_dsc[] = {
    {.bitmap_index = 0, .adv_w = 0, .box_w = 0, .box_h = 0, .ofs_x = 0, .ofs_y = 0} /* id = 0 reserved */,
    {.bitmap_index = 0, .adv_w = 89, .box_w = 5, .box_h = 2, .ofs_x = 0, .ofs_y = 3},
    {.bitmap_index = 5, .adv_w = 100, .box_w = 7, .box_h = 16, .ofs_x = 0, .ofs_y = -4},
    {.bitmap_index = 48, .adv_w = 142, .box_w = 9, .box_h = 12, .ofs_x = 0, .ofs_y = 0},
    {.bitmap_index = 98, .adv_w = 142, .box_w = 7, .box_h = 12, .ofs_x = 1, .ofs_y = 0},
    {.bitmap_index = 116, .adv_w = 142, .box_w = 9, .box_h = 12, .ofs_x = 0, .ofs_y = 0},
    {.bitmap_index = 163, .adv_w = 142, .box_w = 8, .box_h = 12, .ofs_x = 0, .ofs_y = 0},
    {.bitmap_index = 208, .adv_w = 142, .box_w = 9, .box_h = 12, .ofs_x = 0, .ofs_y = 0},
    {.bitmap_index = 248, .adv_w = 142, .box_w = 9, .box_h = 12, .ofs_x = 0, .ofs_y = 0},
    {.bitmap_index = 295, .adv_w = 142, .box_w = 9, .box_h = 12, .ofs_x = 0, .ofs_y = 0},
    {.bitmap_index = 346, .adv_w = 142, .box_w = 9, .box_h = 12, .ofs_x = 0, .ofs_y = 0},
    {.bitmap_index = 384, .adv_w = 142, .box_w = 9, .box_h = 12, .ofs_x = 0, .ofs_y = 0},
    {.bitmap_index = 439, .adv_w = 142, .box_w = 9, .box_h = 12, .ofs_x = 0, .ofs_y = 0},
    {.bitmap_index = 491, .adv_w = 71, .box_w = 3, .box_h = 9, .ofs_x = 1, .ofs_y = 0},
    {.bitmap_index = 503, .adv_w = 176, .box_w = 10, .box_h = 12, .ofs_x = 1, .ofs_y = 0},
    {.bitmap_index = 546, .adv_w = 141, .box_w = 8, .box_h = 12, .ofs_x = 1, .ofs_y = 0},
    {.bitmap_index = 572, .adv_w = 75, .box_w = 3, .box_h = 12, .ofs_x = 1, .ofs_y = 0},
    {.bitmap_index = 577, .adv_w = 185, .box_w = 9, .box_h = 12, .ofs_x = 1, .ofs_y = 0},
    {.bitmap_index = 616, .adv_w = 162, .box_w = 9, .box_h = 12, .ofs_x = 1, .ofs_y = 0},
    {.bitmap_index = 653, .adv_w = 153, .box_w = 9, .box_h = 12, .ofs_x = 0, .ofs_y = 0},
    {.bitmap_index = 702, .adv_w = 153, .box_w = 10, .box_h = 12, .ofs_x = 0, .ofs_y = 0},
    {.bitmap_index = 720, .adv_w = 225, .box_w = 14, .box_h = 12, .ofs_x = 0, .ofs_y = 0},
    {.bitmap_index = 804, .adv_w = 70, .box_w = 3, .box_h = 12, .ofs_x = 1, .ofs_y = 0},
    {.bitmap_index = 815, .adv_w = 256, .box_w = 4, .box_h = 5, .ofs_x = 12, .ofs_y = 9},
    {.bitmap_index = 826, .adv_w = 256, .box_w = 4, .box_h = 6, .ofs_x = 0, .ofs_y = 8},
    {.bitmap_index = 838, .adv_w = 256, .box_w = 7, .box_h = 5, .ofs_x = 9, .ofs_y = 9},
    {.bitmap_index = 857, .adv_w = 256, .box_w = 7, .box_h = 6, .ofs_x = 0, .ofs_y = 8},
    {.bitmap_index = 877, .adv_w = 256, .box_w = 6, .box_h = 5, .ofs_x = 0, .ofs_y = -1},
    {.bitmap_index = 892, .adv_w = 256, .box_w = 6, .box_h = 5, .ofs_x = 0, .ofs_y = -1},
    {.bitmap_index = 908, .adv_w = 256, .box_w = 8, .box_h = 16, .ofs_x = 8, .ofs_y = -2},
    {.bitmap_index = 968, .adv_w = 256, .box_w = 8, .box_h = 16, .ofs_x = 0, .ofs_y = -2},
    {.bitmap_index = 1028, .adv_w = 256, .box_w = 4, .box_h = 4, .ofs_x = 6, .ofs_y = 4},
    {.bitmap_index = 1037, .adv_w = 256, .box_w = 16, .box_h = 2, .ofs_x = 0, .ofs_y = 5},
    {.bitmap_index = 1046, .adv_w = 256, .box_w = 16, .box_h = 13, .ofs_x = 0, .ofs_y = -1},
    {.bitmap_index = 1077, .adv_w = 256, .box_w = 15, .box_h = 14, .ofs_x = 1, .ofs_y = -1},
    {.bitmap_index = 1128, .adv_w = 256, .box_w = 16, .box_h = 15, .ofs_x = 0, .ofs_y = -2},
    {.bitmap_index = 1210, .adv_w = 256, .box_w = 15, .box_h = 15, .ofs_x = 1, .ofs_y = -2},
    {.bitmap_index = 1291, .adv_w = 256, .box_w = 14, .box_h = 13, .ofs_x = 1, .ofs_y = -1},
    {.bitmap_index = 1330, .adv_w = 256, .box_w = 16, .box_h = 14, .ofs_x = 0, .ofs_y = -1},
    {.bitmap_index = 1363, .adv_w = 256, .box_w = 16, .box_h = 14, .ofs_x = 0, .ofs_y = -1},
    {.bitmap_index = 1409, .adv_w = 256, .box_w = 16, .box_h = 14, .ofs_x = 0, .ofs_y = -1},
    {.bitmap_index = 1477, .adv_w = 256, .box_w = 15, .box_h = 16, .ofs_x = 0, .ofs_y = -2},
    {.bitmap_index = 1551, .adv_w = 256, .box_w = 16, .box_h = 14, .ofs_x = 0, .ofs_y = -1},
    {.bitmap_index = 1632, .adv_w = 256, .box_w = 15, .box_h = 16, .ofs_x = 0, .ofs_y = -2},
    {.bitmap_index = 1718, .adv_w = 256, .box_w = 16, .box_h = 14, .ofs_x = 0, .ofs_y = -1},
    {.bitmap_index = 1778, .adv_w = 256, .box_w = 16, .box_h = 14, .ofs_x = 0, .ofs_y = -1},
    {.bitmap_index = 1839, .adv_w = 256, .box_w = 16, .box_h = 15, .ofs_x = 0, .ofs_y = -1},
    {.bitmap_index = 1895, .adv_w = 256, .box_w = 14, .box_h = 14, .ofs_x = 1, .ofs_y = -1},
    {.bitmap_index = 1965, .adv_w = 256, .box_w = 16, .box_h = 15, .ofs_x = 0, .ofs_y = -1},
    {.bitmap_index = 2026, .adv_w = 256, .box_w = 16, .box_h = 15, .ofs_x = 0, .ofs_y = -1},
    {.bitmap_index = 2120, .adv_w = 256, .box_w = 14, .box_h = 16, .ofs_x = 1, .ofs_y = -2},
    {.bitmap_index = 2212, .adv_w = 256, .box_w = 16, .box_h = 15, .ofs_x = 0, .ofs_y = -1},
    {.bitmap_index = 2316, .adv_w = 256, .box_w = 16, .box_h = 16, .ofs_x = 0, .ofs_y = -2},
    {.bitmap_index = 2418, .adv_w = 256, .box_w = 16, .box_h = 14, .ofs_x = 0, .ofs_y = -1},
    {.bitmap_index = 2507, .adv_w = 256, .box_w = 15, .box_h = 15, .ofs_x = 0, .ofs_y = -2},
    {.bitmap_index = 2588, .adv_w = 256, .box_w = 16, .box_h = 15, .ofs_x = 0, .ofs_y = -2},
    {.bitmap_index = 2690, .adv_w = 256, .box_w = 16, .box_h = 15, .ofs_x = 0, .ofs_y = -1},
    {.bitmap_index = 2748, .adv_w = 256, .box_w = 12, .box_h = 15, .ofs_x = 2, .ofs_y = -1},
    {.bitmap_index = 2788, .adv_w = 256, .box_w = 14, .box_h = 14, .ofs_x = 1, .ofs_y = -1},
    {.bitmap_index = 2841, .adv_w = 256, .box_w = 16, .box_h = 14, .ofs_x = 0, .ofs_y = -1},
    {.bitmap_index = 2907, .adv_w = 256, .box_w = 14, .box_h = 14, .ofs_x = 1, .ofs_y = -1},
    {.bitmap_index = 2984, .adv_w = 256, .box_w = 15, .box_h = 16, .ofs_x = 1, .ofs_y = -2},
    {.bitmap_index = 3064, .adv_w = 256, .box_w = 16, .box_h = 15, .ofs_x = 0, .ofs_y = -2},
    {.bitmap_index = 3147, .adv_w = 256, .box_w = 16, .box_h = 15, .ofs_x = 0, .ofs_y = -2},
    {.bitmap_index = 3232, .adv_w = 256, .box_w = 14, .box_h = 15, .ofs_x = 1, .ofs_y = -2},
    {.bitmap_index = 3320, .adv_w = 256, .box_w = 16, .box_h = 15, .ofs_x = 0, .ofs_y = -1},
    {.bitmap_index = 3386, .adv_w = 256, .box_w = 16, .box_h = 15, .ofs_x = 0, .ofs_y = -2},
    {.bitmap_index = 3468, .adv_w = 256, .box_w = 16, .box_h = 15, .ofs_x = 0, .ofs_y = -1},
    {.bitmap_index = 3569, .adv_w = 256, .box_w = 15, .box_h = 15, .ofs_x = 0, .ofs_y = -2},
    {.bitmap_index = 3659, .adv_w = 256, .box_w = 16, .box_h = 16, .ofs_x = 0, .ofs_y = -2},
    {.bitmap_index = 3752, .adv_w = 256, .box_w = 16, .box_h = 16, .ofs_x = 0, .ofs_y = -2},
    {.bitmap_index = 3852, .adv_w = 256, .box_w = 16, .box_h = 16, .ofs_x = 0, .ofs_y = -2},
    {.bitmap_index = 3952, .adv_w = 256, .box_w = 16, .box_h = 16, .ofs_x = 0, .ofs_y = -2},
    {.bitmap_index = 4040, .adv_w = 256, .box_w = 15, .box_h = 16, .ofs_x = 0, .ofs_y = -2},
    {.bitmap_index = 4113, .adv_w = 256, .box_w = 16, .box_h = 15, .ofs_x = 0, .ofs_y = -1},
    {.bitmap_index = 4180, .adv_w = 256, .box_w = 16, .box_h = 15, .ofs_x = 0, .ofs_y = -1},
    {.bitmap_index = 4260, .adv_w = 256, .box_w = 16, .box_h = 16, .ofs_x = 0, .ofs_y = -2},
    {.bitmap_index = 4356, .adv_w = 256, .box_w = 16, .box_h = 15, .ofs_x = 0, .ofs_y = -1},
    {.bitmap_index = 4450, .adv_w = 256, .box_w = 16, .box_h = 16, .ofs_x = 0, .ofs_y = -2},
    {.bitmap_index = 4530, .adv_w = 256, .box_w = 16, .box_h = 16, .ofs_x = 0, .ofs_y = -2},
    {.bitmap_index = 4610, .adv_w = 256, .box_w = 16, .box_h = 16, .ofs_x = 0, .ofs_y = -2},
    {.bitmap_index = 4712, .adv_w = 256, .box_w = 16, .box_h = 15, .ofs_x = 0, .ofs_y = -1},
    {.bitmap_index = 4812, .adv_w = 256, .box_w = 16, .box_h = 15, .ofs_x = 0, .ofs_y = -1},
    {.bitmap_index = 4920, .adv_w = 256, .box_w = 15, .box_h = 14, .ofs_x = 1, .ofs_y = -1},
    {.bitmap_index = 4989, .adv_w = 256, .box_w = 16, .box_h = 15, .ofs_x = 0, .ofs_y = -2},
    {.bitmap_index = 5066, .adv_w = 256, .box_w = 16, .box_h = 15, .ofs_x = 0, .ofs_y = -1},
    {.bitmap_index = 5147, .adv_w = 256, .box_w = 16, .box_h = 14, .ofs_x = 0, .ofs_y = -1},
    {.bitmap_index = 5230, .adv_w = 256, .box_w = 14, .box_h = 15, .ofs_x = 1, .ofs_y = -2},
    {.bitmap_index = 5307, .adv_w = 256, .box_w = 14, .box_h = 16, .ofs_x = 1, .ofs_y = -2},
    {.bitmap_index = 5402, .adv_w = 256, .box_w = 15, .box_h = 14, .ofs_x = 1, .ofs_y = -1},
    {.bitmap_index = 5476, .adv_w = 256, .box_w = 15, .box_h = 16, .ofs_x = 0, .ofs_y = -2},
    {.bitmap_index = 5573, .adv_w = 256, .box_w = 16, .box_h = 15, .ofs_x = 0, .ofs_y = -1},
    {.bitmap_index = 5649, .adv_w = 256, .box_w = 16, .box_h = 15, .ofs_x = 0, .ofs_y = -1},
    {.bitmap_index = 5740, .adv_w = 256, .box_w = 16, .box_h = 14, .ofs_x = 0, .ofs_y = -1},
    {.bitmap_index = 5840, .adv_w = 256, .box_w = 14, .box_h = 14, .ofs_x = 1, .ofs_y = -1},
    {.bitmap_index = 5882, .adv_w = 256, .box_w = 15, .box_h = 15, .ofs_x = 1, .ofs_y = -1},
    {.bitmap_index = 5955, .adv_w = 256, .box_w = 16, .box_h = 15, .ofs_x = 0, .ofs_y = -1},
    {.bitmap_index = 6047, .adv_w = 256, .box_w = 16, .box_h = 14, .ofs_x = 0, .ofs_y = -1},
    {.bitmap_index = 6135, .adv_w = 256, .box_w = 16, .box_h = 12, .ofs_x = 0, .ofs_y = 0},
    {.bitmap_index = 6166, .adv_w = 256, .box_w = 16, .box_h = 15, .ofs_x = 0, .ofs_y = -2},
    {.bitmap_index = 6218, .adv_w = 256, .box_w = 16, .box_h = 15, .ofs_x = 0, .ofs_y = -2},
    {.bitmap_index = 6289, .adv_w = 256, .box_w = 16, .box_h = 15, .ofs_x = 0, .ofs_y = -2},
    {.bitmap_index = 6368, .adv_w = 256, .box_w = 16, .box_h = 14, .ofs_x = 0, .ofs_y = -1},
    {.bitmap_index = 6442, .adv_w = 256, .box_w = 16, .box_h = 13, .ofs_x = 0, .ofs_y = -1},
    {.bitmap_index = 6514, .adv_w = 256, .box_w = 16, .box_h = 15, .ofs_x = 0, .ofs_y = -2},
    {.bitmap_index = 6600, .adv_w = 256, .box_w = 16, .box_h = 14, .ofs_x = 0, .ofs_y = -1},
    {.bitmap_index = 6678, .adv_w = 256, .box_w = 16, .box_h = 14, .ofs_x = 0, .ofs_y = -1},
    {.bitmap_index = 6761, .adv_w = 256, .box_w = 16, .box_h = 15, .ofs_x = 0, .ofs_y = -1},
    {.bitmap_index = 6808, .adv_w = 256, .box_w = 16, .box_h = 16, .ofs_x = 0, .ofs_y = -2},
    {.bitmap_index = 6891, .adv_w = 256, .box_w = 16, .box_h = 16, .ofs_x = 0, .ofs_y = -2},
    {.bitmap_index = 6994, .adv_w = 256, .box_w = 16, .box_h = 16, .ofs_x = 0, .ofs_y = -2},
    {.bitmap_index = 7098, .adv_w = 256, .box_w = 16, .box_h = 16, .ofs_x = 0, .ofs_y = -2},
    {.bitmap_index = 7196, .adv_w = 256, .box_w = 15, .box_h = 16, .ofs_x = 0, .ofs_y = -2},
    {.bitmap_index = 7280, .adv_w = 256, .box_w = 16, .box_h = 15, .ofs_x = 0, .ofs_y = -1},
    {.bitmap_index = 7357, .adv_w = 256, .box_w = 16, .box_h = 15, .ofs_x = 0, .ofs_y = -1},
    {.bitmap_index = 7428, .adv_w = 256, .box_w = 16, .box_h = 15, .ofs_x = 0, .ofs_y = -1},
    {.bitmap_index = 7503, .adv_w = 256, .box_w = 15, .box_h = 15, .ofs_x = 0, .ofs_y = -1},
    {.bitmap_index = 7579, .adv_w = 256, .box_w = 16, .box_h = 15, .ofs_x = 0, .ofs_y = -1},
    {.bitmap_index = 7655, .adv_w = 256, .box_w = 16, .box_h = 16, .ofs_x = 0, .ofs_y = -2},
    {.bitmap_index = 7748, .adv_w = 256, .box_w = 14, .box_h = 15, .ofs_x = 1, .ofs_y = -1},
    {.bitmap_index = 7838, .adv_w = 256, .box_w = 16, .box_h = 15, .ofs_x = 0, .ofs_y = -2},
    {.bitmap_index = 7917, .adv_w = 256, .box_w = 15, .box_h = 15, .ofs_x = 0, .ofs_y = -1},
    {.bitmap_index = 7999, .adv_w = 256, .box_w = 16, .box_h = 16, .ofs_x = 0, .ofs_y = -2},
    {.bitmap_index = 8058, .adv_w = 256, .box_w = 16, .box_h = 15, .ofs_x = 0, .ofs_y = -1},
    {.bitmap_index = 8115, .adv_w = 256, .box_w = 16, .box_h = 16, .ofs_x = 0, .ofs_y = -2},
    {.bitmap_index = 8212, .adv_w = 256, .box_w = 16, .box_h = 16, .ofs_x = 0, .ofs_y = -2},
    {.bitmap_index = 8274, .adv_w = 256, .box_w = 16, .box_h = 15, .ofs_x = 0, .ofs_y = -2},
    {.bitmap_index = 8362, .adv_w = 256, .box_w = 16, .box_h = 16, .ofs_x = 0, .ofs_y = -2},
    {.bitmap_index = 8454, .adv_w = 256, .box_w = 16, .box_h = 15, .ofs_x = 0, .ofs_y = -1},
    {.bitmap_index = 8533, .adv_w = 256, .box_w = 15, .box_h = 16, .ofs_x = 0, .ofs_y = -2},
    {.bitmap_index = 8632, .adv_w = 256, .box_w = 16, .box_h = 16, .ofs_x = 0, .ofs_y = -2},
    {.bitmap_index = 8731, .adv_w = 256, .box_w = 16, .box_h = 15, .ofs_x = 0, .ofs_y = -1},
    {.bitmap_index = 8815, .adv_w = 256, .box_w = 16, .box_h = 15, .ofs_x = 0, .ofs_y = -1},
    {.bitmap_index = 8901, .adv_w = 256, .box_w = 16, .box_h = 16, .ofs_x = 0, .ofs_y = -1},
    {.bitmap_index = 8977, .adv_w = 256, .box_w = 16, .box_h = 15, .ofs_x = 0, .ofs_y = -1},
    {.bitmap_index = 9038, .adv_w = 256, .box_w = 16, .box_h = 14, .ofs_x = 0, .ofs_y = -1},
    {.bitmap_index = 9126, .adv_w = 256, .box_w = 16, .box_h = 15, .ofs_x = 0, .ofs_y = -2},
    {.bitmap_index = 9218, .adv_w = 256, .box_w = 16, .box_h = 15, .ofs_x = 0, .ofs_y = -1},
    {.bitmap_index = 9295, .adv_w = 256, .box_w = 15, .box_h = 15, .ofs_x = 0, .ofs_y = -1},
    {.bitmap_index = 9348, .adv_w = 256, .box_w = 16, .box_h = 15, .ofs_x = 0, .ofs_y = -1},
    {.bitmap_index = 9415, .adv_w = 256, .box_w = 16, .box_h = 16, .ofs_x = 0, .ofs_y = -2},
    {.bitmap_index = 9513, .adv_w = 256, .box_w = 16, .box_h = 16, .ofs_x = 0, .ofs_y = -2},
    {.bitmap_index = 9608, .adv_w = 256, .box_w = 15, .box_h = 16, .ofs_x = 1, .ofs_y = -2},
    {.bitmap_index = 9700, .adv_w = 256, .box_w = 16, .box_h = 16, .ofs_x = 0, .ofs_y = -2},
    {.bitmap_index = 9807, .adv_w = 256, .box_w = 15, .box_h = 15, .ofs_x = 0, .ofs_y = -1},
    {.bitmap_index = 9863, .adv_w = 256, .box_w = 15, .box_h = 15, .ofs_x = 0, .ofs_y = -1},
    {.bitmap_index = 9939, .adv_w = 256, .box_w = 16, .box_h = 15, .ofs_x = 0, .ofs_y = -1},
    {.bitmap_index = 10008, .adv_w = 256, .box_w = 16, .box_h = 15, .ofs_x = 0, .ofs_y = -1},
    {.bitmap_index = 10080, .adv_w = 256, .box_w = 16, .box_h = 16, .ofs_x = 0, .ofs_y = -2},
    {.bitmap_index = 10174, .adv_w = 256, .box_w = 16, .box_h = 15, .ofs_x = 0, .ofs_y = -1},
    {.bitmap_index = 10249, .adv_w = 256, .box_w = 16, .box_h = 16, .ofs_x = 0, .ofs_y = -2},
    {.bitmap_index = 10355, .adv_w = 256, .box_w = 16, .box_h = 16, .ofs_x = 0, .ofs_y = -2},
    {.bitmap_index = 10457, .adv_w = 256, .box_w = 16, .box_h = 15, .ofs_x = 0, .ofs_y = -1},
    {.bitmap_index = 10537, .adv_w = 256, .box_w = 16, .box_h = 17, .ofs_x = 0, .ofs_y = -2},
    {.bitmap_index = 10631, .adv_w = 256, .box_w = 16, .box_h = 15, .ofs_x = 0, .ofs_y = -1},
    {.bitmap_index = 10725, .adv_w = 256, .box_w = 16, .box_h = 15, .ofs_x = 0, .ofs_y = -2},
    {.bitmap_index = 10822, .adv_w = 256, .box_w = 16, .box_h = 15, .ofs_x = 0, .ofs_y = -1},
    {.bitmap_index = 10911, .adv_w = 256, .box_w = 16, .box_h = 15, .ofs_x = 0, .ofs_y = -1},
    {.bitmap_index = 11009, .adv_w = 256, .box_w = 16, .box_h = 15, .ofs_x = 0, .ofs_y = -1},
    {.bitmap_index = 11095, .adv_w = 256, .box_w = 16, .box_h = 16, .ofs_x = 0, .ofs_y = -2},
    {.bitmap_index = 11202, .adv_w = 256, .box_w = 16, .box_h = 15, .ofs_x = 0, .ofs_y = -1},
    {.bitmap_index = 11292, .adv_w = 256, .box_w = 16, .box_h = 15, .ofs_x = 0, .ofs_y = -1},
    {.bitmap_index = 11386, .adv_w = 256, .box_w = 16, .box_h = 16, .ofs_x = 0, .ofs_y = -2},
    {.bitmap_index = 11488, .adv_w = 256, .box_w = 16, .box_h = 15, .ofs_x = 0, .ofs_y = -1},
    {.bitmap_index = 11572, .adv_w = 256, .box_w = 16, .box_h = 15, .ofs_x = 0, .ofs_y = -2},
    {.bitmap_index = 11663, .adv_w = 256, .box_w = 16, .box_h = 16, .ofs_x = 0, .ofs_y = -2},
    {.bitmap_index = 11761, .adv_w = 256, .box_w = 16, .box_h = 16, .ofs_x = 0, .ofs_y = -2},
    {.bitmap_index = 11862, .adv_w = 256, .box_w = 16, .box_h = 15, .ofs_x = 0, .ofs_y = -1},
    {.bitmap_index = 11954, .adv_w = 256, .box_w = 15, .box_h = 16, .ofs_x = 0, .ofs_y = -2},
    {.bitmap_index = 12051, .adv_w = 256, .box_w = 15, .box_h = 15, .ofs_x = 0, .ofs_y = -1},
    {.bitmap_index = 12121, .adv_w = 256, .box_w = 16, .box_h = 15, .ofs_x = 0, .ofs_y = -2},
    {.bitmap_index = 12197, .adv_w = 256, .box_w = 16, .box_h = 15, .ofs_x = 0, .ofs_y = -1},
    {.bitmap_index = 12275, .adv_w = 256, .box_w = 16, .box_h = 16, .ofs_x = 0, .ofs_y = -2},
    {.bitmap_index = 12375, .adv_w = 256, .box_w = 16, .box_h = 15, .ofs_x = 0, .ofs_y = -1},
    {.bitmap_index = 12459, .adv_w = 256, .box_w = 16, .box_h = 15, .ofs_x = 0, .ofs_y = -1},
    {.bitmap_index = 12539, .adv_w = 256, .box_w = 16, .box_h = 15, .ofs_x = 0, .ofs_y = -1},
    {.bitmap_index = 12635, .adv_w = 256, .box_w = 15, .box_h = 15, .ofs_x = 0, .ofs_y = -1},
    {.bitmap_index = 12702, .adv_w = 256, .box_w = 16, .box_h = 15, .ofs_x = 0, .ofs_y = -1},
    {.bitmap_index = 12775, .adv_w = 256, .box_w = 16, .box_h = 15, .ofs_x = 0, .ofs_y = -1},
    {.bitmap_index = 12868, .adv_w = 256, .box_w = 16, .box_h = 16, .ofs_x = 0, .ofs_y = -2},
    {.bitmap_index = 12971, .adv_w = 256, .box_w = 16, .box_h = 15, .ofs_x = 0, .ofs_y = -1},
    {.bitmap_index = 13050, .adv_w = 256, .box_w = 16, .box_h = 15, .ofs_x = 0, .ofs_y = -1},
    {.bitmap_index = 13140, .adv_w = 256, .box_w = 16, .box_h = 16, .ofs_x = 0, .ofs_y = -2},
    {.bitmap_index = 13232, .adv_w = 256, .box_w = 16, .box_h = 14, .ofs_x = 0, .ofs_y = -1},
    {.bitmap_index = 13321, .adv_w = 256, .box_w = 16, .box_h = 16, .ofs_x = 0, .ofs_y = -2},
    {.bitmap_index = 13404, .adv_w = 256, .box_w = 16, .box_h = 16, .ofs_x = 0, .ofs_y = -2},
    {.bitmap_index = 13511, .adv_w = 256, .box_w = 16, .box_h = 16, .ofs_x = 0, .ofs_y = -2},
    {.bitmap_index = 13619, .adv_w = 256, .box_w = 16, .box_h = 15, .ofs_x = 0, .ofs_y = -1},
    {.bitmap_index = 13695, .adv_w = 256, .box_w = 16, .box_h = 16, .ofs_x = 0, .ofs_y = -2},
    {.bitmap_index = 13792, .adv_w = 256, .box_w = 16, .box_h = 16, .ofs_x = 0, .ofs_y = -2},
    {.bitmap_index = 13889, .adv_w = 256, .box_w = 16, .box_h = 16, .ofs_x = 0, .ofs_y = -2},
    {.bitmap_index = 13989, .adv_w = 256, .box_w = 16, .box_h = 14, .ofs_x = 0, .ofs_y = -1},
    {.bitmap_index = 14086, .adv_w = 256, .box_w = 16, .box_h = 15, .ofs_x = 0, .ofs_y = -1},
    {.bitmap_index = 14175, .adv_w = 256, .box_w = 15, .box_h = 15, .ofs_x = 0, .ofs_y = -1},
    {.bitmap_index = 14250, .adv_w = 256, .box_w = 16, .box_h = 14, .ofs_x = 0, .ofs_y = -1},
    {.bitmap_index = 14334, .adv_w = 256, .box_w = 16, .box_h = 15, .ofs_x = 0, .ofs_y = -1},
    {.bitmap_index = 14428, .adv_w = 256, .box_w = 16, .box_h = 15, .ofs_x = 0, .ofs_y = -1},
    {.bitmap_index = 14525, .adv_w = 256, .box_w = 16, .box_h = 16, .ofs_x = 0, .ofs_y = -2},
    {.bitmap_index = 14634, .adv_w = 256, .box_w = 15, .box_h = 16, .ofs_x = 0, .ofs_y = -2},
    {.bitmap_index = 14728, .adv_w = 256, .box_w = 16, .box_h = 15, .ofs_x = 0, .ofs_y = -1},
    {.bitmap_index = 14818, .adv_w = 256, .box_w = 15, .box_h = 16, .ofs_x = 0, .ofs_y = -2},
    {.bitmap_index = 14903, .adv_w = 256, .box_w = 16, .box_h = 16, .ofs_x = 0, .ofs_y = -2},
    {.bitmap_index = 14997, .adv_w = 256, .box_w = 16, .box_h = 16, .ofs_x = 0, .ofs_y = -2},
    {.bitmap_index = 15100, .adv_w = 256, .box_w = 16, .box_h = 15, .ofs_x = 0, .ofs_y = -1},
    {.bitmap_index = 15197, .adv_w = 256, .box_w = 15, .box_h = 15, .ofs_x = 0, .ofs_y = -1},
    {.bitmap_index = 15267, .adv_w = 256, .box_w = 16, .box_h = 15, .ofs_x = 0, .ofs_y = -2},
    {.bitmap_index = 15375, .adv_w = 256, .box_w = 16, .box_h = 15, .ofs_x = 0, .ofs_y = -2},
    {.bitmap_index = 15467, .adv_w = 256, .box_w = 15, .box_h = 16, .ofs_x = 0, .ofs_y = -2},
    {.bitmap_index = 15553, .adv_w = 256, .box_w = 16, .box_h = 16, .ofs_x = 0, .ofs_y = -2},
    {.bitmap_index = 15656, .adv_w = 256, .box_w = 16, .box_h = 15, .ofs_x = 0, .ofs_y = -1},
    {.bitmap_index = 15751, .adv_w = 256, .box_w = 16, .box_h = 16, .ofs_x = 0, .ofs_y = -2},
    {.bitmap_index = 15855, .adv_w = 256, .box_w = 16, .box_h = 16, .ofs_x = 0, .ofs_y = -2},
    {.bitmap_index = 15961, .adv_w = 256, .box_w = 16, .box_h = 16, .ofs_x = 0, .ofs_y = -2},
    {.bitmap_index = 16057, .adv_w = 256, .box_w = 16, .box_h = 16, .ofs_x = 0, .ofs_y = -2},
    {.bitmap_index = 16166, .adv_w = 256, .box_w = 16, .box_h = 16, .ofs_x = 0, .ofs_y = -2},
    {.bitmap_index = 16263, .adv_w = 256, .box_w = 16, .box_h = 16, .ofs_x = 0, .ofs_y = -2},
    {.bitmap_index = 16378, .adv_w = 256, .box_w = 16, .box_h = 16, .ofs_x = 0, .ofs_y = -2},
    {.bitmap_index = 16491, .adv_w = 256, .box_w = 15, .box_h = 14, .ofs_x = 0, .ofs_y = -1},
    {.bitmap_index = 16570, .adv_w = 256, .box_w = 15, .box_h = 16, .ofs_x = 0, .ofs_y = -2},
    {.bitmap_index = 16666, .adv_w = 256, .box_w = 16, .box_h = 15, .ofs_x = 0, .ofs_y = -1},
    {.bitmap_index = 16764, .adv_w = 256, .box_w = 16, .box_h = 16, .ofs_x = 0, .ofs_y = -1},
    {.bitmap_index = 16862, .adv_w = 256, .box_w = 16, .box_h = 15, .ofs_x = 0, .ofs_y = -1},
    {.bitmap_index = 16958, .adv_w = 256, .box_w = 16, .box_h = 15, .ofs_x = 0, .ofs_y = -1},
    {.bitmap_index = 17047, .adv_w = 256, .box_w = 16, .box_h = 16, .ofs_x = 0, .ofs_y = -2},
    {.bitmap_index = 17125, .adv_w = 256, .box_w = 15, .box_h = 16, .ofs_x = 0, .ofs_y = -2},
    {.bitmap_index = 17223, .adv_w = 256, .box_w = 16, .box_h = 15, .ofs_x = 0, .ofs_y = -1},
    {.bitmap_index = 17321, .adv_w = 256, .box_w = 16, .box_h = 15, .ofs_x = 0, .ofs_y = -1},
    {.bitmap_index = 17426, .adv_w = 256, .box_w = 16, .box_h = 16, .ofs_x = 0, .ofs_y = -2},
    {.bitmap_index = 17530, .adv_w = 256, .box_w = 16, .box_h = 16, .ofs_x = 0, .ofs_y = -2},
    {.bitmap_index = 17629, .adv_w = 256, .box_w = 16, .box_h = 16, .ofs_x = 0, .ofs_y = -2},
    {.bitmap_index = 17737, .adv_w = 256, .box_w = 16, .box_h = 16, .ofs_x = 0, .ofs_y = -2},
    {.bitmap_index = 17832, .adv_w = 256, .box_w = 15, .box_h = 16, .ofs_x = 0, .ofs_y = -2},
    {.bitmap_index = 17933, .adv_w = 256, .box_w = 16, .box_h = 16, .ofs_x = 0, .ofs_y = -2},
    {.bitmap_index = 18028, .adv_w = 256, .box_w = 16, .box_h = 14, .ofs_x = 0, .ofs_y = -1},
    {.bitmap_index = 18112, .adv_w = 256, .box_w = 16, .box_h = 16, .ofs_x = 0, .ofs_y = -2},
    {.bitmap_index = 18218, .adv_w = 256, .box_w = 16, .box_h = 15, .ofs_x = 0, .ofs_y = -1},
    {.bitmap_index = 18306, .adv_w = 256, .box_w = 16, .box_h = 15, .ofs_x = 0, .ofs_y = -1},
    {.bitmap_index = 18387, .adv_w = 256, .box_w = 15, .box_h = 15, .ofs_x = 0, .ofs_y = -1},
    {.bitmap_index = 18461, .adv_w = 256, .box_w = 16, .box_h = 15, .ofs_x = 0, .ofs_y = -1},
    {.bitmap_index = 18563, .adv_w = 256, .box_w = 16, .box_h = 16, .ofs_x = 0, .ofs_y = -2},
    {.bitmap_index = 18666, .adv_w = 256, .box_w = 16, .box_h = 15, .ofs_x = 0, .ofs_y = -2},
    {.bitmap_index = 18762, .adv_w = 256, .box_w = 16, .box_h = 15, .ofs_x = 0, .ofs_y = -1},
    {.bitmap_index = 18842, .adv_w = 256, .box_w = 16, .box_h = 16, .ofs_x = 0, .ofs_y = -2},
    {.bitmap_index = 18941, .adv_w = 256, .box_w = 16, .box_h = 16, .ofs_x = 0, .ofs_y = -2},
    {.bitmap_index = 19043, .adv_w = 256, .box_w = 15, .box_h = 15, .ofs_x = 0, .ofs_y = -1},
    {.bitmap_index = 19132, .adv_w = 256, .box_w = 16, .box_h = 16, .ofs_x = 0, .ofs_y = -2},
    {.bitmap_index = 19239, .adv_w = 256, .box_w = 16, .box_h = 16, .ofs_x = 0, .ofs_y = -2},
    {.bitmap_index = 19330, .adv_w = 256, .box_w = 16, .box_h = 16, .ofs_x = 0, .ofs_y = -2},
    {.bitmap_index = 19446, .adv_w = 256, .box_w = 16, .box_h = 15, .ofs_x = 0, .ofs_y = -1},
    {.bitmap_index = 19544, .adv_w = 256, .box_w = 16, .box_h = 16, .ofs_x = 0, .ofs_y = -2},
    {.bitmap_index = 19644, .adv_w = 256, .box_w = 16, .box_h = 14, .ofs_x = 0, .ofs_y = -1},
    {.bitmap_index = 19739, .adv_w = 256, .box_w = 16, .box_h = 15, .ofs_x = 0, .ofs_y = -1},
    {.bitmap_index = 19840, .adv_w = 256, .box_w = 16, .box_h = 15, .ofs_x = 0, .ofs_y = -1},
    {.bitmap_index = 19943, .adv_w = 256, .box_w = 16, .box_h = 15, .ofs_x = 0, .ofs_y = -1},
    {.bitmap_index = 20043, .adv_w = 256, .box_w = 16, .box_h = 16, .ofs_x = 0, .ofs_y = -2},
    {.bitmap_index = 20153, .adv_w = 256, .box_w = 16, .box_h = 15, .ofs_x = 0, .ofs_y = -1},
    {.bitmap_index = 20260, .adv_w = 256, .box_w = 16, .box_h = 16, .ofs_x = 0, .ofs_y = -2},
    {.bitmap_index = 20366, .adv_w = 256, .box_w = 16, .box_h = 15, .ofs_x = 0, .ofs_y = -2},
    {.bitmap_index = 20472, .adv_w = 256, .box_w = 16, .box_h = 16, .ofs_x = 0, .ofs_y = -2},
    {.bitmap_index = 20589, .adv_w = 256, .box_w = 16, .box_h = 16, .ofs_x = 0, .ofs_y = -2},
    {.bitmap_index = 20702, .adv_w = 256, .box_w = 16, .box_h = 16, .ofs_x = 0, .ofs_y = -2},
    {.bitmap_index = 20814, .adv_w = 256, .box_w = 17, .box_h = 16, .ofs_x = 0, .ofs_y = -2},
    {.bitmap_index = 20931, .adv_w = 256, .box_w = 15, .box_h = 16, .ofs_x = 0, .ofs_y = -2},
    {.bitmap_index = 21028, .adv_w = 256, .box_w = 16, .box_h = 15, .ofs_x = 0, .ofs_y = -1},
    {.bitmap_index = 21127, .adv_w = 256, .box_w = 16, .box_h = 15, .ofs_x = 0, .ofs_y = -1},
    {.bitmap_index = 21223, .adv_w = 256, .box_w = 16, .box_h = 16, .ofs_x = 0, .ofs_y = -2},
    {.bitmap_index = 21335, .adv_w = 256, .box_w = 16, .box_h = 15, .ofs_x = 0, .ofs_y = -1},
    {.bitmap_index = 21428, .adv_w = 256, .box_w = 15, .box_h = 15, .ofs_x = 0, .ofs_y = -1},
    {.bitmap_index = 21524, .adv_w = 256, .box_w = 16, .box_h = 16, .ofs_x = 0, .ofs_y = -2},
    {.bitmap_index = 21584, .adv_w = 256, .box_w = 16, .box_h = 16, .ofs_x = 0, .ofs_y = -2},
    {.bitmap_index = 21682, .adv_w = 256, .box_w = 16, .box_h = 15, .ofs_x = 0, .ofs_y = -2},
    {.bitmap_index = 21758, .adv_w = 256, .box_w = 16, .box_h = 15, .ofs_x = 0, .ofs_y = -2},
    {.bitmap_index = 21832, .adv_w = 256, .box_w = 16, .box_h = 16, .ofs_x = 0, .ofs_y = -2},
    {.bitmap_index = 21935, .adv_w = 256, .box_w = 16, .box_h = 15, .ofs_x = 0, .ofs_y = -2},
    {.bitmap_index = 22032, .adv_w = 256, .box_w = 16, .box_h = 15, .ofs_x = 0, .ofs_y = -2},
    {.bitmap_index = 22125, .adv_w = 256, .box_w = 16, .box_h = 15, .ofs_x = 0, .ofs_y = -2},
    {.bitmap_index = 22218, .adv_w = 256, .box_w = 16, .box_h = 15, .ofs_x = 0, .ofs_y = -2},
    {.bitmap_index = 22303, .adv_w = 256, .box_w = 16, .box_h = 16, .ofs_x = 0, .ofs_y = -2},
    {.bitmap_index = 22404, .adv_w = 256, .box_w = 15, .box_h = 16, .ofs_x = 1, .ofs_y = -2},
    {.bitmap_index = 22489, .adv_w = 256, .box_w = 16, .box_h = 16, .ofs_x = 0, .ofs_y = -2},
    {.bitmap_index = 22594, .adv_w = 256, .box_w = 16, .box_h = 15, .ofs_x = 0, .ofs_y = -2},
    {.bitmap_index = 22688, .adv_w = 256, .box_w = 16, .box_h = 16, .ofs_x = 0, .ofs_y = -2},
    {.bitmap_index = 22786, .adv_w = 256, .box_w = 16, .box_h = 15, .ofs_x = 0, .ofs_y = -2},
    {.bitmap_index = 22896, .adv_w = 256, .box_w = 16, .box_h = 16, .ofs_x = 0, .ofs_y = -2},
    {.bitmap_index = 22980, .adv_w = 256, .box_w = 16, .box_h = 15, .ofs_x = 0, .ofs_y = -1},
    {.bitmap_index = 23064, .adv_w = 256, .box_w = 16, .box_h = 15, .ofs_x = 0, .ofs_y = -2},
    {.bitmap_index = 23148, .adv_w = 256, .box_w = 16, .box_h = 15, .ofs_x = 0, .ofs_y = -2},
    {.bitmap_index = 23250, .adv_w = 256, .box_w = 16, .box_h = 16, .ofs_x = 0, .ofs_y = -2},
    {.bitmap_index = 23334, .adv_w = 256, .box_w = 16, .box_h = 15, .ofs_x = 0, .ofs_y = -1},
    {.bitmap_index = 23403, .adv_w = 256, .box_w = 16, .box_h = 15, .ofs_x = 0, .ofs_y = -2},
    {.bitmap_index = 23489, .adv_w = 256, .box_w = 16, .box_h = 16, .ofs_x = 0, .ofs_y = -2},
    {.bitmap_index = 23587, .adv_w = 256, .box_w = 16, .box_h = 15, .ofs_x = 0, .ofs_y = -1},
    {.bitmap_index = 23684, .adv_w = 256, .box_w = 16, .box_h = 16, .ofs_x = 0, .ofs_y = -2},
    {.bitmap_index = 23773, .adv_w = 256, .box_w = 16, .box_h = 15, .ofs_x = 0, .ofs_y = -2},
    {.bitmap_index = 23863, .adv_w = 256, .box_w = 16, .box_h = 15, .ofs_x = 0, .ofs_y = -2},
    {.bitmap_index = 23947, .adv_w = 256, .box_w = 16, .box_h = 15, .ofs_x = 0, .ofs_y = -2},
    {.bitmap_index = 24044, .adv_w = 256, .box_w = 16, .box_h = 15, .ofs_x = 0, .ofs_y = -1},
    {.bitmap_index = 24154, .adv_w = 256, .box_w = 16, .box_h = 16, .ofs_x = 0, .ofs_y = -2},
    {.bitmap_index = 24257, .adv_w = 256, .box_w = 16, .box_h = 15, .ofs_x = 0, .ofs_y = -1},
    {.bitmap_index = 24365, .adv_w = 256, .box_w = 16, .box_h = 15, .ofs_x = 0, .ofs_y = -1},
    {.bitmap_index = 24447, .adv_w = 256, .box_w = 16, .box_h = 15, .ofs_x = 0, .ofs_y = -2},
    {.bitmap_index = 24558, .adv_w = 256, .box_w = 14, .box_h = 14, .ofs_x = 1, .ofs_y = -1},
    {.bitmap_index = 24625, .adv_w = 256, .box_w = 14, .box_h = 14, .ofs_x = 1, .ofs_y = -1},
    {.bitmap_index = 24696, .adv_w = 256, .box_w = 16, .box_h = 14, .ofs_x = 0, .ofs_y = -1},
    {.bitmap_index = 24768, .adv_w = 256, .box_w = 16, .box_h = 15, .ofs_x = 0, .ofs_y = -2},
    {.bitmap_index = 24860, .adv_w = 256, .box_w = 16, .box_h = 14, .ofs_x = 0, .ofs_y = -1},
    {.bitmap_index = 24943, .adv_w = 256, .box_w = 14, .box_h = 14, .ofs_x = 1, .ofs_y = -1},
    {.bitmap_index = 25006, .adv_w = 256, .box_w = 15, .box_h = 15, .ofs_x = 0, .ofs_y = -2},
    {.bitmap_index = 25103, .adv_w = 256, .box_w = 15, .box_h = 15, .ofs_x = 0, .ofs_y = -2},
    {.bitmap_index = 25174, .adv_w = 256, .box_w = 14, .box_h = 15, .ofs_x = 1, .ofs_y = -2},
    {.bitmap_index = 25249, .adv_w = 256, .box_w = 14, .box_h = 14, .ofs_x = 1, .ofs_y = -1},
    {.bitmap_index = 25323, .adv_w = 256, .box_w = 16, .box_h = 16, .ofs_x = 0, .ofs_y = -2},
    {.bitmap_index = 25425, .adv_w = 256, .box_w = 16, .box_h = 15, .ofs_x = 0, .ofs_y = -2},
    {.bitmap_index = 25519, .adv_w = 256, .box_w = 16, .box_h = 15, .ofs_x = 0, .ofs_y = -2},
    {.bitmap_index = 25626, .adv_w = 256, .box_w = 16, .box_h = 16, .ofs_x = 0, .ofs_y = -2},
    {.bitmap_index = 25729, .adv_w = 256, .box_w = 15, .box_h = 16, .ofs_x = 0, .ofs_y = -2},
    {.bitmap_index = 25827, .adv_w = 256, .box_w = 16, .box_h = 15, .ofs_x = 0, .ofs_y = -2},
    {.bitmap_index = 25926, .adv_w = 256, .box_w = 15, .box_h = 14, .ofs_x = 0, .ofs_y = -1},
    {.bitmap_index = 26000, .adv_w = 256, .box_w = 16, .box_h = 15, .ofs_x = 0, .ofs_y = -2},
    {.bitmap_index = 26101, .adv_w = 256, .box_w = 16, .box_h = 15, .ofs_x = 0, .ofs_y = -2},
    {.bitmap_index = 26192, .adv_w = 256, .box_w = 16, .box_h = 15, .ofs_x = 0, .ofs_y = -1},
    {.bitmap_index = 26285, .adv_w = 256, .box_w = 16, .box_h = 16, .ofs_x = 0, .ofs_y = -2},
    {.bitmap_index = 26392, .adv_w = 256, .box_w = 16, .box_h = 15, .ofs_x = 0, .ofs_y = -1},
    {.bitmap_index = 26492, .adv_w = 256, .box_w = 16, .box_h = 16, .ofs_x = 0, .ofs_y = -2},
    {.bitmap_index = 26605, .adv_w = 256, .box_w = 16, .box_h = 15, .ofs_x = 0, .ofs_y = -2},
    {.bitmap_index = 26715, .adv_w = 256, .box_w = 16, .box_h = 15, .ofs_x = 0, .ofs_y = -1},
    {.bitmap_index = 26818, .adv_w = 256, .box_w = 16, .box_h = 15, .ofs_x = 0, .ofs_y = -1},
    {.bitmap_index = 26912, .adv_w = 256, .box_w = 15, .box_h = 15, .ofs_x = 0, .ofs_y = -2},
    {.bitmap_index = 27015, .adv_w = 256, .box_w = 16, .box_h = 15, .ofs_x = 0, .ofs_y = -2},
    {.bitmap_index = 27126, .adv_w = 256, .box_w = 16, .box_h = 16, .ofs_x = 0, .ofs_y = -2},
    {.bitmap_index = 27235, .adv_w = 256, .box_w = 16, .box_h = 16, .ofs_x = 0, .ofs_y = -2},
    {.bitmap_index = 27351, .adv_w = 256, .box_w = 16, .box_h = 15, .ofs_x = 0, .ofs_y = -1},
    {.bitmap_index = 27448, .adv_w = 256, .box_w = 16, .box_h = 16, .ofs_x = 0, .ofs_y = -2},
    {.bitmap_index = 27569, .adv_w = 256, .box_w = 16, .box_h = 15, .ofs_x = 0, .ofs_y = -2},
    {.bitmap_index = 27636, .adv_w = 256, .box_w = 16, .box_h = 15, .ofs_x = 0, .ofs_y = -2},
    {.bitmap_index = 27712, .adv_w = 256, .box_w = 16, .box_h = 15, .ofs_x = 0, .ofs_y = -2},
    {.bitmap_index = 27808, .adv_w = 256, .box_w = 16, .box_h = 16, .ofs_x = 0, .ofs_y = -2},
    {.bitmap_index = 27909, .adv_w = 256, .box_w = 15, .box_h = 15, .ofs_x = 1, .ofs_y = -2},
    {.bitmap_index = 27992, .adv_w = 256, .box_w = 16, .box_h = 15, .ofs_x = 0, .ofs_y = -2},
    {.bitmap_index = 28087, .adv_w = 256, .box_w = 16, .box_h = 16, .ofs_x = 0, .ofs_y = -2},
    {.bitmap_index = 28202, .adv_w = 256, .box_w = 14, .box_h = 14, .ofs_x = 1, .ofs_y = -1},
    {.bitmap_index = 28276, .adv_w = 256, .box_w = 14, .box_h = 14, .ofs_x = 1, .ofs_y = -1},
    {.bitmap_index = 28324, .adv_w = 256, .box_w = 14, .box_h = 13, .ofs_x = 1, .ofs_y = -1},
    {.bitmap_index = 28372, .adv_w = 256, .box_w = 14, .box_h = 14, .ofs_x = 1, .ofs_y = -1},
    {.bitmap_index = 28420, .adv_w = 256, .box_w = 14, .box_h = 14, .ofs_x = 1, .ofs_y = -1},
    {.bitmap_index = 28473, .adv_w = 256, .box_w = 14, .box_h = 15, .ofs_x = 1, .ofs_y = -1},
    {.bitmap_index = 28558, .adv_w = 256, .box_w = 16, .box_h = 14, .ofs_x = 0, .ofs_y = -1},
    {.bitmap_index = 28648, .adv_w = 256, .box_w = 15, .box_h = 14, .ofs_x = 0, .ofs_y = -2},
    {.bitmap_index = 28729, .adv_w = 256, .box_w = 14, .box_h = 14, .ofs_x = 1, .ofs_y = -2},
    {.bitmap_index = 28801, .adv_w = 256, .box_w = 15, .box_h = 14, .ofs_x = 0, .ofs_y = -2},
    {.bitmap_index = 28894, .adv_w = 256, .box_w = 16, .box_h = 15, .ofs_x = 0, .ofs_y = -2},
    {.bitmap_index = 28990, .adv_w = 256, .box_w = 16, .box_h = 15, .ofs_x = 0, .ofs_y = -2},
    {.bitmap_index = 29086, .adv_w = 256, .box_w = 15, .box_h = 15, .ofs_x = 0, .ofs_y = -2},
    {.bitmap_index = 29150, .adv_w = 256, .box_w = 15, .box_h = 15, .ofs_x = 0, .ofs_y = -2},
    {.bitmap_index = 29227, .adv_w = 256, .box_w = 15, .box_h = 15, .ofs_x = 0, .ofs_y = -2},
    {.bitmap_index = 29320, .adv_w = 256, .box_w = 15, .box_h = 15, .ofs_x = 0, .ofs_y = -2},
    {.bitmap_index = 29406, .adv_w = 256, .box_w = 15, .box_h = 16, .ofs_x = 0, .ofs_y = -2},
    {.bitmap_index = 29495, .adv_w = 256, .box_w = 15, .box_h = 15, .ofs_x = 0, .ofs_y = -2},
    {.bitmap_index = 29565, .adv_w = 256, .box_w = 14, .box_h = 15, .ofs_x = 1, .ofs_y = -2},
    {.bitmap_index = 29646, .adv_w = 256, .box_w = 15, .box_h = 16, .ofs_x = 0, .ofs_y = -2},
    {.bitmap_index = 29736, .adv_w = 256, .box_w = 15, .box_h = 16, .ofs_x = 0, .ofs_y = -2},
    {.bitmap_index = 29844, .adv_w = 256, .box_w = 15, .box_h = 15, .ofs_x = 0, .ofs_y = -2},
    {.bitmap_index = 29933, .adv_w = 256, .box_w = 15, .box_h = 15, .ofs_x = 0, .ofs_y = -2},
    {.bitmap_index = 30023, .adv_w = 256, .box_w = 15, .box_h = 16, .ofs_x = 0, .ofs_y = -2},
    {.bitmap_index = 30112, .adv_w = 256, .box_w = 15, .box_h = 16, .ofs_x = 0, .ofs_y = -2},
    {.bitmap_index = 30198, .adv_w = 256, .box_w = 15, .box_h = 15, .ofs_x = 0, .ofs_y = -2},
    {.bitmap_index = 30287, .adv_w = 256, .box_w = 15, .box_h = 16, .ofs_x = 0, .ofs_y = -2},
    {.bitmap_index = 30372, .adv_w = 256, .box_w = 15, .box_h = 15, .ofs_x = 0, .ofs_y = -2},
    {.bitmap_index = 30461, .adv_w = 256, .box_w = 16, .box_h = 15, .ofs_x = 0, .ofs_y = -2},
    {.bitmap_index = 30551, .adv_w = 256, .box_w = 15, .box_h = 15, .ofs_x = 0, .ofs_y = -2},
    {.bitmap_index = 30635, .adv_w = 256, .box_w = 16, .box_h = 16, .ofs_x = 0, .ofs_y = -2},
    {.bitmap_index = 30747, .adv_w = 256, .box_w = 15, .box_h = 15, .ofs_x = 0, .ofs_y = -2},
    {.bitmap_index = 30841, .adv_w = 256, .box_w = 15, .box_h = 15, .ofs_x = 0, .ofs_y = -2},
    {.bitmap_index = 30925, .adv_w = 256, .box_w = 15, .box_h = 16, .ofs_x = 0, .ofs_y = -2},
    {.bitmap_index = 31026, .adv_w = 256, .box_w = 15, .box_h = 16, .ofs_x = 0, .ofs_y = -2},
    {.bitmap_index = 31123, .adv_w = 256, .box_w = 15, .box_h = 15, .ofs_x = 0, .ofs_y = -2},
    {.bitmap_index = 31212, .adv_w = 256, .box_w = 15, .box_h = 16, .ofs_x = 0, .ofs_y = -2},
    {.bitmap_index = 31301, .adv_w = 256, .box_w = 15, .box_h = 16, .ofs_x = 0, .ofs_y = -2},
    {.bitmap_index = 31399, .adv_w = 256, .box_w = 15, .box_h = 15, .ofs_x = 0, .ofs_y = -2},
    {.bitmap_index = 31483, .adv_w = 256, .box_w = 16, .box_h = 16, .ofs_x = 0, .ofs_y = -2},
    {.bitmap_index = 31578, .adv_w = 256, .box_w = 14, .box_h = 15, .ofs_x = 1, .ofs_y = -2},
    {.bitmap_index = 31658, .adv_w = 256, .box_w = 15, .box_h = 16, .ofs_x = 0, .ofs_y = -2},
    {.bitmap_index = 31756, .adv_w = 256, .box_w = 15, .box_h = 15, .ofs_x = 0, .ofs_y = -2},
    {.bitmap_index = 31846, .adv_w = 256, .box_w = 15, .box_h = 16, .ofs_x = 0, .ofs_y = -2},
    {.bitmap_index = 31937, .adv_w = 256, .box_w = 15, .box_h = 16, .ofs_x = 0, .ofs_y = -2},
    {.bitmap_index = 32031, .adv_w = 256, .box_w = 15, .box_h = 15, .ofs_x = 0, .ofs_y = -2},
    {.bitmap_index = 32122, .adv_w = 256, .box_w = 15, .box_h = 16, .ofs_x = 0, .ofs_y = -2},
    {.bitmap_index = 32225, .adv_w = 256, .box_w = 16, .box_h = 16, .ofs_x = 0, .ofs_y = -2},
    {.bitmap_index = 32334, .adv_w = 256, .box_w = 15, .box_h = 15, .ofs_x = 0, .ofs_y = -2},
    {.bitmap_index = 32419, .adv_w = 256, .box_w = 14, .box_h = 16, .ofs_x = 1, .ofs_y = -2},
    {.bitmap_index = 32508, .adv_w = 256, .box_w = 15, .box_h = 16, .ofs_x = 0, .ofs_y = -2},
    {.bitmap_index = 32610, .adv_w = 256, .box_w = 16, .box_h = 16, .ofs_x = 0, .ofs_y = -2},
    {.bitmap_index = 32726, .adv_w = 256, .box_w = 15, .box_h = 15, .ofs_x = 0, .ofs_y = -2},
    {.bitmap_index = 32804, .adv_w = 256, .box_w = 15, .box_h = 15, .ofs_x = 0, .ofs_y = -2},
    {.bitmap_index = 32907, .adv_w = 256, .box_w = 16, .box_h = 15, .ofs_x = 0, .ofs_y = -2},
    {.bitmap_index = 33008, .adv_w = 256, .box_w = 16, .box_h = 15, .ofs_x = 0, .ofs_y = -2},
    {.bitmap_index = 33106, .adv_w = 256, .box_w = 15, .box_h = 15, .ofs_x = 0, .ofs_y = -2},
    {.bitmap_index = 33193, .adv_w = 256, .box_w = 16, .box_h = 16, .ofs_x = 0, .ofs_y = -2},
    {.bitmap_index = 33302, .adv_w = 256, .box_w = 15, .box_h = 15, .ofs_x = 0, .ofs_y = -2},
    {.bitmap_index = 33400, .adv_w = 256, .box_w = 16, .box_h = 15, .ofs_x = 0, .ofs_y = -2},
    {.bitmap_index = 33502, .adv_w = 256, .box_w = 15, .box_h = 15, .ofs_x = 0, .ofs_y = -2},
    {.bitmap_index = 33603, .adv_w = 256, .box_w = 16, .box_h = 17, .ofs_x = 0, .ofs_y = -2},
    {.bitmap_index = 33722, .adv_w = 256, .box_w = 16, .box_h = 15, .ofs_x = 0, .ofs_y = -2},
    {.bitmap_index = 33828, .adv_w = 256, .box_w = 16, .box_h = 15, .ofs_x = 0, .ofs_y = -2},
    {.bitmap_index = 33933, .adv_w = 256, .box_w = 15, .box_h = 16, .ofs_x = 0, .ofs_y = -2},
    {.bitmap_index = 34037, .adv_w = 256, .box_w = 16, .box_h = 15, .ofs_x = 0, .ofs_y = -2},
    {.bitmap_index = 34139, .adv_w = 256, .box_w = 16, .box_h = 15, .ofs_x = 0, .ofs_y = -2},
    {.bitmap_index = 34251, .adv_w = 256, .box_w = 15, .box_h = 15, .ofs_x = 0, .ofs_y = -2},
    {.bitmap_index = 34357, .adv_w = 256, .box_w = 15, .box_h = 16, .ofs_x = 0, .ofs_y = -2},
    {.bitmap_index = 34458, .adv_w = 256, .box_w = 16, .box_h = 16, .ofs_x = 0, .ofs_y = -2},
    {.bitmap_index = 34571, .adv_w = 256, .box_w = 15, .box_h = 15, .ofs_x = 0, .ofs_y = -2},
    {.bitmap_index = 34664, .adv_w = 256, .box_w = 16, .box_h = 16, .ofs_x = 0, .ofs_y = -2},
    {.bitmap_index = 34778, .adv_w = 256, .box_w = 15, .box_h = 15, .ofs_x = 0, .ofs_y = -2},
    {.bitmap_index = 34885, .adv_w = 256, .box_w = 16, .box_h = 15, .ofs_x = 0, .ofs_y = -2},
    {.bitmap_index = 34982, .adv_w = 256, .box_w = 16, .box_h = 15, .ofs_x = 0, .ofs_y = -2},
    {.bitmap_index = 35097, .adv_w = 256, .box_w = 15, .box_h = 16, .ofs_x = 0, .ofs_y = -2},
    {.bitmap_index = 35181, .adv_w = 256, .box_w = 15, .box_h = 16, .ofs_x = 0, .ofs_y = -2},
    {.bitmap_index = 35279, .adv_w = 256, .box_w = 15, .box_h = 15, .ofs_x = 0, .ofs_y = -1},
    {.bitmap_index = 35381, .adv_w = 256, .box_w = 15, .box_h = 16, .ofs_x = 0, .ofs_y = -2},
    {.bitmap_index = 35475, .adv_w = 256, .box_w = 16, .box_h = 15, .ofs_x = 0, .ofs_y = -1},
    {.bitmap_index = 35563, .adv_w = 256, .box_w = 15, .box_h = 16, .ofs_x = 0, .ofs_y = -2},
    {.bitmap_index = 35672, .adv_w = 256, .box_w = 16, .box_h = 16, .ofs_x = 0, .ofs_y = -2},
    {.bitmap_index = 35766, .adv_w = 256, .box_w = 16, .box_h = 15, .ofs_x = 0, .ofs_y = -1},
    {.bitmap_index = 35852, .adv_w = 256, .box_w = 16, .box_h = 14, .ofs_x = 0, .ofs_y = -1},
    {.bitmap_index = 35920, .adv_w = 256, .box_w = 16, .box_h = 15, .ofs_x = 0, .ofs_y = -2},
    {.bitmap_index = 36021, .adv_w = 256, .box_w = 15, .box_h = 14, .ofs_x = 1, .ofs_y = -1},
    {.bitmap_index = 36083, .adv_w = 256, .box_w = 15, .box_h = 14, .ofs_x = 1, .ofs_y = -1},
    {.bitmap_index = 36156, .adv_w = 256, .box_w = 15, .box_h = 14, .ofs_x = 1, .ofs_y = -1},
    {.bitmap_index = 36226, .adv_w = 256, .box_w = 15, .box_h = 14, .ofs_x = 1, .ofs_y = -1},
    {.bitmap_index = 36299, .adv_w = 256, .box_w = 15, .box_h = 14, .ofs_x = 1, .ofs_y = -1},
    {.bitmap_index = 36379, .adv_w = 256, .box_w = 15, .box_h = 14, .ofs_x = 1, .ofs_y = -1},
    {.bitmap_index = 36454, .adv_w = 256, .box_w = 15, .box_h = 14, .ofs_x = 1, .ofs_y = -1},
    {.bitmap_index = 36530, .adv_w = 256, .box_w = 15, .box_h = 14, .ofs_x = 1, .ofs_y = -1},
    {.bitmap_index = 36610, .adv_w = 256, .box_w = 15, .box_h = 14, .ofs_x = 1, .ofs_y = -1},
    {.bitmap_index = 36694, .adv_w = 256, .box_w = 16, .box_h = 14, .ofs_x = 0, .ofs_y = -1},
    {.bitmap_index = 36722, .adv_w = 256, .box_w = 16, .box_h = 15, .ofs_x = 0, .ofs_y = -1},
    {.bitmap_index = 36776, .adv_w = 256, .box_w = 16, .box_h = 16, .ofs_x = 0, .ofs_y = -2},
    {.bitmap_index = 36855, .adv_w = 256, .box_w = 16, .box_h = 15, .ofs_x = 0, .ofs_y = -1},
    {.bitmap_index = 36915, .adv_w = 256, .box_w = 16, .box_h = 14, .ofs_x = 0, .ofs_y = -1},
    {.bitmap_index = 36994, .adv_w = 256, .box_w = 16, .box_h = 14, .ofs_x = 0, .ofs_y = -1},
    {.bitmap_index = 37060, .adv_w = 256, .box_w = 16, .box_h = 15, .ofs_x = 0, .ofs_y = -1},
    {.bitmap_index = 37146, .adv_w = 256, .box_w = 16, .box_h = 15, .ofs_x = 0, .ofs_y = -2},
    {.bitmap_index = 37244, .adv_w = 256, .box_w = 16, .box_h = 15, .ofs_x = 0, .ofs_y = -1},
    {.bitmap_index = 37331, .adv_w = 256, .box_w = 16, .box_h = 15, .ofs_x = 0, .ofs_y = -1},
    {.bitmap_index = 37415, .adv_w = 256, .box_w = 16, .box_h = 14, .ofs_x = 0, .ofs_y = -1},
    {.bitmap_index = 37482, .adv_w = 256, .box_w = 16, .box_h = 15, .ofs_x = 0, .ofs_y = -1},
    {.bitmap_index = 37570, .adv_w = 256, .box_w = 15, .box_h = 15, .ofs_x = 1, .ofs_y = -2},
    {.bitmap_index = 37664, .adv_w = 256, .box_w = 16, .box_h = 15, .ofs_x = 0, .ofs_y = -2},
    {.bitmap_index = 37753, .adv_w = 256, .box_w = 16, .box_h = 14, .ofs_x = 0, .ofs_y = -1},
    {.bitmap_index = 37846, .adv_w = 256, .box_w = 10, .box_h = 14, .ofs_x = 5, .ofs_y = -1},
    {.bitmap_index = 37875, .adv_w = 256, .box_w = 16, .box_h = 15, .ofs_x = 0, .ofs_y = -1},
    {.bitmap_index = 37935, .adv_w = 256, .box_w = 13, .box_h = 14, .ofs_x = 2, .ofs_y = -1},
    {.bitmap_index = 37983, .adv_w = 256, .box_w = 16, .box_h = 14, .ofs_x = 0, .ofs_y = -1},
    {.bitmap_index = 38045, .adv_w = 256, .box_w = 15, .box_h = 15, .ofs_x = 0, .ofs_y = -2},
    {.bitmap_index = 38114, .adv_w = 256, .box_w = 14, .box_h = 14, .ofs_x = 1, .ofs_y = -1},
    {.bitmap_index = 38189, .adv_w = 256, .box_w = 15, .box_h = 14, .ofs_x = 1, .ofs_y = -1},
    {.bitmap_index = 38261, .adv_w = 256, .box_w = 16, .box_h = 14, .ofs_x = 0, .ofs_y = -1},
    {.bitmap_index = 38305, .adv_w = 256, .box_w = 14, .box_h = 16, .ofs_x = 1, .ofs_y = -2},
    {.bitmap_index = 38379, .adv_w = 256, .box_w = 14, .box_h = 15, .ofs_x = 1, .ofs_y = -1},
    {.bitmap_index = 38445, .adv_w = 256, .box_w = 16, .box_h = 17, .ofs_x = 0, .ofs_y = -2},
    {.bitmap_index = 38547, .adv_w = 256, .box_w = 14, .box_h = 14, .ofs_x = 1, .ofs_y = -1},
    {.bitmap_index = 38619, .adv_w = 256, .box_w = 15, .box_h = 14, .ofs_x = 0, .ofs_y = -1},
    {.bitmap_index = 38704, .adv_w = 256, .box_w = 14, .box_h = 16, .ofs_x = 1, .ofs_y = -2},
    {.bitmap_index = 38792, .adv_w = 256, .box_w = 16, .box_h = 15, .ofs_x = 0, .ofs_y = -1},
    {.bitmap_index = 38895, .adv_w = 256, .box_w = 15, .box_h = 16, .ofs_x = 0, .ofs_y = -1},
    {.bitmap_index = 38985, .adv_w = 256, .box_w = 15, .box_h = 16, .ofs_x = 0, .ofs_y = -2},
    {.bitmap_index = 39082, .adv_w = 256, .box_w = 15, .box_h = 14, .ofs_x = 0, .ofs_y = -1},
    {.bitmap_index = 39137, .adv_w = 256, .box_w = 16, .box_h = 15, .ofs_x = 0, .ofs_y = -2},
    {.bitmap_index = 39220, .adv_w = 256, .box_w = 16, .box_h = 14, .ofs_x = 0, .ofs_y = -1},
    {.bitmap_index = 39287, .adv_w = 256, .box_w = 16, .box_h = 15, .ofs_x = 0, .ofs_y = -2},
    {.bitmap_index = 39382, .adv_w = 256, .box_w = 16, .box_h = 15, .ofs_x = 0, .ofs_y = -2},
    {.bitmap_index = 39476, .adv_w = 256, .box_w = 16, .box_h = 15, .ofs_x = 0, .ofs_y = -2},
    {.bitmap_index = 39557, .adv_w = 256, .box_w = 16, .box_h = 15, .ofs_x = 0, .ofs_y = -2},
    {.bitmap_index = 39654, .adv_w = 256, .box_w = 16, .box_h = 15, .ofs_x = 0, .ofs_y = -2},
    {.bitmap_index = 39737, .adv_w = 256, .box_w = 16, .box_h = 15, .ofs_x = 0, .ofs_y = -2},
    {.bitmap_index = 39830, .adv_w = 256, .box_w = 16, .box_h = 15, .ofs_x = 0, .ofs_y = -2},
    {.bitmap_index = 39917, .adv_w = 256, .box_w = 16, .box_h = 14, .ofs_x = 0, .ofs_y = -1},
    {.bitmap_index = 40006, .adv_w = 256, .box_w = 16, .box_h = 15, .ofs_x = 0, .ofs_y = -2},
    {.bitmap_index = 40106, .adv_w = 256, .box_w = 16, .box_h = 15, .ofs_x = 0, .ofs_y = -2},
    {.bitmap_index = 40202, .adv_w = 256, .box_w = 16, .box_h = 15, .ofs_x = 0, .ofs_y = -2},
    {.bitmap_index = 40302, .adv_w = 256, .box_w = 16, .box_h = 15, .ofs_x = 0, .ofs_y = -2},
    {.bitmap_index = 40409, .adv_w = 256, .box_w = 16, .box_h = 14, .ofs_x = 0, .ofs_y = -1},
    {.bitmap_index = 40488, .adv_w = 256, .box_w = 16, .box_h = 15, .ofs_x = 0, .ofs_y = -2},
    {.bitmap_index = 40574, .adv_w = 256, .box_w = 16, .box_h = 15, .ofs_x = 0, .ofs_y = -1},
    {.bitmap_index = 40665, .adv_w = 256, .box_w = 16, .box_h = 16, .ofs_x = 0, .ofs_y = -2},
    {.bitmap_index = 40775, .adv_w = 256, .box_w = 16, .box_h = 15, .ofs_x = 0, .ofs_y = -2},
    {.bitmap_index = 40863, .adv_w = 256, .box_w = 16, .box_h = 15, .ofs_x = 0, .ofs_y = -2},
    {.bitmap_index = 40954, .adv_w = 256, .box_w = 16, .box_h = 15, .ofs_x = 0, .ofs_y = -2},
    {.bitmap_index = 41058, .adv_w = 256, .box_w = 16, .box_h = 15, .ofs_x = 0, .ofs_y = -2},
    {.bitmap_index = 41153, .adv_w = 256, .box_w = 16, .box_h = 15, .ofs_x = 0, .ofs_y = -2},
    {.bitmap_index = 41263, .adv_w = 256, .box_w = 15, .box_h = 16, .ofs_x = 0, .ofs_y = -2},
    {.bitmap_index = 41362, .adv_w = 256, .box_w = 16, .box_h = 16, .ofs_x = 0, .ofs_y = -2},
    {.bitmap_index = 41472, .adv_w = 256, .box_w = 16, .box_h = 15, .ofs_x = 0, .ofs_y = -2},
    {.bitmap_index = 41579, .adv_w = 256, .box_w = 16, .box_h = 15, .ofs_x = 0, .ofs_y = -2},
    {.bitmap_index = 41682, .adv_w = 256, .box_w = 16, .box_h = 17, .ofs_x = 0, .ofs_y = -2},
    {.bitmap_index = 41794, .adv_w = 256, .box_w = 16, .box_h = 16, .ofs_x = 0, .ofs_y = -2},
    {.bitmap_index = 41900, .adv_w = 256, .box_w = 16, .box_h = 16, .ofs_x = 0, .ofs_y = -2},
    {.bitmap_index = 42020, .adv_w = 256, .box_w = 16, .box_h = 16, .ofs_x = 0, .ofs_y = -2},
    {.bitmap_index = 42138, .adv_w = 256, .box_w = 16, .box_h = 15, .ofs_x = 0, .ofs_y = -1},
    {.bitmap_index = 42235, .adv_w = 256, .box_w = 13, .box_h = 13, .ofs_x = 2, .ofs_y = -1},
    {.bitmap_index = 42264, .adv_w = 256, .box_w = 16, .box_h = 14, .ofs_x = 0, .ofs_y = -1},
    {.bitmap_index = 42314, .adv_w = 256, .box_w = 15, .box_h = 16, .ofs_x = 0, .ofs_y = -2},
    {.bitmap_index = 42402, .adv_w = 256, .box_w = 15, .box_h = 15, .ofs_x = 0, .ofs_y = -2},
    {.bitmap_index = 42479, .adv_w = 256, .box_w = 16, .box_h = 15, .ofs_x = 0, .ofs_y = -2},
    {.bitmap_index = 42544, .adv_w = 256, .box_w = 14, .box_h = 14, .ofs_x = 1, .ofs_y = -1},
    {.bitmap_index = 42592, .adv_w = 256, .box_w = 14, .box_h = 14, .ofs_x = 0, .ofs_y = -1},
    {.bitmap_index = 42658, .adv_w = 256, .box_w = 15, .box_h = 16, .ofs_x = 1, .ofs_y = -2},
    {.bitmap_index = 42755, .adv_w = 256, .box_w = 15, .box_h = 14, .ofs_x = 1, .ofs_y = -1},
    {.bitmap_index = 42807, .adv_w = 256, .box_w = 16, .box_h = 14, .ofs_x = 0, .ofs_y = -1},
    {.bitmap_index = 42863, .adv_w = 256, .box_w = 14, .box_h = 15, .ofs_x = 1, .ofs_y = -1},
    {.bitmap_index = 42935, .adv_w = 256, .box_w = 16, .box_h = 15, .ofs_x = 0, .ofs_y = -2},
    {.bitmap_index = 43018, .adv_w = 256, .box_w = 16, .box_h = 15, .ofs_x = 0, .ofs_y = -1},
    {.bitmap_index = 43091, .adv_w = 256, .box_w = 15, .box_h = 14, .ofs_x = 1, .ofs_y = -1},
    {.bitmap_index = 43146, .adv_w = 256, .box_w = 14, .box_h = 15, .ofs_x = 1, .ofs_y = -2},
    {.bitmap_index = 43214, .adv_w = 256, .box_w = 14, .box_h = 14, .ofs_x = 1, .ofs_y = -1},
    {.bitmap_index = 43273, .adv_w = 256, .box_w = 15, .box_h = 14, .ofs_x = 1, .ofs_y = -2},
    {.bitmap_index = 43359, .adv_w = 256, .box_w = 14, .box_h = 14, .ofs_x = 1, .ofs_y = -2},
    {.bitmap_index = 43435, .adv_w = 256, .box_w = 15, .box_h = 14, .ofs_x = 1, .ofs_y = -1},
    {.bitmap_index = 43502, .adv_w = 256, .box_w = 15, .box_h = 15, .ofs_x = 1, .ofs_y = -1},
    {.bitmap_index = 43589, .adv_w = 256, .box_w = 16, .box_h = 15, .ofs_x = 0, .ofs_y = -1},
    {.bitmap_index = 43676, .adv_w = 256, .box_w = 16, .box_h = 15, .ofs_x = 0, .ofs_y = -1},
    {.bitmap_index = 43747, .adv_w = 256, .box_w = 14, .box_h = 14, .ofs_x = 1, .ofs_y = -1},
    {.bitmap_index = 43803, .adv_w = 256, .box_w = 14, .box_h = 14, .ofs_x = 1, .ofs_y = -1},
    {.bitmap_index = 43865, .adv_w = 256, .box_w = 14, .box_h = 14, .ofs_x = 1, .ofs_y = -1},
    {.bitmap_index = 43921, .adv_w = 256, .box_w = 14, .box_h = 15, .ofs_x = 0, .ofs_y = -1},
    {.bitmap_index = 43996, .adv_w = 256, .box_w = 16, .box_h = 16, .ofs_x = 0, .ofs_y = -2},
    {.bitmap_index = 44081, .adv_w = 256, .box_w = 16, .box_h = 15, .ofs_x = 0, .ofs_y = -2},
    {.bitmap_index = 44171, .adv_w = 256, .box_w = 15, .box_h = 14, .ofs_x = 1, .ofs_y = -1},
    {.bitmap_index = 44235, .adv_w = 256, .box_w = 14, .box_h = 15, .ofs_x = 1, .ofs_y = -1},
    {.bitmap_index = 44300, .adv_w = 256, .box_w = 16, .box_h = 14, .ofs_x = 0, .ofs_y = -1},
    {.bitmap_index = 44364, .adv_w = 256, .box_w = 12, .box_h = 14, .ofs_x = 2, .ofs_y = -1},
    {.bitmap_index = 44409, .adv_w = 256, .box_w = 14, .box_h = 16, .ofs_x = 1, .ofs_y = -2},
    {.bitmap_index = 44492, .adv_w = 256, .box_w = 16, .box_h = 14, .ofs_x = 0, .ofs_y = -1},
    {.bitmap_index = 44574, .adv_w = 256, .box_w = 16, .box_h = 15, .ofs_x = 0, .ofs_y = -1},
    {.bitmap_index = 44658, .adv_w = 256, .box_w = 16, .box_h = 14, .ofs_x = 0, .ofs_y = -1},
    {.bitmap_index = 44739, .adv_w = 256, .box_w = 15, .box_h = 16, .ofs_x = 1, .ofs_y = -2},
    {.bitmap_index = 44834, .adv_w = 256, .box_w = 15, .box_h = 15, .ofs_x = 1, .ofs_y = -2},
    {.bitmap_index = 44926, .adv_w = 256, .box_w = 16, .box_h = 14, .ofs_x = 0, .ofs_y = -1},
    {.bitmap_index = 45004, .adv_w = 256, .box_w = 15, .box_h = 14, .ofs_x = 1, .ofs_y = -1},
    {.bitmap_index = 45072, .adv_w = 256, .box_w = 15, .box_h = 15, .ofs_x = 1, .ofs_y = -2},
    {.bitmap_index = 45149, .adv_w = 256, .box_w = 15, .box_h = 16, .ofs_x = 1, .ofs_y = -2},
    {.bitmap_index = 45253, .adv_w = 256, .box_w = 16, .box_h = 15, .ofs_x = 0, .ofs_y = -1},
    {.bitmap_index = 45335, .adv_w = 256, .box_w = 14, .box_h = 15, .ofs_x = 1, .ofs_y = -1},
    {.bitmap_index = 45408, .adv_w = 256, .box_w = 15, .box_h = 16, .ofs_x = 1, .ofs_y = -2},
    {.bitmap_index = 45495, .adv_w = 256, .box_w = 15, .box_h = 16, .ofs_x = 1, .ofs_y = -2},
    {.bitmap_index = 45595, .adv_w = 256, .box_w = 15, .box_h = 16, .ofs_x = 0, .ofs_y = -2},
    {.bitmap_index = 45673, .adv_w = 256, .box_w = 15, .box_h = 15, .ofs_x = 1, .ofs_y = -2},
    {.bitmap_index = 45767, .adv_w = 256, .box_w = 16, .box_h = 15, .ofs_x = 0, .ofs_y = -2},
    {.bitmap_index = 45852, .adv_w = 256, .box_w = 15, .box_h = 15, .ofs_x = 1, .ofs_y = -2},
    {.bitmap_index = 45939, .adv_w = 256, .box_w = 15, .box_h = 15, .ofs_x = 1, .ofs_y = -2},
    {.bitmap_index = 46040, .adv_w = 256, .box_w = 15, .box_h = 16, .ofs_x = 1, .ofs_y = -2},
    {.bitmap_index = 46139, .adv_w = 256, .box_w = 14, .box_h = 16, .ofs_x = 1, .ofs_y = -2},
    {.bitmap_index = 46238, .adv_w = 256, .box_w = 15, .box_h = 15, .ofs_x = 1, .ofs_y = -1},
    {.bitmap_index = 46315, .adv_w = 256, .box_w = 16, .box_h = 14, .ofs_x = 0, .ofs_y = -1},
    {.bitmap_index = 46384, .adv_w = 256, .box_w = 15, .box_h = 15, .ofs_x = 1, .ofs_y = -2},
    {.bitmap_index = 46471, .adv_w = 256, .box_w = 16, .box_h = 14, .ofs_x = 0, .ofs_y = -1},
    {.bitmap_index = 46549, .adv_w = 256, .box_w = 14, .box_h = 14, .ofs_x = 1, .ofs_y = -1},
    {.bitmap_index = 46611, .adv_w = 256, .box_w = 16, .box_h = 14, .ofs_x = 0, .ofs_y = -1},
    {.bitmap_index = 46681, .adv_w = 256, .box_w = 14, .box_h = 14, .ofs_x = 1, .ofs_y = -1},
    {.bitmap_index = 46755, .adv_w = 256, .box_w = 15, .box_h = 14, .ofs_x = 1, .ofs_y = -1},
    {.bitmap_index = 46834, .adv_w = 256, .box_w = 15, .box_h = 15, .ofs_x = 1, .ofs_y = -2},
    {.bitmap_index = 46906, .adv_w = 256, .box_w = 15, .box_h = 15, .ofs_x = 1, .ofs_y = -1},
    {.bitmap_index = 46997, .adv_w = 256, .box_w = 14, .box_h = 16, .ofs_x = 1, .ofs_y = -2},
    {.bitmap_index = 47076, .adv_w = 256, .box_w = 14, .box_h = 15, .ofs_x = 1, .ofs_y = -2},
    {.bitmap_index = 47164, .adv_w = 256, .box_w = 14, .box_h = 15, .ofs_x = 0, .ofs_y = -2},
    {.bitmap_index = 47249, .adv_w = 256, .box_w = 15, .box_h = 14, .ofs_x = 1, .ofs_y = -1},
    {.bitmap_index = 47335, .adv_w = 256, .box_w = 15, .box_h = 15, .ofs_x = 1, .ofs_y = -2},
    {.bitmap_index = 47405, .adv_w = 256, .box_w = 15, .box_h = 14, .ofs_x = 1, .ofs_y = -1},
    {.bitmap_index = 47484, .adv_w = 256, .box_w = 14, .box_h = 14, .ofs_x = 1, .ofs_y = -1},
    {.bitmap_index = 47558, .adv_w = 256, .box_w = 15, .box_h = 16, .ofs_x = 1, .ofs_y = -2},
    {.bitmap_index = 47647, .adv_w = 256, .box_w = 16, .box_h = 15, .ofs_x = 0, .ofs_y = -1},
    {.bitmap_index = 47735, .adv_w = 256, .box_w = 15, .box_h = 14, .ofs_x = 1, .ofs_y = -1},
    {.bitmap_index = 47805, .adv_w = 256, .box_w = 15, .box_h = 15, .ofs_x = 1, .ofs_y = -1},
    {.bitmap_index = 47894, .adv_w = 256, .box_w = 14, .box_h = 15, .ofs_x = 1, .ofs_y = -1},
    {.bitmap_index = 47967, .adv_w = 256, .box_w = 15, .box_h = 15, .ofs_x = 0, .ofs_y = -1},
    {.bitmap_index = 48047, .adv_w = 256, .box_w = 16, .box_h = 15, .ofs_x = 0, .ofs_y = -1},
    {.bitmap_index = 48135, .adv_w = 256, .box_w = 15, .box_h = 15, .ofs_x = 1, .ofs_y = -1},
    {.bitmap_index = 48231, .adv_w = 256, .box_w = 15, .box_h = 16, .ofs_x = 1, .ofs_y = -2},
    {.bitmap_index = 48318, .adv_w = 256, .box_w = 16, .box_h = 15, .ofs_x = 0, .ofs_y = -2},
    {.bitmap_index = 48401, .adv_w = 256, .box_w = 15, .box_h = 14, .ofs_x = 1, .ofs_y = -1},
    {.bitmap_index = 48473, .adv_w = 256, .box_w = 14, .box_h = 15, .ofs_x = 1, .ofs_y = -2},
    {.bitmap_index = 48558, .adv_w = 256, .box_w = 15, .box_h = 15, .ofs_x = 1, .ofs_y = -2},
    {.bitmap_index = 48657, .adv_w = 256, .box_w = 16, .box_h = 15, .ofs_x = 0, .ofs_y = -1},
    {.bitmap_index = 48750, .adv_w = 256, .box_w = 15, .box_h = 16, .ofs_x = 1, .ofs_y = -2},
    {.bitmap_index = 48852, .adv_w = 256, .box_w = 15, .box_h = 15, .ofs_x = 1, .ofs_y = -1},
    {.bitmap_index = 48942, .adv_w = 256, .box_w = 14, .box_h = 15, .ofs_x = 1, .ofs_y = -1},
    {.bitmap_index = 49013, .adv_w = 256, .box_w = 15, .box_h = 16, .ofs_x = 1, .ofs_y = -2},
    {.bitmap_index = 49115, .adv_w = 256, .box_w = 16, .box_h = 15, .ofs_x = 0, .ofs_y = -2},
    {.bitmap_index = 49217, .adv_w = 256, .box_w = 14, .box_h = 14, .ofs_x = 1, .ofs_y = -1},
    {.bitmap_index = 49296, .adv_w = 256, .box_w = 16, .box_h = 16, .ofs_x = 0, .ofs_y = -2},
    {.bitmap_index = 49393, .adv_w = 256, .box_w = 14, .box_h = 15, .ofs_x = 1, .ofs_y = -2},
    {.bitmap_index = 49461, .adv_w = 256, .box_w = 15, .box_h = 15, .ofs_x = 1, .ofs_y = -2},
    {.bitmap_index = 49548, .adv_w = 256, .box_w = 15, .box_h = 16, .ofs_x = 1, .ofs_y = -2},
    {.bitmap_index = 49648, .adv_w = 256, .box_w = 15, .box_h = 14, .ofs_x = 1, .ofs_y = -1},
    {.bitmap_index = 49729, .adv_w = 256, .box_w = 15, .box_h = 15, .ofs_x = 1, .ofs_y = -1},
    {.bitmap_index = 49813, .adv_w = 256, .box_w = 16, .box_h = 15, .ofs_x = 0, .ofs_y = -1},
    {.bitmap_index = 49915, .adv_w = 256, .box_w = 14, .box_h = 16, .ofs_x = 1, .ofs_y = -2},
    {.bitmap_index = 49990, .adv_w = 256, .box_w = 15, .box_h = 15, .ofs_x = 1, .ofs_y = -2},
    {.bitmap_index = 50090, .adv_w = 256, .box_w = 15, .box_h = 14, .ofs_x = 1, .ofs_y = -1},
    {.bitmap_index = 50175, .adv_w = 256, .box_w = 15, .box_h = 15, .ofs_x = 1, .ofs_y = -1},
    {.bitmap_index = 50262, .adv_w = 256, .box_w = 15, .box_h = 16, .ofs_x = 1, .ofs_y = -2},
    {.bitmap_index = 50363, .adv_w = 256, .box_w = 16, .box_h = 14, .ofs_x = 0, .ofs_y = -1},
    {.bitmap_index = 50435, .adv_w = 256, .box_w = 15, .box_h = 15, .ofs_x = 1, .ofs_y = -2},
    {.bitmap_index = 50537, .adv_w = 256, .box_w = 14, .box_h = 15, .ofs_x = 1, .ofs_y = -2},
    {.bitmap_index = 50618, .adv_w = 256, .box_w = 15, .box_h = 14, .ofs_x = 1, .ofs_y = -1},
    {.bitmap_index = 50706, .adv_w = 256, .box_w = 15, .box_h = 16, .ofs_x = 1, .ofs_y = -2},
    {.bitmap_index = 50807, .adv_w = 256, .box_w = 16, .box_h = 15, .ofs_x = 0, .ofs_y = -2},
    {.bitmap_index = 50901, .adv_w = 256, .box_w = 15, .box_h = 14, .ofs_x = 1, .ofs_y = -1},
    {.bitmap_index = 50992, .adv_w = 256, .box_w = 16, .box_h = 14, .ofs_x = 0, .ofs_y = -1},
    {.bitmap_index = 51077, .adv_w = 256, .box_w = 15, .box_h = 15, .ofs_x = 1, .ofs_y = -1},
    {.bitmap_index = 51163, .adv_w = 256, .box_w = 15, .box_h = 15, .ofs_x = 1, .ofs_y = -1},
    {.bitmap_index = 51243, .adv_w = 256, .box_w = 15, .box_h = 15, .ofs_x = 1, .ofs_y = -1},
    {.bitmap_index = 51314, .adv_w = 256, .box_w = 15, .box_h = 16, .ofs_x = 1, .ofs_y = -2},
    {.bitmap_index = 51423, .adv_w = 256, .box_w = 16, .box_h = 15, .ofs_x = 0, .ofs_y = -2},
    {.bitmap_index = 51517, .adv_w = 256, .box_w = 15, .box_h = 16, .ofs_x = 1, .ofs_y = -2},
    {.bitmap_index = 51619, .adv_w = 256, .box_w = 16, .box_h = 16, .ofs_x = 0, .ofs_y = -2},
    {.bitmap_index = 51723, .adv_w = 256, .box_w = 15, .box_h = 16, .ofs_x = 1, .ofs_y = -2},
    {.bitmap_index = 51824, .adv_w = 256, .box_w = 15, .box_h = 15, .ofs_x = 1, .ofs_y = -2},
    {.bitmap_index = 51922, .adv_w = 256, .box_w = 15, .box_h = 15, .ofs_x = 0, .ofs_y = -1},
    {.bitmap_index = 52003, .adv_w = 256, .box_w = 15, .box_h = 15, .ofs_x = 1, .ofs_y = -1},
    {.bitmap_index = 52095, .adv_w = 256, .box_w = 14, .box_h = 14, .ofs_x = 1, .ofs_y = -1},
    {.bitmap_index = 52165, .adv_w = 256, .box_w = 15, .box_h = 15, .ofs_x = 1, .ofs_y = -1},
    {.bitmap_index = 52263, .adv_w = 256, .box_w = 15, .box_h = 14, .ofs_x = 1, .ofs_y = -1},
    {.bitmap_index = 52341, .adv_w = 256, .box_w = 15, .box_h = 15, .ofs_x = 1, .ofs_y = -2},
    {.bitmap_index = 52442, .adv_w = 256, .box_w = 16, .box_h = 15, .ofs_x = 0, .ofs_y = -1},
    {.bitmap_index = 52538, .adv_w = 256, .box_w = 15, .box_h = 16, .ofs_x = 1, .ofs_y = -2},
    {.bitmap_index = 52627, .adv_w = 256, .box_w = 15, .box_h = 15, .ofs_x = 1, .ofs_y = -2},
    {.bitmap_index = 52708, .adv_w = 256, .box_w = 15, .box_h = 15, .ofs_x = 1, .ofs_y = -1},
    {.bitmap_index = 52796, .adv_w = 256, .box_w = 15, .box_h = 15, .ofs_x = 1, .ofs_y = -1},
    {.bitmap_index = 52885, .adv_w = 256, .box_w = 15, .box_h = 15, .ofs_x = 1, .ofs_y = -1},
    {.bitmap_index = 52979, .adv_w = 256, .box_w = 14, .box_h = 16, .ofs_x = 1, .ofs_y = -2},
    {.bitmap_index = 53065, .adv_w = 256, .box_w = 15, .box_h = 14, .ofs_x = 1, .ofs_y = -1},
    {.bitmap_index = 53149, .adv_w = 256, .box_w = 15, .box_h = 15, .ofs_x = 1, .ofs_y = -2},
    {.bitmap_index = 53249, .adv_w = 256, .box_w = 14, .box_h = 15, .ofs_x = 1, .ofs_y = -1},
    {.bitmap_index = 53340, .adv_w = 256, .box_w = 15, .box_h = 15, .ofs_x = 1, .ofs_y = -1},
    {.bitmap_index = 53432, .adv_w = 256, .box_w = 15, .box_h = 15, .ofs_x = 1, .ofs_y = -2},
    {.bitmap_index = 53525, .adv_w = 256, .box_w = 16, .box_h = 15, .ofs_x = 0, .ofs_y = -1},
    {.bitmap_index = 53614, .adv_w = 256, .box_w = 14, .box_h = 15, .ofs_x = 1, .ofs_y = -2},
    {.bitmap_index = 53699, .adv_w = 256, .box_w = 15, .box_h = 16, .ofs_x = 1, .ofs_y = -2},
    {.bitmap_index = 53805, .adv_w = 256, .box_w = 15, .box_h = 16, .ofs_x = 1, .ofs_y = -2},
    {.bitmap_index = 53906, .adv_w = 256, .box_w = 15, .box_h = 14, .ofs_x = 1, .ofs_y = -1},
    {.bitmap_index = 53978, .adv_w = 256, .box_w = 16, .box_h = 14, .ofs_x = 0, .ofs_y = -1},
    {.bitmap_index = 54059, .adv_w = 256, .box_w = 15, .box_h = 15, .ofs_x = 1, .ofs_y = -2},
    {.bitmap_index = 54146, .adv_w = 256, .box_w = 15, .box_h = 15, .ofs_x = 1, .ofs_y = -1},
    {.bitmap_index = 54230, .adv_w = 256, .box_w = 15, .box_h = 14, .ofs_x = 1, .ofs_y = -1},
    {.bitmap_index = 54314, .adv_w = 256, .box_w = 15, .box_h = 15, .ofs_x = 1, .ofs_y = -2},
    {.bitmap_index = 54410, .adv_w = 256, .box_w = 15, .box_h = 16, .ofs_x = 1, .ofs_y = -2},
    {.bitmap_index = 54505, .adv_w = 256, .box_w = 15, .box_h = 16, .ofs_x = 1, .ofs_y = -2},
    {.bitmap_index = 54602, .adv_w = 256, .box_w = 15, .box_h = 15, .ofs_x = 1, .ofs_y = -1},
    {.bitmap_index = 54701, .adv_w = 256, .box_w = 15, .box_h = 14, .ofs_x = 1, .ofs_y = -1},
    {.bitmap_index = 54795, .adv_w = 256, .box_w = 15, .box_h = 15, .ofs_x = 1, .ofs_y = -1},
    {.bitmap_index = 54893, .adv_w = 256, .box_w = 14, .box_h = 15, .ofs_x = 1, .ofs_y = -2},
    {.bitmap_index = 54980, .adv_w = 256, .box_w = 15, .box_h = 15, .ofs_x = 1, .ofs_y = -2},
    {.bitmap_index = 55082, .adv_w = 256, .box_w = 16, .box_h = 15, .ofs_x = 0, .ofs_y = -2},
    {.bitmap_index = 55182, .adv_w = 256, .box_w = 15, .box_h = 14, .ofs_x = 1, .ofs_y = -1},
    {.bitmap_index = 55269, .adv_w = 256, .box_w = 15, .box_h = 15, .ofs_x = 1, .ofs_y = -2},
    {.bitmap_index = 55371, .adv_w = 256, .box_w = 15, .box_h = 16, .ofs_x = 1, .ofs_y = -2},
    {.bitmap_index = 55471, .adv_w = 256, .box_w = 14, .box_h = 14, .ofs_x = 1, .ofs_y = -1},
    {.bitmap_index = 55557, .adv_w = 256, .box_w = 14, .box_h = 15, .ofs_x = 1, .ofs_y = -2},
    {.bitmap_index = 55651, .adv_w = 256, .box_w = 15, .box_h = 15, .ofs_x = 1, .ofs_y = -2},
    {.bitmap_index = 55754, .adv_w = 256, .box_w = 15, .box_h = 15, .ofs_x = 1, .ofs_y = -2},
    {.bitmap_index = 55849, .adv_w = 256, .box_w = 15, .box_h = 14, .ofs_x = 1, .ofs_y = -1},
    {.bitmap_index = 55933, .adv_w = 256, .box_w = 15, .box_h = 15, .ofs_x = 1, .ofs_y = -2},
    {.bitmap_index = 56032, .adv_w = 256, .box_w = 15, .box_h = 14, .ofs_x = 1, .ofs_y = -1},
    {.bitmap_index = 56119, .adv_w = 256, .box_w = 16, .box_h = 14, .ofs_x = 0, .ofs_y = -1},
    {.bitmap_index = 56216, .adv_w = 256, .box_w = 15, .box_h = 14, .ofs_x = 1, .ofs_y = -1},
    {.bitmap_index = 56307, .adv_w = 256, .box_w = 15, .box_h = 15, .ofs_x = 1, .ofs_y = -1},
    {.bitmap_index = 56411, .adv_w = 256, .box_w = 15, .box_h = 15, .ofs_x = 1, .ofs_y = -2},
    {.bitmap_index = 56502, .adv_w = 256, .box_w = 15, .box_h = 15, .ofs_x = 1, .ofs_y = -1},
    {.bitmap_index = 56601, .adv_w = 256, .box_w = 15, .box_h = 15, .ofs_x = 1, .ofs_y = -2},
    {.bitmap_index = 56700, .adv_w = 256, .box_w = 15, .box_h = 14, .ofs_x = 0, .ofs_y = -1},
    {.bitmap_index = 56799, .adv_w = 256, .box_w = 15, .box_h = 16, .ofs_x = 1, .ofs_y = -2},
    {.bitmap_index = 56906, .adv_w = 256, .box_w = 15, .box_h = 16, .ofs_x = 1, .ofs_y = -2},
    {.bitmap_index = 57013, .adv_w = 256, .box_w = 16, .box_h = 15, .ofs_x = 0, .ofs_y = -2},
    {.bitmap_index = 57126, .adv_w = 256, .box_w = 14, .box_h = 14, .ofs_x = 1, .ofs_y = -1},
    {.bitmap_index = 57191, .adv_w = 256, .box_w = 14, .box_h = 14, .ofs_x = 1, .ofs_y = -1},
    {.bitmap_index = 57259, .adv_w = 256, .box_w = 14, .box_h = 14, .ofs_x = 1, .ofs_y = -1},
    {.bitmap_index = 57307, .adv_w = 256, .box_w = 14, .box_h = 14, .ofs_x = 1, .ofs_y = -1},
    {.bitmap_index = 57378, .adv_w = 256, .box_w = 14, .box_h = 14, .ofs_x = 1, .ofs_y = -1},
    {.bitmap_index = 57447, .adv_w = 256, .box_w = 14, .box_h = 14, .ofs_x = 1, .ofs_y = -1},
    {.bitmap_index = 57519, .adv_w = 256, .box_w = 14, .box_h = 14, .ofs_x = 1, .ofs_y = -1},
    {.bitmap_index = 57585, .adv_w = 256, .box_w = 14, .box_h = 14, .ofs_x = 1, .ofs_y = -1},
    {.bitmap_index = 57659, .adv_w = 256, .box_w = 14, .box_h = 15, .ofs_x = 1, .ofs_y = -1},
    {.bitmap_index = 57737, .adv_w = 256, .box_w = 14, .box_h = 14, .ofs_x = 1, .ofs_y = -1},
    {.bitmap_index = 57812, .adv_w = 256, .box_w = 14, .box_h = 14, .ofs_x = 1, .ofs_y = -1},
    {.bitmap_index = 57871, .adv_w = 256, .box_w = 14, .box_h = 14, .ofs_x = 1, .ofs_y = -1},
    {.bitmap_index = 57937, .adv_w = 256, .box_w = 14, .box_h = 14, .ofs_x = 1, .ofs_y = -1},
    {.bitmap_index = 58019, .adv_w = 256, .box_w = 14, .box_h = 14, .ofs_x = 1, .ofs_y = -1},
    {.bitmap_index = 58098, .adv_w = 256, .box_w = 14, .box_h = 14, .ofs_x = 1, .ofs_y = -1},
    {.bitmap_index = 58167, .adv_w = 256, .box_w = 14, .box_h = 14, .ofs_x = 1, .ofs_y = -1},
    {.bitmap_index = 58249, .adv_w = 256, .box_w = 16, .box_h = 14, .ofs_x = 0, .ofs_y = -1},
    {.bitmap_index = 58287, .adv_w = 256, .box_w = 16, .box_h = 15, .ofs_x = 0, .ofs_y = -1},
    {.bitmap_index = 58374, .adv_w = 256, .box_w = 16, .box_h = 15, .ofs_x = 0, .ofs_y = -1},
    {.bitmap_index = 58453, .adv_w = 256, .box_w = 16, .box_h = 14, .ofs_x = 0, .ofs_y = -1},
    {.bitmap_index = 58524, .adv_w = 256, .box_w = 16, .box_h = 14, .ofs_x = 0, .ofs_y = -1},
    {.bitmap_index = 58612, .adv_w = 256, .box_w = 16, .box_h = 16, .ofs_x = 0, .ofs_y = -2},
    {.bitmap_index = 58717, .adv_w = 256, .box_w = 16, .box_h = 15, .ofs_x = 0, .ofs_y = -2},
    {.bitmap_index = 58823, .adv_w = 256, .box_w = 16, .box_h = 14, .ofs_x = 0, .ofs_y = -1},
    {.bitmap_index = 58896, .adv_w = 256, .box_w = 15, .box_h = 16, .ofs_x = 0, .ofs_y = -2},
    {.bitmap_index = 58994, .adv_w = 256, .box_w = 16, .box_h = 16, .ofs_x = 0, .ofs_y = -2},
    {.bitmap_index = 59094, .adv_w = 256, .box_w = 16, .box_h = 15, .ofs_x = 0, .ofs_y = -2},
    {.bitmap_index = 59189, .adv_w = 256, .box_w = 16, .box_h = 16, .ofs_x = 0, .ofs_y = -2},
    {.bitmap_index = 59295, .adv_w = 256, .box_w = 16, .box_h = 14, .ofs_x = 0, .ofs_y = -1},
    {.bitmap_index = 59376, .adv_w = 256, .box_w = 16, .box_h = 14, .ofs_x = 0, .ofs_y = -1},
    {.bitmap_index = 59461, .adv_w = 256, .box_w = 16, .box_h = 16, .ofs_x = 0, .ofs_y = -2},
    {.bitmap_index = 59554, .adv_w = 256, .box_w = 16, .box_h = 15, .ofs_x = 0, .ofs_y = -2},
    {.bitmap_index = 59650, .adv_w = 256, .box_w = 16, .box_h = 15, .ofs_x = 0, .ofs_y = -1},
    {.bitmap_index = 59736, .adv_w = 256, .box_w = 16, .box_h = 15, .ofs_x = 0, .ofs_y = -2},
    {.bitmap_index = 59830, .adv_w = 256, .box_w = 16, .box_h = 14, .ofs_x = 0, .ofs_y = -1},
    {.bitmap_index = 59911, .adv_w = 256, .box_w = 15, .box_h = 16, .ofs_x = 0, .ofs_y = -2},
    {.bitmap_index = 59994, .adv_w = 256, .box_w = 16, .box_h = 15, .ofs_x = 0, .ofs_y = -1},
    {.bitmap_index = 60090, .adv_w = 256, .box_w = 16, .box_h = 15, .ofs_x = 0, .ofs_y = -1},
    {.bitmap_index = 60181, .adv_w = 256, .box_w = 16, .box_h = 15, .ofs_x = 0, .ofs_y = -2},
    {.bitmap_index = 60287, .adv_w = 256, .box_w = 15, .box_h = 14, .ofs_x = 0, .ofs_y = -1},
    {.bitmap_index = 60367, .adv_w = 256, .box_w = 16, .box_h = 14, .ofs_x = 0, .ofs_y = -1},
    {.bitmap_index = 60440, .adv_w = 256, .box_w = 16, .box_h = 14, .ofs_x = 0, .ofs_y = -1},
    {.bitmap_index = 60522, .adv_w = 256, .box_w = 16, .box_h = 14, .ofs_x = 0, .ofs_y = -1},
    {.bitmap_index = 60612, .adv_w = 256, .box_w = 16, .box_h = 14, .ofs_x = 0, .ofs_y = -1},
    {.bitmap_index = 60683, .adv_w = 256, .box_w = 16, .box_h = 15, .ofs_x = 0, .ofs_y = -1},
    {.bitmap_index = 60790, .adv_w = 256, .box_w = 16, .box_h = 15, .ofs_x = 0, .ofs_y = -1},
    {.bitmap_index = 60886, .adv_w = 256, .box_w = 16, .box_h = 15, .ofs_x = 0, .ofs_y = -1},
    {.bitmap_index = 60982, .adv_w = 256, .box_w = 16, .box_h = 14, .ofs_x = 0, .ofs_y = -1},
    {.bitmap_index = 61070, .adv_w = 256, .box_w = 16, .box_h = 15, .ofs_x = 0, .ofs_y = -1},
    {.bitmap_index = 61170, .adv_w = 256, .box_w = 16, .box_h = 14, .ofs_x = 0, .ofs_y = -1},
    {.bitmap_index = 61264, .adv_w = 256, .box_w = 16, .box_h = 16, .ofs_x = 0, .ofs_y = -2},
    {.bitmap_index = 61355, .adv_w = 256, .box_w = 16, .box_h = 14, .ofs_x = 0, .ofs_y = -1},
    {.bitmap_index = 61437, .adv_w = 256, .box_w = 16, .box_h = 14, .ofs_x = 0, .ofs_y = -1},
    {.bitmap_index = 61521, .adv_w = 256, .box_w = 16, .box_h = 14, .ofs_x = 0, .ofs_y = -1},
    {.bitmap_index = 61619, .adv_w = 256, .box_w = 16, .box_h = 16, .ofs_x = 0, .ofs_y = -2},
    {.bitmap_index = 61718, .adv_w = 256, .box_w = 16, .box_h = 15, .ofs_x = 0, .ofs_y = -2},
    {.bitmap_index = 61817, .adv_w = 256, .box_w = 16, .box_h = 16, .ofs_x = 0, .ofs_y = -2},
    {.bitmap_index = 61925, .adv_w = 256, .box_w = 16, .box_h = 14, .ofs_x = 0, .ofs_y = -1},
    {.bitmap_index = 62021, .adv_w = 256, .box_w = 16, .box_h = 15, .ofs_x = 0, .ofs_y = -2},
    {.bitmap_index = 62129, .adv_w = 256, .box_w = 16, .box_h = 15, .ofs_x = 0, .ofs_y = -1},
    {.bitmap_index = 62227, .adv_w = 256, .box_w = 16, .box_h = 14, .ofs_x = 0, .ofs_y = -1},
    {.bitmap_index = 62324, .adv_w = 256, .box_w = 16, .box_h = 15, .ofs_x = 0, .ofs_y = -1},
    {.bitmap_index = 62410, .adv_w = 256, .box_w = 16, .box_h = 15, .ofs_x = 0, .ofs_y = -1},
    {.bitmap_index = 62504, .adv_w = 256, .box_w = 16, .box_h = 15, .ofs_x = 0, .ofs_y = -1},
    {.bitmap_index = 62597, .adv_w = 256, .box_w = 14, .box_h = 14, .ofs_x = 1, .ofs_y = -1},
    {.bitmap_index = 62675, .adv_w = 256, .box_w = 16, .box_h = 15, .ofs_x = 0, .ofs_y = -1},
    {.bitmap_index = 62772, .adv_w = 256, .box_w = 16, .box_h = 15, .ofs_x = 0, .ofs_y = -1},
    {.bitmap_index = 62871, .adv_w = 256, .box_w = 16, .box_h = 15, .ofs_x = 0, .ofs_y = -1},
    {.bitmap_index = 62970, .adv_w = 256, .box_w = 16, .box_h = 15, .ofs_x = 0, .ofs_y = -1},
    {.bitmap_index = 63069, .adv_w = 256, .box_w = 16, .box_h = 15, .ofs_x = 0, .ofs_y = -2},
    {.bitmap_index = 63170, .adv_w = 256, .box_w = 16, .box_h = 14, .ofs_x = 0, .ofs_y = -1},
    {.bitmap_index = 63267, .adv_w = 256, .box_w = 16, .box_h = 14, .ofs_x = 0, .ofs_y = -1},
    {.bitmap_index = 63362, .adv_w = 256, .box_w = 16, .box_h = 14, .ofs_x = 0, .ofs_y = -1},
    {.bitmap_index = 63459, .adv_w = 256, .box_w = 15, .box_h = 15, .ofs_x = 0, .ofs_y = -2},
    {.bitmap_index = 63555, .adv_w = 256, .box_w = 16, .box_h = 15, .ofs_x = 0, .ofs_y = -1},
    {.bitmap_index = 63659, .adv_w = 256, .box_w = 16, .box_h = 14, .ofs_x = 0, .ofs_y = -1},
    {.bitmap_index = 63757, .adv_w = 256, .box_w = 16, .box_h = 15, .ofs_x = 0, .ofs_y = -1},
    {.bitmap_index = 63860, .adv_w = 256, .box_w = 16, .box_h = 15, .ofs_x = 0, .ofs_y = -1},
    {.bitmap_index = 63971, .adv_w = 256, .box_w = 16, .box_h = 16, .ofs_x = 0, .ofs_y = -2},
    {.bitmap_index = 64072, .adv_w = 256, .box_w = 16, .box_h = 16, .ofs_x = 0, .ofs_y = -2},
    {.bitmap_index = 64174, .adv_w = 256, .box_w = 16, .box_h = 15, .ofs_x = 0, .ofs_y = -1},
    {.bitmap_index = 64278, .adv_w = 256, .box_w = 16, .box_h = 15, .ofs_x = 0, .ofs_y = -1},
    {.bitmap_index = 64376, .adv_w = 256, .box_w = 16, .box_h = 14, .ofs_x = 0, .ofs_y = -1},
    {.bitmap_index = 64464, .adv_w = 256, .box_w = 16, .box_h = 14, .ofs_x = 0, .ofs_y = -1},
    {.bitmap_index = 64555, .adv_w = 256, .box_w = 15, .box_h = 15, .ofs_x = 0, .ofs_y = -1},
    {.bitmap_index = 64648, .adv_w = 256, .box_w = 16, .box_h = 15, .ofs_x = 0, .ofs_y = -2},
    {.bitmap_index = 64753, .adv_w = 256, .box_w = 16, .box_h = 14, .ofs_x = 0, .ofs_y = -1},
    {.bitmap_index = 64848, .adv_w = 256, .box_w = 16, .box_h = 16, .ofs_x = 0, .ofs_y = -2},
    {.bitmap_index = 64962, .adv_w = 256, .box_w = 16, .box_h = 15, .ofs_x = 0, .ofs_y = -1},
    {.bitmap_index = 65064, .adv_w = 256, .box_w = 16, .box_h = 15, .ofs_x = 0, .ofs_y = -1},
    {.bitmap_index = 65165, .adv_w = 256, .box_w = 16, .box_h = 16, .ofs_x = 0, .ofs_y = -2},
    {.bitmap_index = 65276, .adv_w = 256, .box_w = 16, .box_h = 14, .ofs_x = 0, .ofs_y = -1},
    {.bitmap_index = 65313, .adv_w = 256, .box_w = 16, .box_h = 15, .ofs_x = 0, .ofs_y = -1},
    {.bitmap_index = 65374, .adv_w = 256, .box_w = 16, .box_h = 15, .ofs_x = 0, .ofs_y = -1},
    {.bitmap_index = 65452, .adv_w = 256, .box_w = 15, .box_h = 15, .ofs_x = 0, .ofs_y = -2},
    {.bitmap_index = 65532, .adv_w = 256, .box_w = 16, .box_h = 15, .ofs_x = 0, .ofs_y = -2},
    {.bitmap_index = 65620, .adv_w = 256, .box_w = 16, .box_h = 14, .ofs_x = 0, .ofs_y = -1},
    {.bitmap_index = 65705, .adv_w = 256, .box_w = 16, .box_h = 14, .ofs_x = 0, .ofs_y = -1},
    {.bitmap_index = 65786, .adv_w = 256, .box_w = 16, .box_h = 15, .ofs_x = 0, .ofs_y = -2},
    {.bitmap_index = 65884, .adv_w = 256, .box_w = 16, .box_h = 15, .ofs_x = 0, .ofs_y = -1},
    {.bitmap_index = 65980, .adv_w = 256, .box_w = 16, .box_h = 16, .ofs_x = 0, .ofs_y = -2},
    {.bitmap_index = 66077, .adv_w = 256, .box_w = 16, .box_h = 15, .ofs_x = 0, .ofs_y = -2},
    {.bitmap_index = 66172, .adv_w = 256, .box_w = 14, .box_h = 16, .ofs_x = 1, .ofs_y = -2},
    {.bitmap_index = 66255, .adv_w = 256, .box_w = 16, .box_h = 15, .ofs_x = 0, .ofs_y = -1},
    {.bitmap_index = 66340, .adv_w = 256, .box_w = 15, .box_h = 16, .ofs_x = 1, .ofs_y = -2},
    {.bitmap_index = 66441, .adv_w = 256, .box_w = 16, .box_h = 16, .ofs_x = 0, .ofs_y = -2},
    {.bitmap_index = 66547, .adv_w = 256, .box_w = 16, .box_h = 16, .ofs_x = 0, .ofs_y = -2},
    {.bitmap_index = 66663, .adv_w = 256, .box_w = 16, .box_h = 15, .ofs_x = 0, .ofs_y = -2},
    {.bitmap_index = 66741, .adv_w = 256, .box_w = 16, .box_h = 15, .ofs_x = 0, .ofs_y = -2},
    {.bitmap_index = 66823, .adv_w = 256, .box_w = 16, .box_h = 15, .ofs_x = 0, .ofs_y = -2},
    {.bitmap_index = 66906, .adv_w = 256, .box_w = 16, .box_h = 15, .ofs_x = 0, .ofs_y = -2},
    {.bitmap_index = 66988, .adv_w = 256, .box_w = 16, .box_h = 15, .ofs_x = 0, .ofs_y = -2},
    {.bitmap_index = 67076, .adv_w = 256, .box_w = 16, .box_h = 16, .ofs_x = 0, .ofs_y = -2},
    {.bitmap_index = 67181, .adv_w = 256, .box_w = 16, .box_h = 15, .ofs_x = 0, .ofs_y = -2},
    {.bitmap_index = 67273, .adv_w = 256, .box_w = 16, .box_h = 15, .ofs_x = 0, .ofs_y = -2},
    {.bitmap_index = 67365, .adv_w = 256, .box_w = 16, .box_h = 15, .ofs_x = 0, .ofs_y = -2},
    {.bitmap_index = 67463, .adv_w = 256, .box_w = 16, .box_h = 16, .ofs_x = 0, .ofs_y = -2},
    {.bitmap_index = 67554, .adv_w = 256, .box_w = 16, .box_h = 15, .ofs_x = 0, .ofs_y = -2},
    {.bitmap_index = 67649, .adv_w = 256, .box_w = 16, .box_h = 15, .ofs_x = 0, .ofs_y = -1},
    {.bitmap_index = 67742, .adv_w = 256, .box_w = 16, .box_h = 15, .ofs_x = 0, .ofs_y = -1},
    {.bitmap_index = 67841, .adv_w = 256, .box_w = 16, .box_h = 14, .ofs_x = 0, .ofs_y = -1},
    {.bitmap_index = 67925, .adv_w = 256, .box_w = 16, .box_h = 15, .ofs_x = 0, .ofs_y = -1},
    {.bitmap_index = 68023, .adv_w = 256, .box_w = 16, .box_h = 15, .ofs_x = 0, .ofs_y = -1},
    {.bitmap_index = 68116, .adv_w = 256, .box_w = 16, .box_h = 14, .ofs_x = 0, .ofs_y = -1},
    {.bitmap_index = 68209, .adv_w = 256, .box_w = 16, .box_h = 15, .ofs_x = 0, .ofs_y = -1},
    {.bitmap_index = 68302, .adv_w = 256, .box_w = 16, .box_h = 16, .ofs_x = 0, .ofs_y = -2},
    {.bitmap_index = 68405, .adv_w = 256, .box_w = 16, .box_h = 15, .ofs_x = 0, .ofs_y = -2},
    {.bitmap_index = 68518, .adv_w = 256, .box_w = 16, .box_h = 16, .ofs_x = 0, .ofs_y = -2},
    {.bitmap_index = 68624, .adv_w = 256, .box_w = 16, .box_h = 16, .ofs_x = 0, .ofs_y = -2},
    {.bitmap_index = 68732, .adv_w = 256, .box_w = 16, .box_h = 16, .ofs_x = 0, .ofs_y = -2},
    {.bitmap_index = 68837, .adv_w = 256, .box_w = 16, .box_h = 16, .ofs_x = 0, .ofs_y = -2},
    {.bitmap_index = 68945, .adv_w = 256, .box_w = 16, .box_h = 15, .ofs_x = 0, .ofs_y = -1},
    {.bitmap_index = 69041, .adv_w = 256, .box_w = 16, .box_h = 16, .ofs_x = 0, .ofs_y = -2},
    {.bitmap_index = 69145, .adv_w = 256, .box_w = 16, .box_h = 16, .ofs_x = 0, .ofs_y = -2},
    {.bitmap_index = 69242, .adv_w = 256, .box_w = 16, .box_h = 16, .ofs_x = 0, .ofs_y = -2},
    {.bitmap_index = 69356, .adv_w = 256, .box_w = 15, .box_h = 16, .ofs_x = 0, .ofs_y = -2},
    {.bitmap_index = 69465, .adv_w = 256, .box_w = 16, .box_h = 15, .ofs_x = 0, .ofs_y = -1},
    {.bitmap_index = 69557, .adv_w = 256, .box_w = 16, .box_h = 16, .ofs_x = 0, .ofs_y = -2},
    {.bitmap_index = 69664, .adv_w = 256, .box_w = 16, .box_h = 16, .ofs_x = 0, .ofs_y = -2},
    {.bitmap_index = 69767, .adv_w = 256, .box_w = 15, .box_h = 16, .ofs_x = 0, .ofs_y = -2},
    {.bitmap_index = 69857, .adv_w = 256, .box_w = 16, .box_h = 16, .ofs_x = 0, .ofs_y = -2},
    {.bitmap_index = 69954, .adv_w = 256, .box_w = 16, .box_h = 15, .ofs_x = 0, .ofs_y = -1},
    {.bitmap_index = 70054, .adv_w = 256, .box_w = 15, .box_h = 15, .ofs_x = 0, .ofs_y = -1},
    {.bitmap_index = 70136, .adv_w = 256, .box_w = 16, .box_h = 16, .ofs_x = 0, .ofs_y = -2},
    {.bitmap_index = 70249, .adv_w = 256, .box_w = 16, .box_h = 16, .ofs_x = 0, .ofs_y = -2},
    {.bitmap_index = 70348, .adv_w = 256, .box_w = 15, .box_h = 16, .ofs_x = 0, .ofs_y = -2},
    {.bitmap_index = 70446, .adv_w = 256, .box_w = 16, .box_h = 15, .ofs_x = 0, .ofs_y = -2},
    {.bitmap_index = 70558, .adv_w = 256, .box_w = 16, .box_h = 16, .ofs_x = 0, .ofs_y = -2},
    {.bitmap_index = 70670, .adv_w = 256, .box_w = 16, .box_h = 16, .ofs_x = 0, .ofs_y = -2},
    {.bitmap_index = 70780, .adv_w = 256, .box_w = 16, .box_h = 16, .ofs_x = 0, .ofs_y = -2},
    {.bitmap_index = 70894, .adv_w = 256, .box_w = 16, .box_h = 16, .ofs_x = 0, .ofs_y = -2},
    {.bitmap_index = 71008, .adv_w = 256, .box_w = 16, .box_h = 16, .ofs_x = 0, .ofs_y = -2},
    {.bitmap_index = 71121, .adv_w = 256, .box_w = 16, .box_h = 15, .ofs_x = 0, .ofs_y = -1},
    {.bitmap_index = 71224, .adv_w = 256, .box_w = 16, .box_h = 15, .ofs_x = 0, .ofs_y = -2},
    {.bitmap_index = 71326, .adv_w = 256, .box_w = 16, .box_h = 16, .ofs_x = 0, .ofs_y = -2},
    {.bitmap_index = 71443, .adv_w = 256, .box_w = 16, .box_h = 15, .ofs_x = 0, .ofs_y = -1},
    {.bitmap_index = 71548, .adv_w = 256, .box_w = 16, .box_h = 16, .ofs_x = 0, .ofs_y = -2},
    {.bitmap_index = 71649, .adv_w = 256, .box_w = 16, .box_h = 15, .ofs_x = 0, .ofs_y = -1},
    {.bitmap_index = 71743, .adv_w = 256, .box_w = 16, .box_h = 16, .ofs_x = 0, .ofs_y = -2},
    {.bitmap_index = 71849, .adv_w = 256, .box_w = 16, .box_h = 16, .ofs_x = 0, .ofs_y = -2},
    {.bitmap_index = 71965, .adv_w = 256, .box_w = 16, .box_h = 16, .ofs_x = 0, .ofs_y = -2},
    {.bitmap_index = 72079, .adv_w = 256, .box_w = 16, .box_h = 16, .ofs_x = 0, .ofs_y = -2},
    {.bitmap_index = 72185, .adv_w = 256, .box_w = 16, .box_h = 16, .ofs_x = 0, .ofs_y = -2},
    {.bitmap_index = 72303, .adv_w = 256, .box_w = 16, .box_h = 15, .ofs_x = 0, .ofs_y = -2},
    {.bitmap_index = 72419, .adv_w = 256, .box_w = 16, .box_h = 16, .ofs_x = 0, .ofs_y = -2},
    {.bitmap_index = 72521, .adv_w = 256, .box_w = 15, .box_h = 15, .ofs_x = 0, .ofs_y = -1},
    {.bitmap_index = 72621, .adv_w = 256, .box_w = 16, .box_h = 16, .ofs_x = 0, .ofs_y = -2},
    {.bitmap_index = 72735, .adv_w = 256, .box_w = 16, .box_h = 16, .ofs_x = 0, .ofs_y = -2},
    {.bitmap_index = 72843, .adv_w = 256, .box_w = 16, .box_h = 15, .ofs_x = 0, .ofs_y = -2},
    {.bitmap_index = 72947, .adv_w = 256, .box_w = 16, .box_h = 15, .ofs_x = 0, .ofs_y = -2},
    {.bitmap_index = 73061, .adv_w = 256, .box_w = 16, .box_h = 16, .ofs_x = 0, .ofs_y = -2},
    {.bitmap_index = 73174, .adv_w = 256, .box_w = 16, .box_h = 16, .ofs_x = 0, .ofs_y = -2},
    {.bitmap_index = 73289, .adv_w = 256, .box_w = 16, .box_h = 16, .ofs_x = 0, .ofs_y = -2},
    {.bitmap_index = 73404, .adv_w = 256, .box_w = 15, .box_h = 16, .ofs_x = 0, .ofs_y = -2},
    {.bitmap_index = 73507, .adv_w = 256, .box_w = 16, .box_h = 16, .ofs_x = 0, .ofs_y = -2},
    {.bitmap_index = 73617, .adv_w = 256, .box_w = 16, .box_h = 16, .ofs_x = 0, .ofs_y = -2},
    {.bitmap_index = 73737, .adv_w = 256, .box_w = 16, .box_h = 16, .ofs_x = 0, .ofs_y = -2},
    {.bitmap_index = 73851, .adv_w = 256, .box_w = 16, .box_h = 16, .ofs_x = 0, .ofs_y = -2},
    {.bitmap_index = 73962, .adv_w = 256, .box_w = 16, .box_h = 15, .ofs_x = 0, .ofs_y = -2},
    {.bitmap_index = 74073, .adv_w = 256, .box_w = 16, .box_h = 16, .ofs_x = 0, .ofs_y = -2},
    {.bitmap_index = 74190, .adv_w = 256, .box_w = 16, .box_h = 16, .ofs_x = 0, .ofs_y = -2},
    {.bitmap_index = 74306, .adv_w = 256, .box_w = 16, .box_h = 15, .ofs_x = 0, .ofs_y = -1},
    {.bitmap_index = 74417, .adv_w = 256, .box_w = 16, .box_h = 16, .ofs_x = 0, .ofs_y = -2},
    {.bitmap_index = 74534, .adv_w = 256, .box_w = 16, .box_h = 15, .ofs_x = 0, .ofs_y = -2},
    {.bitmap_index = 74643, .adv_w = 256, .box_w = 16, .box_h = 15, .ofs_x = 0, .ofs_y = -1},
    {.bitmap_index = 74751, .adv_w = 256, .box_w = 16, .box_h = 15, .ofs_x = 0, .ofs_y = -1},
    {.bitmap_index = 74861, .adv_w = 256, .box_w = 16, .box_h = 15, .ofs_x = 0, .ofs_y = -1},
    {.bitmap_index = 74970, .adv_w = 256, .box_w = 15, .box_h = 15, .ofs_x = 0, .ofs_y = -1},
    {.bitmap_index = 75070, .adv_w = 256, .box_w = 16, .box_h = 16, .ofs_x = 0, .ofs_y = -2},
    {.bitmap_index = 75185, .adv_w = 256, .box_w = 16, .box_h = 15, .ofs_x = 0, .ofs_y = -1},
    {.bitmap_index = 75295, .adv_w = 256, .box_w = 16, .box_h = 16, .ofs_x = 0, .ofs_y = -2},
    {.bitmap_index = 75414, .adv_w = 256, .box_w = 16, .box_h = 16, .ofs_x = 0, .ofs_y = -2},
    {.bitmap_index = 75529, .adv_w = 256, .box_w = 16, .box_h = 15, .ofs_x = 0, .ofs_y = -1},
    {.bitmap_index = 75642, .adv_w = 256, .box_w = 16, .box_h = 15, .ofs_x = 0, .ofs_y = -1},
    {.bitmap_index = 75753, .adv_w = 256, .box_w = 16, .box_h = 15, .ofs_x = 0, .ofs_y = -1},
    {.bitmap_index = 75865, .adv_w = 256, .box_w = 16, .box_h = 16, .ofs_x = 0, .ofs_y = -2},
    {.bitmap_index = 75931, .adv_w = 256, .box_w = 16, .box_h = 16, .ofs_x = 0, .ofs_y = -2},
    {.bitmap_index = 76014, .adv_w = 256, .box_w = 16, .box_h = 14, .ofs_x = 0, .ofs_y = -1},
    {.bitmap_index = 76101, .adv_w = 256, .box_w = 14, .box_h = 15, .ofs_x = 1, .ofs_y = -1},
    {.bitmap_index = 76171, .adv_w = 256, .box_w = 16, .box_h = 15, .ofs_x = 0, .ofs_y = -1},
    {.bitmap_index = 76256, .adv_w = 256, .box_w = 16, .box_h = 16, .ofs_x = 0, .ofs_y = -2},
    {.bitmap_index = 76351, .adv_w = 256, .box_w = 16, .box_h = 17, .ofs_x = 0, .ofs_y = -2},
    {.bitmap_index = 76463, .adv_w = 256, .box_w = 16, .box_h = 14, .ofs_x = 0, .ofs_y = -1},
    {.bitmap_index = 76555, .adv_w = 256, .box_w = 16, .box_h = 15, .ofs_x = 0, .ofs_y = -1},
    {.bitmap_index = 76640, .adv_w = 256, .box_w = 16, .box_h = 15, .ofs_x = 0, .ofs_y = -1},
    {.bitmap_index = 76737, .adv_w = 256, .box_w = 16, .box_h = 16, .ofs_x = 0, .ofs_y = -2},
    {.bitmap_index = 76852, .adv_w = 256, .box_w = 16, .box_h = 15, .ofs_x = 0, .ofs_y = -1},
    {.bitmap_index = 76939, .adv_w = 256, .box_w = 16, .box_h = 17, .ofs_x = 0, .ofs_y = -2},
    {.bitmap_index = 77054, .adv_w = 256, .box_w = 16, .box_h = 15, .ofs_x = 0, .ofs_y = -1},
    {.bitmap_index = 77147, .adv_w = 256, .box_w = 16, .box_h = 16, .ofs_x = 0, .ofs_y = -2},
    {.bitmap_index = 77255, .adv_w = 256, .box_w = 15, .box_h = 16, .ofs_x = 0, .ofs_y = -2},
    {.bitmap_index = 77368, .adv_w = 256, .box_w = 16, .box_h = 16, .ofs_x = 0, .ofs_y = -2},
    {.bitmap_index = 77473, .adv_w = 256, .box_w = 16, .box_h = 14, .ofs_x = 0, .ofs_y = -1},
    {.bitmap_index = 77572, .adv_w = 256, .box_w = 14, .box_h = 15, .ofs_x = 1, .ofs_y = -1},
    {.bitmap_index = 77628, .adv_w = 256, .box_w = 14, .box_h = 15, .ofs_x = 1, .ofs_y = -1},
    {.bitmap_index = 77701, .adv_w = 256, .box_w = 15, .box_h = 15, .ofs_x = 0, .ofs_y = -1},
    {.bitmap_index = 77788, .adv_w = 256, .box_w = 14, .box_h = 15, .ofs_x = 1, .ofs_y = -1},
    {.bitmap_index = 77854, .adv_w = 256, .box_w = 16, .box_h = 15, .ofs_x = 0, .ofs_y = -1},
    {.bitmap_index = 77936, .adv_w = 256, .box_w = 14, .box_h = 16, .ofs_x = 1, .ofs_y = -2},
    {.bitmap_index = 78029, .adv_w = 256, .box_w = 16, .box_h = 15, .ofs_x = 0, .ofs_y = -1},
    {.bitmap_index = 78122, .adv_w = 256, .box_w = 16, .box_h = 16, .ofs_x = 0, .ofs_y = -2},
    {.bitmap_index = 78216, .adv_w = 256, .box_w = 16, .box_h = 16, .ofs_x = 0, .ofs_y = -2},
    {.bitmap_index = 78320, .adv_w = 256, .box_w = 16, .box_h = 15, .ofs_x = 0, .ofs_y = -1},
    {.bitmap_index = 78406, .adv_w = 256, .box_w = 14, .box_h = 15, .ofs_x = 1, .ofs_y = -1},
    {.bitmap_index = 78472, .adv_w = 256, .box_w = 14, .box_h = 15, .ofs_x = 1, .ofs_y = -1},
    {.bitmap_index = 78548, .adv_w = 256, .box_w = 15, .box_h = 16, .ofs_x = 0, .ofs_y = -2},
    {.bitmap_index = 78640, .adv_w = 256, .box_w = 16, .box_h = 16, .ofs_x = 0, .ofs_y = -2},
    {.bitmap_index = 78749, .adv_w = 256, .box_w = 16, .box_h = 15, .ofs_x = 0, .ofs_y = -1},
    {.bitmap_index = 78830, .adv_w = 256, .box_w = 14, .box_h = 15, .ofs_x = 1, .ofs_y = -1},
    {.bitmap_index = 78902, .adv_w = 256, .box_w = 14, .box_h = 16, .ofs_x = 1, .ofs_y = -2},
    {.bitmap_index = 78996, .adv_w = 256, .box_w = 16, .box_h = 16, .ofs_x = 0, .ofs_y = -2},
    {.bitmap_index = 79105, .adv_w = 256, .box_w = 14, .box_h = 15, .ofs_x = 1, .ofs_y = -1},
    {.bitmap_index = 79190, .adv_w = 256, .box_w = 16, .box_h = 15, .ofs_x = 0, .ofs_y = -1},
    {.bitmap_index = 79281, .adv_w = 256, .box_w = 15, .box_h = 15, .ofs_x = 0, .ofs_y = -1},
    {.bitmap_index = 79353, .adv_w = 256, .box_w = 16, .box_h = 15, .ofs_x = 0, .ofs_y = -1},
    {.bitmap_index = 79443, .adv_w = 256, .box_w = 14, .box_h = 15, .ofs_x = 1, .ofs_y = -1},
    {.bitmap_index = 79516, .adv_w = 256, .box_w = 16, .box_h = 16, .ofs_x = 0, .ofs_y = -2},
    {.bitmap_index = 79618, .adv_w = 256, .box_w = 14, .box_h = 15, .ofs_x = 1, .ofs_y = -1},
    {.bitmap_index = 79686, .adv_w = 256, .box_w = 16, .box_h = 15, .ofs_x = 0, .ofs_y = -1},
    {.bitmap_index = 79770, .adv_w = 256, .box_w = 14, .box_h = 15, .ofs_x = 1, .ofs_y = -1},
    {.bitmap_index = 79846, .adv_w = 256, .box_w = 16, .box_h = 16, .ofs_x = 0, .ofs_y = -2},
    {.bitmap_index = 79945, .adv_w = 256, .box_w = 14, .box_h = 15, .ofs_x = 1, .ofs_y = -1},
    {.bitmap_index = 80019, .adv_w = 256, .box_w = 15, .box_h = 16, .ofs_x = 0, .ofs_y = -2},
    {.bitmap_index = 80123, .adv_w = 256, .box_w = 15, .box_h = 15, .ofs_x = 0, .ofs_y = -1},
    {.bitmap_index = 80214, .adv_w = 256, .box_w = 16, .box_h = 16, .ofs_x = 0, .ofs_y = -2},
    {.bitmap_index = 80321, .adv_w = 256, .box_w = 15, .box_h = 16, .ofs_x = 0, .ofs_y = -2},
    {.bitmap_index = 80418, .adv_w = 256, .box_w = 15, .box_h = 15, .ofs_x = 0, .ofs_y = -1},
    {.bitmap_index = 80501, .adv_w = 256, .box_w = 16, .box_h = 16, .ofs_x = 0, .ofs_y = -2},
    {.bitmap_index = 80611, .adv_w = 256, .box_w = 16, .box_h = 15, .ofs_x = 0, .ofs_y = -1},
    {.bitmap_index = 80701, .adv_w = 256, .box_w = 15, .box_h = 16, .ofs_x = 0, .ofs_y = -2},
    {.bitmap_index = 80796, .adv_w = 256, .box_w = 16, .box_h = 15, .ofs_x = 0, .ofs_y = -1},
    {.bitmap_index = 80896, .adv_w = 256, .box_w = 16, .box_h = 16, .ofs_x = 0, .ofs_y = -2},
    {.bitmap_index = 81003, .adv_w = 256, .box_w = 14, .box_h = 15, .ofs_x = 1, .ofs_y = -1},
    {.bitmap_index = 81081, .adv_w = 256, .box_w = 16, .box_h = 16, .ofs_x = 0, .ofs_y = -2},
    {.bitmap_index = 81193, .adv_w = 256, .box_w = 16, .box_h = 16, .ofs_x = 0, .ofs_y = -2},
    {.bitmap_index = 81308, .adv_w = 256, .box_w = 14, .box_h = 16, .ofs_x = 1, .ofs_y = -2},
    {.bitmap_index = 81400, .adv_w = 256, .box_w = 16, .box_h = 15, .ofs_x = 0, .ofs_y = -1},
    {.bitmap_index = 81498, .adv_w = 256, .box_w = 16, .box_h = 16, .ofs_x = 0, .ofs_y = -2},
    {.bitmap_index = 81603, .adv_w = 256, .box_w = 16, .box_h = 15, .ofs_x = 0, .ofs_y = -1},
    {.bitmap_index = 81709, .adv_w = 256, .box_w = 16, .box_h = 16, .ofs_x = 0, .ofs_y = -2},
    {.bitmap_index = 81808, .adv_w = 256, .box_w = 16, .box_h = 17, .ofs_x = 0, .ofs_y = -2},
    {.bitmap_index = 81922, .adv_w = 256, .box_w = 16, .box_h = 15, .ofs_x = 0, .ofs_y = -1},
    {.bitmap_index = 82033, .adv_w = 256, .box_w = 16, .box_h = 14, .ofs_x = 0, .ofs_y = -1},
    {.bitmap_index = 82095, .adv_w = 256, .box_w = 16, .box_h = 15, .ofs_x = 0, .ofs_y = -2},
    {.bitmap_index = 82185, .adv_w = 256, .box_w = 16, .box_h = 14, .ofs_x = 0, .ofs_y = -1},
    {.bitmap_index = 82263, .adv_w = 256, .box_w = 15, .box_h = 14, .ofs_x = 1, .ofs_y = -1},
    {.bitmap_index = 82334, .adv_w = 256, .box_w = 16, .box_h = 14, .ofs_x = 0, .ofs_y = -1},
    {.bitmap_index = 82411, .adv_w = 256, .box_w = 16, .box_h = 15, .ofs_x = 0, .ofs_y = -1},
    {.bitmap_index = 82507, .adv_w = 256, .box_w = 16, .box_h = 15, .ofs_x = 0, .ofs_y = -2},
    {.bitmap_index = 82607, .adv_w = 256, .box_w = 16, .box_h = 16, .ofs_x = 0, .ofs_y = -2},
    {.bitmap_index = 82708, .adv_w = 256, .box_w = 16, .box_h = 15, .ofs_x = 0, .ofs_y = -1},
    {.bitmap_index = 82805, .adv_w = 256, .box_w = 16, .box_h = 15, .ofs_x = 0, .ofs_y = -2},
    {.bitmap_index = 82900, .adv_w = 256, .box_w = 16, .box_h = 15, .ofs_x = 0, .ofs_y = -1},
    {.bitmap_index = 82997, .adv_w = 256, .box_w = 16, .box_h = 15, .ofs_x = 0, .ofs_y = -2},
    {.bitmap_index = 83068, .adv_w = 256, .box_w = 16, .box_h = 15, .ofs_x = 0, .ofs_y = -2},
    {.bitmap_index = 83146, .adv_w = 256, .box_w = 16, .box_h = 15, .ofs_x = 0, .ofs_y = -1},
    {.bitmap_index = 83235, .adv_w = 256, .box_w = 16, .box_h = 15, .ofs_x = 0, .ofs_y = -2},
    {.bitmap_index = 83327, .adv_w = 256, .box_w = 16, .box_h = 14, .ofs_x = 0, .ofs_y = -1},
    {.bitmap_index = 83403, .adv_w = 256, .box_w = 14, .box_h = 14, .ofs_x = 1, .ofs_y = -1},
    {.bitmap_index = 83471, .adv_w = 256, .box_w = 14, .box_h = 15, .ofs_x = 1, .ofs_y = -2},
    {.bitmap_index = 83559, .adv_w = 256, .box_w = 16, .box_h = 15, .ofs_x = 0, .ofs_y = -2},
    {.bitmap_index = 83646, .adv_w = 256, .box_w = 16, .box_h = 15, .ofs_x = 0, .ofs_y = -2},
    {.bitmap_index = 83754, .adv_w = 256, .box_w = 16, .box_h = 16, .ofs_x = 0, .ofs_y = -2},
    {.bitmap_index = 83866, .adv_w = 256, .box_w = 14, .box_h = 15, .ofs_x = 0, .ofs_y = -2},
    {.bitmap_index = 83925, .adv_w = 256, .box_w = 16, .box_h = 14, .ofs_x = 0, .ofs_y = -1},
    {.bitmap_index = 84002, .adv_w = 256, .box_w = 16, .box_h = 15, .ofs_x = 0, .ofs_y = -2},
    {.bitmap_index = 84078, .adv_w = 256, .box_w = 14, .box_h = 15, .ofs_x = 1, .ofs_y = -2},
    {.bitmap_index = 84157, .adv_w = 256, .box_w = 16, .box_h = 15, .ofs_x = 0, .ofs_y = -2},
    {.bitmap_index = 84249, .adv_w = 256, .box_w = 16, .box_h = 15, .ofs_x = 0, .ofs_y = -2},
    {.bitmap_index = 84349, .adv_w = 256, .box_w = 16, .box_h = 14, .ofs_x = 0, .ofs_y = -1},
    {.bitmap_index = 84441, .adv_w = 256, .box_w = 15, .box_h = 14, .ofs_x = 0, .ofs_y = -1},
    {.bitmap_index = 84517, .adv_w = 256, .box_w = 16, .box_h = 15, .ofs_x = 0, .ofs_y = -2},
    {.bitmap_index = 84614, .adv_w = 256, .box_w = 16, .box_h = 15, .ofs_x = 0, .ofs_y = -2},
    {.bitmap_index = 84703, .adv_w = 256, .box_w = 15, .box_h = 15, .ofs_x = 0, .ofs_y = -2},
    {.bitmap_index = 84787, .adv_w = 256, .box_w = 15, .box_h = 14, .ofs_x = 0, .ofs_y = -1},
    {.bitmap_index = 84867, .adv_w = 256, .box_w = 15, .box_h = 15, .ofs_x = 0, .ofs_y = -2},
    {.bitmap_index = 84952, .adv_w = 256, .box_w = 15, .box_h = 14, .ofs_x = 0, .ofs_y = -1},
    {.bitmap_index = 85037, .adv_w = 256, .box_w = 16, .box_h = 15, .ofs_x = 0, .ofs_y = -2},
    {.bitmap_index = 85126, .adv_w = 256, .box_w = 16, .box_h = 14, .ofs_x = 0, .ofs_y = -1},
    {.bitmap_index = 85220, .adv_w = 256, .box_w = 16, .box_h = 15, .ofs_x = 0, .ofs_y = -2},
    {.bitmap_index = 85315, .adv_w = 256, .box_w = 15, .box_h = 14, .ofs_x = 0, .ofs_y = -1},
    {.bitmap_index = 85397, .adv_w = 256, .box_w = 16, .box_h = 15, .ofs_x = 0, .ofs_y = -2},
    {.bitmap_index = 85501, .adv_w = 256, .box_w = 15, .box_h = 15, .ofs_x = 0, .ofs_y = -2},
    {.bitmap_index = 85600, .adv_w = 256, .box_w = 15, .box_h = 14, .ofs_x = 0, .ofs_y = -1},
    {.bitmap_index = 85687, .adv_w = 256, .box_w = 16, .box_h = 15, .ofs_x = 0, .ofs_y = -2},
    {.bitmap_index = 85793, .adv_w = 256, .box_w = 16, .box_h = 15, .ofs_x = 0, .ofs_y = -2},
    {.bitmap_index = 85894, .adv_w = 256, .box_w = 15, .box_h = 14, .ofs_x = 1, .ofs_y = -1},
    {.bitmap_index = 85959, .adv_w = 256, .box_w = 13, .box_h = 14, .ofs_x = 1, .ofs_y = -1},
    {.bitmap_index = 85993, .adv_w = 256, .box_w = 15, .box_h = 15, .ofs_x = 1, .ofs_y = -1},
    {.bitmap_index = 86077, .adv_w = 256, .box_w = 14, .box_h = 15, .ofs_x = 1, .ofs_y = -2},
    {.bitmap_index = 86155, .adv_w = 256, .box_w = 13, .box_h = 15, .ofs_x = 1, .ofs_y = -2},
    {.bitmap_index = 86229, .adv_w = 256, .box_w = 15, .box_h = 14, .ofs_x = 1, .ofs_y = -1},
    {.bitmap_index = 86294, .adv_w = 256, .box_w = 16, .box_h = 15, .ofs_x = 0, .ofs_y = -1},
    {.bitmap_index = 86388, .adv_w = 256, .box_w = 14, .box_h = 14, .ofs_x = 1, .ofs_y = -1},
    {.bitmap_index = 86460, .adv_w = 256, .box_w = 14, .box_h = 16, .ofs_x = 1, .ofs_y = -2},
    {.bitmap_index = 86550, .adv_w = 256, .box_w = 16, .box_h = 14, .ofs_x = 0, .ofs_y = -1},
    {.bitmap_index = 86628, .adv_w = 256, .box_w = 15, .box_h = 16, .ofs_x = 1, .ofs_y = -2},
    {.bitmap_index = 86722, .adv_w = 256, .box_w = 16, .box_h = 15, .ofs_x = 0, .ofs_y = -1},
    {.bitmap_index = 86796, .adv_w = 256, .box_w = 16, .box_h = 14, .ofs_x = 0, .ofs_y = -1},
    {.bitmap_index = 86869, .adv_w = 256, .box_w = 14, .box_h = 15, .ofs_x = 1, .ofs_y = -2},
    {.bitmap_index = 86942, .adv_w = 256, .box_w = 15, .box_h = 14, .ofs_x = 1, .ofs_y = -1},
    {.bitmap_index = 87030, .adv_w = 256, .box_w = 15, .box_h = 15, .ofs_x = 1, .ofs_y = -2},
    {.bitmap_index = 87126, .adv_w = 256, .box_w = 14, .box_h = 15, .ofs_x = 1, .ofs_y = -1},
    {.bitmap_index = 87202, .adv_w = 256, .box_w = 15, .box_h = 15, .ofs_x = 1, .ofs_y = -2},
    {.bitmap_index = 87302, .adv_w = 256, .box_w = 15, .box_h = 14, .ofs_x = 1, .ofs_y = -1},
    {.bitmap_index = 87388, .adv_w = 256, .box_w = 15, .box_h = 14, .ofs_x = 1, .ofs_y = -1},
    {.bitmap_index = 87468, .adv_w = 256, .box_w = 15, .box_h = 15, .ofs_x = 1, .ofs_y = -1},
    {.bitmap_index = 87560, .adv_w = 256, .box_w = 15, .box_h = 16, .ofs_x = 1, .ofs_y = -2},
    {.bitmap_index = 87665, .adv_w = 256, .box_w = 15, .box_h = 14, .ofs_x = 0, .ofs_y = -1},
    {.bitmap_index = 87754, .adv_w = 256, .box_w = 15, .box_h = 15, .ofs_x = 1, .ofs_y = -2},
    {.bitmap_index = 87844, .adv_w = 256, .box_w = 16, .box_h = 14, .ofs_x = 0, .ofs_y = -1},
    {.bitmap_index = 87933, .adv_w = 256, .box_w = 16, .box_h = 15, .ofs_x = 0, .ofs_y = -2},
    {.bitmap_index = 88028, .adv_w = 256, .box_w = 15, .box_h = 15, .ofs_x = 0, .ofs_y = -2},
    {.bitmap_index = 88126, .adv_w = 256, .box_w = 16, .box_h = 15, .ofs_x = 0, .ofs_y = -2},
    {.bitmap_index = 88228, .adv_w = 256, .box_w = 16, .box_h = 15, .ofs_x = 0, .ofs_y = -2},
    {.bitmap_index = 88338, .adv_w = 256, .box_w = 16, .box_h = 15, .ofs_x = 0, .ofs_y = -2},
    {.bitmap_index = 88457, .adv_w = 256, .box_w = 15, .box_h = 16, .ofs_x = 0, .ofs_y = -2},
    {.bitmap_index = 88511, .adv_w = 256, .box_w = 15, .box_h = 16, .ofs_x = 0, .ofs_y = -2},
    {.bitmap_index = 88594, .adv_w = 256, .box_w = 16, .box_h = 16, .ofs_x = 0, .ofs_y = -2},
    {.bitmap_index = 88715, .adv_w = 256, .box_w = 16, .box_h = 15, .ofs_x = 0, .ofs_y = -1},
    {.bitmap_index = 88819, .adv_w = 256, .box_w = 16, .box_h = 13, .ofs_x = 0, .ofs_y = -1},
    {.bitmap_index = 88856, .adv_w = 256, .box_w = 16, .box_h = 15, .ofs_x = 0, .ofs_y = -1},
    {.bitmap_index = 88937, .adv_w = 256, .box_w = 16, .box_h = 15, .ofs_x = 0, .ofs_y = -2},
    {.bitmap_index = 89020, .adv_w = 256, .box_w = 13, .box_h = 14, .ofs_x = 2, .ofs_y = -1},
    {.bitmap_index = 89067, .adv_w = 256, .box_w = 16, .box_h = 15, .ofs_x = 0, .ofs_y = -2},
    {.bitmap_index = 89155, .adv_w = 256, .box_w = 16, .box_h = 14, .ofs_x = 0, .ofs_y = -1},
    {.bitmap_index = 89241, .adv_w = 256, .box_w = 16, .box_h = 15, .ofs_x = 0, .ofs_y = -1},
    {.bitmap_index = 89340, .adv_w = 256, .box_w = 14, .box_h = 14, .ofs_x = 2, .ofs_y = -1},
    {.bitmap_index = 89393, .adv_w = 256, .box_w = 15, .box_h = 14, .ofs_x = 1, .ofs_y = -1},
    {.bitmap_index = 89453, .adv_w = 256, .box_w = 14, .box_h = 14, .ofs_x = 2, .ofs_y = -1},
    {.bitmap_index = 89502, .adv_w = 256, .box_w = 13, .box_h = 14, .ofs_x = 2, .ofs_y = -1},
    {.bitmap_index = 89549, .adv_w = 256, .box_w = 16, .box_h = 14, .ofs_x = 0, .ofs_y = -1},
    {.bitmap_index = 89644, .adv_w = 256, .box_w = 14, .box_h = 14, .ofs_x = 1, .ofs_y = -1},
    {.bitmap_index = 89686, .adv_w = 256, .box_w = 14, .box_h = 14, .ofs_x = 1, .ofs_y = -1},
    {.bitmap_index = 89749, .adv_w = 256, .box_w = 16, .box_h = 15, .ofs_x = 0, .ofs_y = -1},
    {.bitmap_index = 89817, .adv_w = 256, .box_w = 16, .box_h = 15, .ofs_x = 0, .ofs_y = -1},
    {.bitmap_index = 89899, .adv_w = 256, .box_w = 14, .box_h = 16, .ofs_x = 1, .ofs_y = -2},
    {.bitmap_index = 89973, .adv_w = 256, .box_w = 15, .box_h = 15, .ofs_x = 1, .ofs_y = -2},
    {.bitmap_index = 90057, .adv_w = 256, .box_w = 14, .box_h = 14, .ofs_x = 1, .ofs_y = -1},
    {.bitmap_index = 90133, .adv_w = 256, .box_w = 16, .box_h = 14, .ofs_x = 0, .ofs_y = -1},
    {.bitmap_index = 90220, .adv_w = 256, .box_w = 16, .box_h = 16, .ofs_x = 0, .ofs_y = -2},
    {.bitmap_index = 90319, .adv_w = 256, .box_w = 16, .box_h = 16, .ofs_x = 0, .ofs_y = -2},
    {.bitmap_index = 90425, .adv_w = 256, .box_w = 16, .box_h = 16, .ofs_x = 0, .ofs_y = -2},
    {.bitmap_index = 90535, .adv_w = 256, .box_w = 16, .box_h = 15, .ofs_x = 0, .ofs_y = -2},
    {.bitmap_index = 90611, .adv_w = 256, .box_w = 16, .box_h = 15, .ofs_x = 0, .ofs_y = -2},
    {.bitmap_index = 90696, .adv_w = 256, .box_w = 16, .box_h = 15, .ofs_x = 0, .ofs_y = -2},
    {.bitmap_index = 90801, .adv_w = 256, .box_w = 15, .box_h = 15, .ofs_x = 1, .ofs_y = -1},
    {.bitmap_index = 90891, .adv_w = 256, .box_w = 16, .box_h = 15, .ofs_x = 0, .ofs_y = -2},
    {.bitmap_index = 91004, .adv_w = 256, .box_w = 16, .box_h = 14, .ofs_x = 0, .ofs_y = -1},
    {.bitmap_index = 91086, .adv_w = 256, .box_w = 16, .box_h = 15, .ofs_x = 0, .ofs_y = -1},
    {.bitmap_index = 91178, .adv_w = 256, .box_w = 16, .box_h = 16, .ofs_x = 0, .ofs_y = -2},
    {.bitmap_index = 91285, .adv_w = 256, .box_w = 16, .box_h = 15, .ofs_x = 0, .ofs_y = -1},
    {.bitmap_index = 91391, .adv_w = 256, .box_w = 16, .box_h = 15, .ofs_x = 0, .ofs_y = -2},
    {.bitmap_index = 91509, .adv_w = 256, .box_w = 14, .box_h = 16, .ofs_x = 0, .ofs_y = -2},
    {.bitmap_index = 91574, .adv_w = 256, .box_w = 16, .box_h = 15, .ofs_x = 0, .ofs_y = -2},
    {.bitmap_index = 91674, .adv_w = 256, .box_w = 16, .box_h = 15, .ofs_x = 0, .ofs_y = -2},
    {.bitmap_index = 91780, .adv_w = 256, .box_w = 15, .box_h = 15, .ofs_x = 0, .ofs_y = -2},
    {.bitmap_index = 91858, .adv_w = 256, .box_w = 16, .box_h = 15, .ofs_x = 0, .ofs_y = -1},
    {.bitmap_index = 91960, .adv_w = 256, .box_w = 16, .box_h = 15, .ofs_x = 0, .ofs_y = -2},
    {.bitmap_index = 92056, .adv_w = 256, .box_w = 16, .box_h = 16, .ofs_x = 0, .ofs_y = -2},
    {.bitmap_index = 92166, .adv_w = 256, .box_w = 16, .box_h = 15, .ofs_x = 0, .ofs_y = -2},
    {.bitmap_index = 92266, .adv_w = 256, .box_w = 16, .box_h = 15, .ofs_x = 0, .ofs_y = -1},
    {.bitmap_index = 92367, .adv_w = 256, .box_w = 16, .box_h = 15, .ofs_x = 0, .ofs_y = -2},
    {.bitmap_index = 92473, .adv_w = 256, .box_w = 16, .box_h = 15, .ofs_x = 0, .ofs_y = -1},
    {.bitmap_index = 92563, .adv_w = 256, .box_w = 16, .box_h = 15, .ofs_x = 0, .ofs_y = -2},
    {.bitmap_index = 92665, .adv_w = 256, .box_w = 16, .box_h = 15, .ofs_x = 0, .ofs_y = -2},
    {.bitmap_index = 92773, .adv_w = 256, .box_w = 16, .box_h = 16, .ofs_x = 0, .ofs_y = -2},
    {.bitmap_index = 92885, .adv_w = 256, .box_w = 16, .box_h = 15, .ofs_x = 0, .ofs_y = -2},
    {.bitmap_index = 92995, .adv_w = 256, .box_w = 16, .box_h = 16, .ofs_x = 0, .ofs_y = -2},
    {.bitmap_index = 93108, .adv_w = 256, .box_w = 16, .box_h = 16, .ofs_x = 0, .ofs_y = -2},
    {.bitmap_index = 93225, .adv_w = 256, .box_w = 16, .box_h = 16, .ofs_x = 0, .ofs_y = -2},
    {.bitmap_index = 93320, .adv_w = 256, .box_w = 16, .box_h = 16, .ofs_x = 0, .ofs_y = -2},
    {.bitmap_index = 93437, .adv_w = 256, .box_w = 12, .box_h = 14, .ofs_x = 2, .ofs_y = -1},
    {.bitmap_index = 93472, .adv_w = 256, .box_w = 15, .box_h = 14, .ofs_x = 1, .ofs_y = -1},
    {.bitmap_index = 93550, .adv_w = 256, .box_w = 16, .box_h = 14, .ofs_x = 0, .ofs_y = -1},
    {.bitmap_index = 93629, .adv_w = 256, .box_w = 16, .box_h = 15, .ofs_x = 0, .ofs_y = -2},
    {.bitmap_index = 93732, .adv_w = 256, .box_w = 16, .box_h = 16, .ofs_x = 0, .ofs_y = -2},
    {.bitmap_index = 93838, .adv_w = 256, .box_w = 16, .box_h = 16, .ofs_x = 0, .ofs_y = -2},
    {.bitmap_index = 93938, .adv_w = 256, .box_w = 15, .box_h = 15, .ofs_x = 0, .ofs_y = -2},
    {.bitmap_index = 94027, .adv_w = 256, .box_w = 16, .box_h = 15, .ofs_x = 0, .ofs_y = -1},
    {.bitmap_index = 94102, .adv_w = 256, .box_w = 16, .box_h = 15, .ofs_x = 0, .ofs_y = -2},
    {.bitmap_index = 94187, .adv_w = 256, .box_w = 16, .box_h = 16, .ofs_x = 0, .ofs_y = -2},
    {.bitmap_index = 94300, .adv_w = 256, .box_w = 16, .box_h = 14, .ofs_x = 0, .ofs_y = -1},
    {.bitmap_index = 94407, .adv_w = 256, .box_w = 16, .box_h = 16, .ofs_x = 0, .ofs_y = -2},
    {.bitmap_index = 94515, .adv_w = 256, .box_w = 16, .box_h = 15, .ofs_x = 0, .ofs_y = -1},
    {.bitmap_index = 94624, .adv_w = 256, .box_w = 16, .box_h = 15, .ofs_x = 0, .ofs_y = -2},
    {.bitmap_index = 94715, .adv_w = 256, .box_w = 16, .box_h = 15, .ofs_x = 0, .ofs_y = -2},
    {.bitmap_index = 94802, .adv_w = 256, .box_w = 15, .box_h = 15, .ofs_x = 0, .ofs_y = -2},
    {.bitmap_index = 94904, .adv_w = 256, .box_w = 16, .box_h = 16, .ofs_x = 0, .ofs_y = -2},
    {.bitmap_index = 95019, .adv_w = 256, .box_w = 16, .box_h = 16, .ofs_x = 0, .ofs_y = -2},
    {.bitmap_index = 95141, .adv_w = 256, .box_w = 16, .box_h = 15, .ofs_x = 0, .ofs_y = -2},
    {.bitmap_index = 95249, .adv_w = 256, .box_w = 16, .box_h = 14, .ofs_x = 0, .ofs_y = -1},
    {.bitmap_index = 95346, .adv_w = 256, .box_w = 14, .box_h = 15, .ofs_x = 0, .ofs_y = -2},
    {.bitmap_index = 95425, .adv_w = 256, .box_w = 16, .box_h = 15, .ofs_x = 0, .ofs_y = -2},
    {.bitmap_index = 95515, .adv_w = 256, .box_w = 16, .box_h = 15, .ofs_x = 0, .ofs_y = -1},
    {.bitmap_index = 95609, .adv_w = 256, .box_w = 15, .box_h = 14, .ofs_x = 0, .ofs_y = -1},
    {.bitmap_index = 95689, .adv_w = 256, .box_w = 15, .box_h = 15, .ofs_x = 1, .ofs_y = -2},
    {.bitmap_index = 95790, .adv_w = 256, .box_w = 16, .box_h = 16, .ofs_x = 0, .ofs_y = -2},
    {.bitmap_index = 95897, .adv_w = 256, .box_w = 16, .box_h = 16, .ofs_x = 0, .ofs_y = -2},
    {.bitmap_index = 96022, .adv_w = 256, .box_w = 16, .box_h = 14, .ofs_x = 0, .ofs_y = -1},
    {.bitmap_index = 96096, .adv_w = 256, .box_w = 15, .box_h = 15, .ofs_x = 1, .ofs_y = -1},
    {.bitmap_index = 96186, .adv_w = 256, .box_w = 14, .box_h = 15, .ofs_x = 1, .ofs_y = -1},
    {.bitmap_index = 96273, .adv_w = 256, .box_w = 16, .box_h = 15, .ofs_x = 0, .ofs_y = -1},
    {.bitmap_index = 96365, .adv_w = 256, .box_w = 15, .box_h = 15, .ofs_x = 1, .ofs_y = -1},
    {.bitmap_index = 96466, .adv_w = 256, .box_w = 15, .box_h = 15, .ofs_x = 1, .ofs_y = -1},
    {.bitmap_index = 96566, .adv_w = 256, .box_w = 16, .box_h = 15, .ofs_x = 0, .ofs_y = -1},
    {.bitmap_index = 96652, .adv_w = 256, .box_w = 16, .box_h = 17, .ofs_x = 0, .ofs_y = -2},
    {.bitmap_index = 96775, .adv_w = 256, .box_w = 16, .box_h = 16, .ofs_x = 0, .ofs_y = -2},
    {.bitmap_index = 96892, .adv_w = 256, .box_w = 16, .box_h = 14, .ofs_x = 0, .ofs_y = -1},
    {.bitmap_index = 97000, .adv_w = 256, .box_w = 16, .box_h = 15, .ofs_x = 0, .ofs_y = -1},
    {.bitmap_index = 97107, .adv_w = 256, .box_w = 16, .box_h = 16, .ofs_x = 0, .ofs_y = -2},
    {.bitmap_index = 97228, .adv_w = 256, .box_w = 16, .box_h = 16, .ofs_x = 0, .ofs_y = -2},
    {.bitmap_index = 97341, .adv_w = 256, .box_w = 14, .box_h = 14, .ofs_x = 1, .ofs_y = -1},
    {.bitmap_index = 97421, .adv_w = 256, .box_w = 16, .box_h = 14, .ofs_x = 0, .ofs_y = -1},
    {.bitmap_index = 97510, .adv_w = 256, .box_w = 16, .box_h = 16, .ofs_x = 0, .ofs_y = -2},
    {.bitmap_index = 97628, .adv_w = 256, .box_w = 16, .box_h = 16, .ofs_x = 0, .ofs_y = -2},
    {.bitmap_index = 97741, .adv_w = 256, .box_w = 12, .box_h = 15, .ofs_x = 2, .ofs_y = -1},
    {.bitmap_index = 97797, .adv_w = 256, .box_w = 16, .box_h = 15, .ofs_x = 0, .ofs_y = -1},
    {.bitmap_index = 97885, .adv_w = 256, .box_w = 16, .box_h = 14, .ofs_x = 0, .ofs_y = -1},
    {.bitmap_index = 97957, .adv_w = 256, .box_w = 16, .box_h = 15, .ofs_x = 0, .ofs_y = -2},
    {.bitmap_index = 98057, .adv_w = 256, .box_w = 16, .box_h = 15, .ofs_x = 0, .ofs_y = -2},
    {.bitmap_index = 98164, .adv_w = 256, .box_w = 16, .box_h = 16, .ofs_x = 0, .ofs_y = -2},
    {.bitmap_index = 98271, .adv_w = 256, .box_w = 16, .box_h = 15, .ofs_x = 0, .ofs_y = -1},
    {.bitmap_index = 98339, .adv_w = 256, .box_w = 16, .box_h = 15, .ofs_x = 0, .ofs_y = -1},
    {.bitmap_index = 98432, .adv_w = 256, .box_w = 16, .box_h = 15, .ofs_x = 0, .ofs_y = -1},
    {.bitmap_index = 98511, .adv_w = 256, .box_w = 16, .box_h = 16, .ofs_x = 0, .ofs_y = -2},
    {.bitmap_index = 98616, .adv_w = 256, .box_w = 16, .box_h = 16, .ofs_x = 0, .ofs_y = -2},
    {.bitmap_index = 98722, .adv_w = 256, .box_w = 16, .box_h = 15, .ofs_x = 0, .ofs_y = -1},
    {.bitmap_index = 98812, .adv_w = 256, .box_w = 16, .box_h = 15, .ofs_x = 0, .ofs_y = -2},
    {.bitmap_index = 98918, .adv_w = 256, .box_w = 15, .box_h = 16, .ofs_x = 0, .ofs_y = -2},
    {.bitmap_index = 99017, .adv_w = 256, .box_w = 16, .box_h = 16, .ofs_x = 0, .ofs_y = -2},
    {.bitmap_index = 99131, .adv_w = 256, .box_w = 16, .box_h = 16, .ofs_x = 0, .ofs_y = -2},
    {.bitmap_index = 99241, .adv_w = 256, .box_w = 16, .box_h = 15, .ofs_x = 0, .ofs_y = -2},
    {.bitmap_index = 99347, .adv_w = 256, .box_w = 16, .box_h = 16, .ofs_x = 0, .ofs_y = -2},
    {.bitmap_index = 99456, .adv_w = 256, .box_w = 16, .box_h = 16, .ofs_x = 0, .ofs_y = -2},
    {.bitmap_index = 99560, .adv_w = 256, .box_w = 16, .box_h = 16, .ofs_x = 0, .ofs_y = -2},
    {.bitmap_index = 99678, .adv_w = 256, .box_w = 16, .box_h = 14, .ofs_x = 0, .ofs_y = -1},
    {.bitmap_index = 99766, .adv_w = 256, .box_w = 16, .box_h = 15, .ofs_x = 0, .ofs_y = -1},
    {.bitmap_index = 99861, .adv_w = 256, .box_w = 16, .box_h = 14, .ofs_x = 0, .ofs_y = -1},
    {.bitmap_index = 99941, .adv_w = 256, .box_w = 16, .box_h = 14, .ofs_x = 0, .ofs_y = -1},
    {.bitmap_index = 100040, .adv_w = 256, .box_w = 16, .box_h = 16, .ofs_x = 0, .ofs_y = -2},
    {.bitmap_index = 100157, .adv_w = 256, .box_w = 16, .box_h = 16, .ofs_x = 0, .ofs_y = -2},
    {.bitmap_index = 100277, .adv_w = 256, .box_w = 14, .box_h = 15, .ofs_x = 1, .ofs_y = -1},
    {.bitmap_index = 100312, .adv_w = 256, .box_w = 14, .box_h = 15, .ofs_x = 1, .ofs_y = -1},
    {.bitmap_index = 100378, .adv_w = 256, .box_w = 15, .box_h = 16, .ofs_x = 1, .ofs_y = -2},
    {.bitmap_index = 100481, .adv_w = 256, .box_w = 16, .box_h = 14, .ofs_x = 0, .ofs_y = -1},
    {.bitmap_index = 100562, .adv_w = 256, .box_w = 16, .box_h = 15, .ofs_x = 0, .ofs_y = -1},
    {.bitmap_index = 100639, .adv_w = 256, .box_w = 16, .box_h = 15, .ofs_x = 0, .ofs_y = -2},
    {.bitmap_index = 100748, .adv_w = 256, .box_w = 16, .box_h = 15, .ofs_x = 0, .ofs_y = -2},
    {.bitmap_index = 100843, .adv_w = 256, .box_w = 3, .box_h = 13, .ofs_x = 2, .ofs_y = -1},
    {.bitmap_index = 100862, .adv_w = 256, .box_w = 5, .box_h = 16, .ofs_x = 11, .ofs_y = -2},
    {.bitmap_index = 100899, .adv_w = 256, .box_w = 5, .box_h = 16, .ofs_x = 0, .ofs_y = -2},
    {.bitmap_index = 100937, .adv_w = 256, .box_w = 4, .box_h = 12, .ofs_x = 2, .ofs_y = -1},
    {.bitmap_index = 100957, .adv_w = 256, .box_w = 4, .box_h = 14, .ofs_x = 2, .ofs_y = -3},
    {.bitmap_index = 100981, .adv_w = 256, .box_w = 8, .box_h = 14, .ofs_x = 0, .ofs_y = -1},
    {.bitmap_index = 101025, .adv_w = 256, .box_w = 5, .box_h = 14, .ofs_x = 11, .ofs_y = -1},
    {.bitmap_index = 101036, .adv_w = 256, .box_w = 5, .box_h = 14, .ofs_x = 0, .ofs_y = -1}
};

/*---------------------
 *  CHARACTER MAPPING
 *--------------------*/

static const uint16_t unicode_list_0[] = {
    0x0, 0x2, 0x3, 0x4, 0x5, 0x6, 0x7, 0x8,
    0x9, 0xa, 0xb, 0xc, 0xd, 0x17, 0x19, 0x1c,
    0x21, 0x23, 0x26, 0x27, 0x2a, 0x3c, 0x1feb, 0x1fec,
    0x1fef, 0x1ff0, 0x2fd4, 0x2fd5, 0x2fdd, 0x2fde, 0x30ce, 0x4dd3,
    0x4dd4, 0x4dd6, 0x4dda, 0x4ddb, 0x4ddc, 0x4ddd, 0x4dde, 0x4de0,
    0x4de1, 0x4de4, 0x4de6, 0x4de7, 0x4de9, 0x4deb, 0x4dec, 0x4ded,
    0x4dee, 0x4def, 0x4df0, 0x4df5, 0x4df7, 0x4df8, 0x4dfa, 0x4dfd,
    0x4dfe, 0x4e00, 0x4e03, 0x4e05, 0x4e07, 0x4e0b, 0x4e0c, 0x4e0d,
    0x4e0e, 0x4e10, 0x4e11, 0x4e16, 0x4e18, 0x4e1b, 0x4e1c, 0x4e1e,
    0x4e1f, 0x4e20, 0x4e21, 0x4e22, 0x4e23, 0x4e25, 0x4e26, 0x4e27,
    0x4e29, 0x4e2b, 0x4e2c, 0x4e30, 0x4e31, 0x4e32, 0x4e33, 0x4e34,
    0x4e39, 0x4e43, 0x4e44, 0x4e46, 0x4e51, 0x4e59, 0x4e5b, 0x4e5c,
    0x4e5e, 0x4e5f, 0x4e61, 0x4e62, 0x4e64, 0x4e65, 0x4e67, 0x4e68,
    0x4e6d, 0x4e6e, 0x4e74, 0x4e75, 0x4e77, 0x4e78, 0x4e79, 0x4e7a,
    0x4e7b, 0x4e7c, 0x4e7e, 0x4e7f, 0x4e80, 0x4e81, 0x4e85, 0x4e8d,
    0x4e92, 0x4e93, 0x4e94, 0x4e98, 0x4e99, 0x4e9a, 0x4e9d, 0x4e9e,
    0x4ea0, 0x4ea1, 0x4ea4, 0x4ea6, 0x4ea7, 0x4ea8, 0x4ea9, 0x4eaa,
    0x4eab, 0x4eac, 0x4eb2, 0x4eb6, 0x4eb7, 0x4eb8, 0x4ebd, 0x4ebf,
    0x4ec3, 0x4ec5, 0x4ec9, 0x4eca, 0x4ece, 0x4ed0, 0x4ed2, 0x4ed4,
    0x4edd, 0x4ee0, 0x4ee1, 0x4ee2, 0x4ee3, 0x4ee4, 0x4eea, 0x4eeb,
    0x4eec, 0x4eed, 0x4ef1, 0x4ef2, 0x4ef3, 0x4ef7, 0x4ef9, 0x4efd,
    0x4f02, 0x4f03, 0x4f07, 0x4f09, 0x4f0b, 0x4f0d, 0x4f0f, 0x4f16,
    0x4f19, 0x4f20, 0x4f21, 0x4f22, 0x4f23, 0x4f24, 0x4f26, 0x4f28,
    0x4f2c, 0x4f2e, 0x4f2f, 0x4f33, 0x4f36, 0x4f3c, 0x4f3f, 0x4f42,
    0x4f43, 0x4f46, 0x4f52, 0x4f57, 0x4f5b, 0x4f5e, 0x4f60, 0x4f6a,
    0x4f6e, 0x4f70, 0x4f73, 0x4f76, 0x4f78, 0x4f79, 0x4f7a, 0x4f7b,
    0x4f7c, 0x4f81, 0x4f82, 0x4f88, 0x4f92, 0x4f96, 0x4f97, 0x4f9d,
    0x4fa2, 0x4fa3, 0x4faa, 0x4fab, 0x4fb0, 0x4fb1, 0x4fb4, 0x4fbc,
    0x4fc0, 0x4fc1, 0x4fc2, 0x4fc4, 0x4fcd, 0x4fe0, 0x4fe5, 0x4fe7,
    0x4feb, 0x4fec, 0x4fed, 0x4ff2, 0x4ff4, 0x4ff9, 0x4ffd, 0x500d,
    0x500f, 0x5011, 0x501a, 0x5022, 0x502d, 0x502f, 0x5038, 0x5049,
    0x504a, 0x5052, 0x5053, 0x5058, 0x505b, 0x5060, 0x5076, 0x507b,
    0x507f, 0x5085, 0x508e, 0x50a2, 0x50ad, 0x50ba, 0x50c6, 0x50c8,
    0x50ce, 0x50e5, 0x50f4, 0x5112, 0x5114, 0x5116, 0x5117, 0x5118,
    0x5119, 0x511b, 0x511c, 0x511e, 0x5120, 0x5124, 0x5127, 0x512d,
    0x512f, 0x5135, 0x5138, 0x513b, 0x513e, 0x513f, 0x5140, 0x5143,
    0x5144, 0x5146, 0x5147, 0x5148, 0x5149, 0x514a, 0x514b, 0x514c,
    0x514e, 0x514f, 0x5150, 0x5153, 0x5158, 0x515b, 0x515c, 0x515f,
    0x5160, 0x5165, 0x5168, 0x516a, 0x516c, 0x516e, 0x516f, 0x5173,
    0x5177, 0x517f, 0x5182, 0x5183, 0x5185, 0x5186, 0x5188, 0x5189,
    0x518a, 0x518e, 0x5193, 0x5197, 0x5199, 0x519c, 0x519e, 0x519f,
    0x51a2, 0x51a4, 0x51ae, 0x51b0, 0x51b3, 0x51b4, 0x51b7, 0x51c0,
    0x51c2, 0x51c3, 0x51c6, 0x51c9, 0x51cb, 0x51cc, 0x51cd, 0x51ce,
    0x51d0, 0x51d2, 0x51d3, 0x51d4, 0x51d6, 0x51d9, 0x51da, 0x51dd,
    0x51e4, 0x51e5, 0x51ea, 0x51eb, 0x51ec, 0x51ed, 0x51ee, 0x51f0,
    0x51f3, 0x51f7, 0x51fb, 0x51fc, 0x51fe, 0x5201, 0x5203, 0x5209,
    0x520a, 0x520b, 0x520c, 0x520d, 0x520e, 0x5210, 0x5214, 0x5215,
    0x5216, 0x521d, 0x5220, 0x5223, 0x5224, 0x5227, 0x5229, 0x5238,
    0x523a, 0x523c, 0x523d, 0x5242, 0x5245, 0x5252, 0x525b, 0x526e,
    0x5270, 0x5271, 0x5272, 0x5273, 0x5274, 0x5276, 0x527b, 0x527c,
    0x527d, 0x527e, 0x5284, 0x5285, 0x5286, 0x5292, 0x5296, 0x529a,
    0x529c, 0x529e, 0x52a5, 0x52ab, 0x52b2, 0x52b7, 0x52cd, 0x52d1,
    0x52d2, 0x52d3, 0x52d8, 0x52d9, 0x52db, 0x52e9, 0x52ea, 0x52ec,
    0x52f0, 0x52f3, 0x52f4, 0x52f6, 0x52fd, 0x530c, 0x530d, 0x530e,
    0x5312, 0x5314, 0x5316, 0x531a, 0x531b, 0x531c, 0x531d, 0x5321,
    0x5322, 0x5324, 0x5325, 0x5326, 0x5328, 0x5329, 0x532a, 0x532d,
    0x532f, 0x5331, 0x5333, 0x5334, 0x5335, 0x5337, 0x533a, 0x533e,
    0x5342, 0x5343, 0x5344, 0x5346, 0x5347, 0x5348, 0x534a, 0x534b,
    0x5352, 0x5355, 0x5357, 0x5358, 0x5359, 0x535c, 0x535e, 0x535f,
    0x5368, 0x536b, 0x536d, 0x5372, 0x5375, 0x5379, 0x537b, 0x537c,
    0x538e, 0x5392, 0x5394, 0x5395, 0x539b, 0x539c, 0x539d, 0x539e,
    0x539f, 0x53a0, 0x53a4, 0x53a7, 0x53a9, 0x53aa, 0x53ab, 0x53ac,
    0x53ae, 0x53b3, 0x53b6, 0x53b7, 0x53b8, 0x53b9, 0x53bd, 0x53be,
    0x53bf, 0x53c0, 0x53c1, 0x53c2, 0x53c3, 0x53c5, 0x53c6, 0x53c9,
    0x53ca, 0x53cb, 0x53cc, 0x53cf, 0x53d4, 0x53d6, 0x53d7, 0x53db,
    0x53dc, 0x53dd, 0x53df, 0x53e0, 0x53e1, 0x53e2, 0x53e3, 0x53e4,
    0x53e6, 0x53e8, 0x53ea, 0x53ee, 0x53f0, 0x53f1, 0x53f2, 0x53f3,
    0x53f9, 0x53fa, 0x53fb, 0x53fc, 0x53fe, 0x53ff, 0x5400, 0x5401,
    0x5402, 0x5404, 0x5407, 0x5408, 0x540b, 0x540c, 0x540e, 0x540f,
    0x5411, 0x5413, 0x5419, 0x541b, 0x541d, 0x5423, 0x5428, 0x542b,
    0x542e, 0x542f, 0x5435, 0x543b, 0x5446, 0x5448, 0x544b, 0x544e,
    0x544f, 0x5450, 0x5453, 0x5459, 0x545e, 0x545f, 0x5461, 0x5462,
    0x5463, 0x5465, 0x5468, 0x5469, 0x546c, 0x547b, 0x547f, 0x5482,
    0x5484, 0x5486, 0x548b, 0x5490, 0x5493, 0x5494, 0x5497, 0x5499,
    0x549a, 0x549b, 0x549c, 0x54a0, 0x54a1, 0x54a4, 0x54aa, 0x54b2,
    0x54b8, 0x54b9, 0x54bb, 0x54bc, 0x54bd, 0x54c0, 0x54c1, 0x54c5,
    0x54cd, 0x54cf, 0x54d4, 0x54d9, 0x54da, 0x54dc, 0x54e3, 0x54f7,
    0x54ff, 0x5501, 0x5502, 0x5504, 0x5511, 0x5516, 0x5517, 0x5519,
    0x551d, 0x5534, 0x5537, 0x5538, 0x5539, 0x553d, 0x5541, 0x554b,
    0x554f, 0x5553, 0x5555, 0x5557, 0x555a, 0x555c, 0x555d, 0x556b,
    0x556f, 0x5570, 0x557a, 0x5586, 0x558a, 0x558e, 0x5598, 0x55a6,
    0x55af, 0x55b4, 0x55b6, 0x55d0, 0x55dc, 0x55e1, 0x55eb, 0x55ee,
    0x5604, 0x5605, 0x5607, 0x5609, 0x560e, 0x5612, 0x5621, 0x563b,
    0x563d, 0x563f, 0x5649, 0x5661, 0x5662, 0x5676, 0x568a, 0x568f,
    0x569d, 0x56ad, 0x56ae, 0x56b1, 0x56b3, 0x56b5, 0x56b7, 0x56c0,
    0x56c3, 0x56c4, 0x56c7, 0x56cd, 0x56d0, 0x56d1, 0x56d6, 0x56d9,
    0x56db, 0x56f2, 0x56f6, 0x56fb, 0x5700, 0x5703, 0x570d, 0x5711,
    0x5713, 0x571a, 0x571d, 0x5720, 0x5721, 0x5722, 0x5723, 0x5724,
    0x572a, 0x572d, 0x572e, 0x5730, 0x5731, 0x5732, 0x5733, 0x5734,
    0x5737, 0x5739, 0x573d, 0x5742, 0x574a, 0x5755, 0x5756, 0x5757,
    0x575e, 0x5765, 0x576e, 0x5775, 0x5776, 0x5779, 0x577e, 0x5781,
    0x5795, 0x5796, 0x579e, 0x57a1, 0x57a7, 0x57b2, 0x57b3, 0x57cc,
    0x57cd, 0x57d5, 0x57d9, 0x57e4, 0x57e8, 0x57f4, 0x57f7, 0x57fd,
    0x5803, 0x5808, 0x581f, 0x5824, 0x5827, 0x582b, 0x5831, 0x583e,
    0x5856, 0x5858, 0x5865, 0x5866, 0x586c, 0x5871, 0x5872, 0x587b,
    0x587c, 0x5894, 0x58a8, 0x58b7, 0x58be, 0x58bf, 0x58c1, 0x58c3,
    0x58c6, 0x58c9, 0x58cc, 0x58d7, 0x58da, 0x58e0, 0x58e2, 0x58e8,
    0x58e9, 0x58ed, 0x58ef, 0x58f2, 0x58fa, 0x58fc, 0x58fd, 0x58fe,
    0x5901, 0x5902, 0x5904, 0x5907, 0x590a, 0x590b, 0x590c, 0x590d,
    0x5917, 0x591a, 0x591b, 0x591c, 0x591e, 0x5921, 0x5922, 0x5924,
    0x5927, 0x5929, 0x592a, 0x5933, 0x5935, 0x5938, 0x5946, 0x5947,
    0x5949, 0x594b, 0x594c, 0x5950, 0x5955, 0x5957, 0x5959, 0x595a,
    0x595b, 0x595d, 0x5965, 0x5966, 0x5969, 0x596c, 0x5978, 0x597b,
    0x5981, 0x598c, 0x598e, 0x5999, 0x599e, 0x59a3, 0x59a4, 0x59a6,
    0x59a7, 0x59ad, 0x59af, 0x59b8, 0x59bb, 0x59bf, 0x59ce, 0x59d2,
    0x59d4, 0x59d6, 0x59d7, 0x59da, 0x59eb, 0x59ef, 0x59f2, 0x59f3,
    0x59f8, 0x59fc, 0x5a04, 0x5a09, 0x5a19, 0x5a1c, 0x5a2d, 0x5a3d,
    0x5a47, 0x5a49, 0x5a52, 0x5a65, 0x5a6d, 0x5a86, 0x5a94, 0x5a95,
    0x5a9c, 0x5a9f, 0x5ab4, 0x5abc, 0x5b23, 0x5b27, 0x5b28, 0x5b2a,
    0x5b2b, 0x5b2c, 0x5b2f, 0x5b30, 0x5b32, 0x5b36, 0x5b37, 0x5b39,
    0x5b3c, 0x5b3d, 0x5b43, 0x5b48, 0x5b4d, 0x5b50, 0x5b54, 0x5b56,
    0x5b58, 0x5b5a, 0x5b5b, 0x5b5c, 0x5b5e, 0x5b5f, 0x5b62, 0x5b6a,
    0x5b6b, 0x5b6c, 0x5b6d, 0x5b6e, 0x5b6f, 0x5b70, 0x5b71, 0x5b73,
    0x5b74, 0x5b75, 0x5b76, 0x5b77, 0x5b79, 0x5b7d, 0x5b7e, 0x5b83,
    0x5b86, 0x5b87, 0x5b88, 0x5b89, 0x5b8c, 0x5b90, 0x5b91, 0x5b92,
    0x5b95, 0x5b97, 0x5b98, 0x5b99, 0x5b9a, 0x5b9f, 0x5ba3, 0x5ba5,
    0x5ba6, 0x5bb0, 0x5bb1, 0x5bb2, 0x5bb4, 0x5bb8, 0x5bbb, 0x5bcb,
    0x5bcc, 0x5bcd, 0x5bce, 0x5bcf, 0x5bd2, 0x5bd4, 0x5bd7, 0x5bd9,
    0x5bdc, 0x5bdd, 0x5be2, 0x5be4, 0x5be7, 0x5be9, 0x5beb, 0x5bed,
    0x5bf0, 0x5bf7, 0x5bfa, 0x5c04, 0x5c0b, 0x5c0c, 0x5c0d, 0x5c0f,
    0x5c10, 0x5c11, 0x5c12, 0x5c13, 0x5c14, 0x5c15, 0x5c18, 0x5c1b,
    0x5c1c, 0x5c1d, 0x5c1e, 0x5c21, 0x5c22, 0x5c24, 0x5c28, 0x5c31,
    0x5c33, 0x5c34, 0x5c38, 0x5c42, 0x5c44, 0x5c4c, 0x5c52, 0x5c54,
    0x5c55, 0x5c67, 0x5c6a, 0x5c6e, 0x5c7c, 0x5c80, 0x5c86, 0x5c8b,
    0x5c92, 0x5cac, 0x5cb4, 0x5cb9, 0x5cbb, 0x5cbd, 0x5cc0, 0x5cc3,
    0x5cce, 0x5cda, 0x5ce1, 0x5ce7, 0x5ce9, 0x5cfc, 0x5d00, 0x5d1f,
    0x5da0, 0x5db0, 0x5db1, 0x5db4, 0x5db5, 0x5db8, 0x5db9, 0x5dba,
    0x5dbb, 0x5dbc, 0x5dbe, 0x5dc1, 0x5dc4, 0x5dc5, 0x5dc6, 0x5dc7,
    0x5dca, 0x5dd1, 0x5dd4, 0x5dd5, 0x5dd6, 0x5dd8, 0x5dd9, 0x5e0b,
    0x5e28, 0x5e66, 0x5e79, 0x5ec9, 0x5ed3, 0x5ed5, 0x5f0d, 0x5f28,
    0x5f81, 0x5faa, 0x5ff8, 0x6035, 0x60f2, 0x61fd, 0x620a, 0x6266,
    0x6278, 0x62a0, 0x62bc, 0x62da, 0x62dc, 0x6302, 0x635b, 0x6378,
    0x637a, 0x63a3, 0x644b, 0x6477, 0x64a0, 0x6511, 0x6522, 0x655a,
    0x659e, 0x65b8, 0x65c9, 0x66ff, 0x6716, 0x67f4, 0x680f, 0x6b38,
    0x6be7, 0x6c07, 0x6cb5, 0x6d18, 0x6d4b, 0x6dc4, 0x7048, 0x708c,
    0x70b2, 0x70c0, 0x7196, 0x721b, 0x73d9, 0x74fb, 0x751f, 0x76ab,
    0x76cb, 0x76f3, 0x77d4, 0x7894, 0x790d, 0x798e, 0x7a6a, 0x7b74,
    0x7cce, 0x7cfa, 0x7e75, 0x7e7a, 0x7e8c, 0x7e92, 0x7eaf, 0x7eb2,
    0x7efc, 0x7f24, 0x7f41, 0x8027, 0x810b, 0x81bd, 0x8245, 0x8255,
    0x82c4, 0x8510, 0x89b9, 0x89d3, 0x8b39, 0x8b83, 0x8b91, 0x8b92,
    0x8bc0, 0x8bce, 0x8bd6, 0x8f3f, 0x8fb1, 0x8fdc, 0x8fed, 0x9026,
    0x9038, 0x9120, 0x91a0, 0x91a2, 0x9247, 0x9481, 0x9501, 0x95bb,
    0x95c7, 0x9605, 0x9735, 0x97c6, 0x986b, 0x98a1, 0xfed4, 0xfedb,
    0xfedc, 0xfeed, 0xfeee, 0xfef2, 0xff0e, 0xff10
};

/*Collect the unicode lists and glyph_id offsets*/
static const lv_font_fmt_txt_cmap_t cmaps[] =
{
    {
        .range_start = 45, .range_length = 65297, .glyph_id_start = 1,
        .unicode_list = unicode_list_0, .glyph_id_ofs_list = NULL, .list_length = 1150, .type = LV_FONT_FMT_TXT_CMAP_SPARSE_TINY
    }
};

/*-----------------
 *    KERNING
 *----------------*/


/*Pair left and right glyphs for kerning*/
static const uint16_t kern_pair_glyph_ids[] =
{
    1, 19,
    1, 20,
    1, 21,
    2, 22,
    14, 2,
    14, 20,
    14, 21,
    15, 2,
    15, 19,
    15, 21,
    18, 1,
    18, 2,
    18, 19,
    18, 20,
    19, 1,
    19, 19,
    19, 20,
    20, 1,
    20, 2,
    20, 13,
    20, 19,
    21, 1,
    21, 2,
    21, 19
};

/* Kerning between the respective left and right glyphs
 * 4.4 format which needs to scaled with `kern_scale`*/
static const int8_t kern_pair_values[] =
{
    -5, -14, -3, 7, -5, -7, -2, -20,
    -6, 1, -9, -22, -3, -7, 4, -4,
    -6, -21, -26, -6, -11, -3, -8, -2
};

/*Collect the kern pair's data in one place*/
static const lv_font_fmt_txt_kern_pair_t kern_pairs =
{
    .glyph_ids = kern_pair_glyph_ids,
    .values = kern_pair_values,
    .pair_cnt = 24,
    .glyph_ids_size = 1
};

/*--------------------
 *  ALL CUSTOM DATA
 *--------------------*/

#if LVGL_VERSION_MAJOR == 8
/*Store all the custom data of the font*/
static  lv_font_fmt_txt_glyph_cache_t cache;
#endif

#if LVGL_VERSION_MAJOR >= 8
static const lv_font_fmt_txt_dsc_t font_dsc = {
#else
static lv_font_fmt_txt_dsc_t font_dsc = {
#endif
    .glyph_bitmap = glyph_bitmap,
    .glyph_dsc = glyph_dsc,
    .cmaps = cmaps,
    .kern_dsc = &kern_pairs,
    .kern_scale = 16,
    .cmap_num = 1,
    .bpp = 4,
    .kern_classes = 0,
    .bitmap_format = 1,
#if LVGL_VERSION_MAJOR == 8
    .cache = &cache
#endif
};



/*-----------------
 *  PUBLIC FONT
 *----------------*/

/*Initialize a public general font descriptor*/
#if LVGL_VERSION_MAJOR >= 8
const lv_font_t lv_font_SHSC_16 = {
#else
lv_font_t lv_font_SHSC_16 = {
#endif
    .get_glyph_dsc = lv_font_get_glyph_dsc_fmt_txt,    /*Function pointer to get glyph's data*/
    .get_glyph_bitmap = lv_font_get_bitmap_fmt_txt,    /*Function pointer to get glyph's bitmap*/
    .line_height = 19,          /*The maximum line height required by the font*/
    .base_line = 4,             /*Baseline measured from the bottom of the line*/
#if !(LVGL_VERSION_MAJOR == 6 && LVGL_VERSION_MINOR == 0)
    .subpx = LV_FONT_SUBPX_NONE,
#endif
#if LV_VERSION_CHECK(7, 4, 0) || LVGL_VERSION_MAJOR >= 8
    .underline_position = -2,
    .underline_thickness = 1,
#endif
    .dsc = &font_dsc,          /*The custom font data. Will be accessed by `get_glyph_bitmap/dsc` */
#if LV_VERSION_CHECK(8, 2, 0) || LVGL_VERSION_MAJOR >= 9
    .fallback = NULL,
#endif
    .user_data = NULL,
};



#endif /*#if LV_FONT_SHSC_16*/

